split	source	reference	greedy	beam
uqa_valid	نارمن (Norman: Nourmands؛ French: Normands؛ Latin: Normanni) وہ لوگ تھے جنہوں نے 10 ویں اور 11 ویں صدیوں میں <ans> فرانس </ans> کے ایک خطے نارمنڈی کو اپنا نام دیا۔	نارمنڈی کس ملک میں واقع ہے؟	نارمن نے 10 ویں اور 11 ویں 11 ویں 11 ویں 11 ویں 11 ویں 11 ویں 11 ویں 11 ویں 11 ویں 11 ویں 11 ویں 11 ویں 11 ویں 11 ویں 11 ویں 11 ویں 11 ویں اور	10 ویں 11 ویں 11 ویں 11 ویں 11 ویں 11 ویں 11 ویں 11 ویں 11 ویں 11 ویں 11 ویں اور 11 ویں 11 ویں 11 ویں 11 ویں 11 ویں صدی میں کس ملک کے خطے کو
uqa_valid	نارمنز (Norman: Nourmands؛ French: Normands؛ Latin: Normanni) وہ لوگ تھے جنہوں نے <ans> دسویں اور گیارہویں صدیوں </ans> میں فرانس کے ایک خطے نارمنڈی کو اپنا نام دیا۔	نارمنز نارمنڈی میں کب تھے؟	فرانسز کے فرانسیسی علاقوں کو کب نام دیا گیا تھا؟	نارمنز نے فرانس کے علاقے کو اپنا نام کب دیا؟
uqa_valid	نارمن (Norman: Nourmands؛ French: Normands؛ Latin: Normanni) وہ لوگ تھے جنہوں نے <ans> دسویں اور گیارہویں صدیوں میں </ans> فرانس کے ایک خطے نارمنڈی کو اپنا نام دیا۔	نارمنز نارمنڈی میں کب تھے؟	فرانس کے فرانسیسی یہودی علاقوں کو کب نام دیا گیا تھا؟	فرانس نے فرانس کے علاقے کو اپنا نام کب تبدیل کیا؟
uqa_valid	وہ <ans> ڈنمارک ، آئس لینڈ اور ناروے </ans> کے نارمن (نورمن نارمن سے آتا ہے) حملہ آوروں اور قزاقوں سے descended تھے ، جنہوں نے اپنے رہنما رولو کے تحت ، مغربی فرانس کے بادشاہ چارلس III کے ساتھ وفاداری کی قسم کھانے پر اتفاق کیا۔	نورس کس ملک سے پیدا ہوئے تھے؟	کون سے تین ممالک نے مغربی ممالک کے بادشاہ کے ساتھ اپنے کھانے کے ساتھ کھانے کی کوشش کی؟	کون سے تین ممالک نے مغربی ممالک کے بادشاہ لوئس کے ساتھ اپنے کھانے کے کھانے کی مخالفت کی؟
uqa_valid	وہ ڈنمارک ، آئس لینڈ اور ناروے کے نارمن (نورمن نارمن سے آتا ہے) حملہ آوروں اور قزاقوں سے descended تھے ، جنہوں نے اپنے رہنما <ans> رولو </ans> کے تحت ، مغربی فرانس کے بادشاہ چارلس III کے ساتھ وفاداری کی قسم کھانے پر اتفاق کیا۔	نورس لیڈر کون تھا؟	کون سا رہنما بادشاہ کے بادشاہ چارلس اسپین کے ساتھ وفاداری کھانے پر اتفاق کرتا تھا؟	کون سا رہنما بادشاہ کے بادشاہ چارلس پر مشتمل تھا؟
uqa_valid	نارمن کی الگ ثقافتی اور نسلی شناخت ابتدائی طور پر <ans> دسویں صدی </ans> کے پہلے نصف میں سامنے آئی ، اور اس نے بعد کی صدیوں میں ترقی جاری رکھی۔	کس صدی میں نارمنز نے پہلی بار اپنی علیحدہ شناخت حاصل کی؟	نارمن کی ثقافتی ثقافتی شناخت کب سامنے آئی؟	نارمن کی تقسیم ثقافتی طور پر کس صدی میں سامنے آئی؟
uqa_valid	نارمن کی الگ ثقافتی اور نسلی شناخت ابتدائی طور پر <ans> دسویں صدی کے پہلے نصف </ans> میں سامنے آئی ، اور اس نے آنے والی صدیوں میں تیار ہونا جاری رکھا۔	کس صدی میں نارمنز نے پہلی بار اپنی علیحدہ شناخت حاصل کی؟	نارمن کی ثقافتی ثقافتی شناخت کب نمودار ہوئی؟	نارمن کی ثقافت ثقافتی طور پر کب نمودار ہوئی؟
uqa_valid	نارمن کی الگ ثقافتی اور نسلی شناخت ابتدائی طور پر <ans> دسویں </ans> صدی کے پہلے نصف میں سامنے آئی ، اور اس نے آنے والی صدیوں میں تیار ہونا جاری رکھا۔	کس صدی میں نارمنز نے پہلی بار اپنی علیحدہ شناخت حاصل کی؟	نارمن کی ابتدائی ثقافتی شناخت کس صدی میں سامنے آئی؟	نارمن کی ابتدائی ثقافتی شناخت کس صدی میں سامنے آئی؟
uqa_valid	نارمن مہم جوئیوں نے جنوبی اٹلی کو سارسین اور بازنطینیوں پر فتح کرنے کے بعد روجر دوم کے تحت سسلی کی بادشاہی کی بنیاد رکھی ، اور ان کے ڈیوک ، <ans> ولیم فاتح </ans> کی طرف سے ایک مہم نے 1066 میں ہیسٹنگز کی لڑائی میں انگلینڈ کی نارمن فتح کی قیادت کی۔	ہیسٹنگس کی لڑائی میں ڈیوک کون تھا؟	کون سا گروپنگ نے ہیسٹنگز کی لڑائی لڑی؟	سٹنگز کی لڑائی کس نے کی؟
uqa_valid	ڈچی آف نارمنڈی ، جسے انہوں نے فرانسیسی تاج کے ساتھ معاہدے کے ذریعہ تشکیل دیا ، قرون وسطی کے فرانس کا ایک عظیم فیوڈ تھا ، اور نارمنڈی کے <ans> رچرڈ اول </ans> کے تحت ایک مربوط اور خوفناک شہنشاہی میں تشکیل دیا گیا تھا۔	جو نورمنڈی کے ڈچی پر حکمرانی کی	کون سا بادشاہ تشکیل دیا گیا تھا؟	کون سا بادشاہ تشکیل دیا گیا تھا؟
uqa_valid	نارمن اپنی جنگی روح اور بالآخر اپنی عیسائی عقیدت کے لئے مشہور تھے ، جو <ans> کیتھولک </ans> آرتھوڈوکس کے نمائندے بن گئے جس میں انہوں نے ہم آہنگ کیا۔	نارمنز کا مذہب کیا تھا؟	نارمن کے والد کے لئے مشہور مذہب کیا تھا؟	نارمن کس مذہب کے لئے جانا جاتا تھا؟
uqa_valid	نارمن اپنی جنگی روح اور بالآخر اپنی عیسائی عقیدت کے لئے مشہور تھے ، جس میں وہ <ans> کیتھولک آرتھوڈوکس </ans> کے نمائندے بن گئے جس میں انہوں نے ہم آہنگ کیا۔	نارمنز کا مذہب کیا تھا؟	نارمن نے اپنی مشہور عیسائی مشہور شخصیات کے طور پر کس کے ساتھ مل کر کام کیا؟	نارمن نے اپنی مشہور جنگی کے طور پر کس کے ساتھ مل کر کام کیا؟
uqa_valid	نورمنڈی کا ڈچی ، جو <ans> 911 </ans> میں ایک فیوڈم کے طور پر شروع ہوا ، مغربی فرانس کے بادشاہ چارلس III اور مشہور وائکنگ حکمران رولو کے مابین سینٹ کلیئر سور ایپٹ کے معاہدے کے ذریعہ قائم کیا گیا تھا ، اور یہ سابقہ فرینک سلطنت نیوسٹریا میں واقع تھا۔	ڈچی آف نارمنڈی کی بنیاد کب رکھی گئی تھی؟	نورمنڈی کا پہلام کب شروع ہوا؟	نورمنڈی کس سال قائم کیا گیا تھا؟
uqa_valid	ڈچی آف نارمنڈی ، جو 911 میں ایک فیوڈم کے طور پر شروع ہوا ، مغربی فرانس کے <ans> بادشاہ چارلس III </ans> اور مشہور وائکنگ حکمران رولو کے مابین سینٹ کلیئر سور ایپٹ کے معاہدے کے ذریعہ قائم کیا گیا تھا ، اور یہ سابقہ فرینک بادشاہت نیوسٹریا میں واقع تھا۔	رولو نے سینٹ کلیئر سور ایپٹ کے معاہدے پر کس کے ساتھ دستخط کیے؟	سینٹ ہیلینا کے ساتھ ساتھ، کون سا علاقہ ایک مشہور رکن کے طور پر ایک ہی میں ایک معاہدے کے طور پر قائم کیا گیا تھا؟	سینٹ ہیلینا کے ساتھ مل کر، کون سا مشہور فرانسیسی بادشاہ نیو ہیون میں واقع ہے؟
uqa_valid	یہ علاقہ موجودہ اپر نارمنڈی کے شمالی حصے سے نیچے دریائے <ans> سین </ans> تک تھا ، لیکن ڈچی بالآخر سین سے باہر مغرب میں پھیل جائے گی۔	کون سا دریا اصل میں ڈچی کی حد بندی کرتا تھا	شمالی کیرولائنا میں شمالی کیرولائنا کی سب سے زیادہ امکان کیا تھی؟	یہ علاقہ کہاں سے شروع ہوا؟
uqa_valid	معاہدے نے رولو اور اس کے مردوں کو مزید وائکنگ حملے کے خلاف تحفظ کے بدلے میں دریا <ans> ایپٹ </ans> اور بحر اوقیانوس کے ساحل کے درمیان فرانسیسی زمینیں پیش کیں۔	کون سا دریا اصل میں ڈچی کی حد بندی کرتا تھا	کس معاہدے نے فرانسیسی اور فرانسیسی حملے کے خلاف فرانسیسیوں کو متحد کرنے کے لئے فرانسیسی معاہدے پر حملہ کیا؟	سینٹ بارٹس کے ساحل پر کس نے حملہ کیا؟
uqa_valid	<ans> رولو </ans> کی آمد سے پہلے ، اس کی آبادی پکارڈی یا آئل ڈی فرانس سے مختلف نہیں تھی ، جسے فرینک سمجھا جاتا تھا۔	پہنچنے پر کس نے اصل وائکنگ آباد کاروں کو ایک مشترکہ شناخت دی؟	اس کی آمد سے پہلے، فرانس کی کون سی ڈی وی ڈی فرانس سے مختلف تھی؟	اس کی آمد سے پہلے، فرانس کی کون سی ڈی وی ڈی فرانس سے مختلف تھی؟
uqa_valid	زیادہ تر نارمن شورویروں کو غریب اور زمین کی بھوک لگی رہی ، اور 1066 تک نارمنڈی ایک نسل سے زیادہ عرصے سے <ans> لڑنے والے گھوڑوں </ans> کی برآمد کر رہا تھا۔	نارمن کی اہم برآمدات میں سے ایک کیا تھا؟	10.2 تک، ایک دوسرے کے مالک نے 10.5 تک کیا کیا؟	1080 تک زیادہ تر مقامی لوگوں کو کس چیز کی برآمد کر رہا تھا؟
uqa_valid	نارمنوں کے اٹلی میں داخل ہونے کے فورا بعد ، وہ بازنطینی سلطنت اور پھر آرمینیا میں داخل ہوئے ، پیچنیگس ، بلغاروں اور خاص طور پر <ans> سلجک ترکوں </ans> کے خلاف لڑے۔	اٹلی میں نارمنز کا بنیادی دشمن کون تھا، بازنطینی سلطنت اور آرمینیا؟	بازنطینیوں کے خاتمے کے بعد، بازنطینیوں نے کس کے خلاف لڑا؟	بازنطینیوں کے خاتمے کے بعد بازنطینیوں نے کس کے خلاف لڑا؟
uqa_valid	نارمنز نے اٹلی میں داخل ہونا شروع کرنے کے فورا بعد ، وہ بازنطینی سلطنت اور پھر آرمینیا میں داخل ہوئے ، <ans> پیچنیگس ، بلغارین ، اور خاص طور پر سلجک ترکوں </ans> کے خلاف لڑتے ہوئے۔	اٹلی میں نارمنز کا بنیادی دشمن کون تھا، بازنطینی سلطنت اور آرمینیا؟	نارمنز نے کس بازنطینی خلاف لڑا؟	نارمنز نے کس کے خلاف لڑنا شروع کیا؟
uqa_valid	بازنطینی جنرل کی حیثیت سے خدمات انجام دینے والے پہلے نارمن مزدوروں میں سے ایک <ans> 1050 کی دہائی </ans> میں ہروی تھا۔	ہروی نے کب بازنطینی جنرل کی حیثیت سے خدمات انجام دیں؟	بازنطینیوں کی پہلی بڑی تعداد کب تھی؟	بازنطینیوں کی پہلی بڑی تعداد کب رکھی گئی تھی؟
uqa_valid	بازنطینی جنرل کی حیثیت سے خدمات انجام دینے والے پہلے نارمن مزدوروں میں سے ایک ہروی <ans> 1050 کی دہائی میں </ans> تھا۔	ہروی نے کب بازنطینی جنرل کی حیثیت سے خدمات انجام دیں؟	بازنطینی جنرل کی پہلی بڑی حد کیا تھی؟	بازنطینی جنرل کی تاریخ کب رکھی گئی تھی؟
uqa_valid	<ans> 1060 کی دہائی </ans> میں ، رابرٹ کرسپین نے ترکوں کے خلاف ایڈیسا کے نارمنز کی قیادت کی۔	جب رابرٹ Crispin ترکوں کے خلاف چلا گیا؟	رابرٹس نے کب خلاف بغاوت کی قیادت کی؟	رابرٹ خلاف ورزی کب ہوئی؟
uqa_valid	<ans> 1060 کی دہائی میں </ans> ، رابرٹ کرسپین نے ترکوں کے خلاف ایڈیسا کے نارمنز کی قیادت کی۔	جب رابرٹ Crispin ترکوں کے خلاف چلا گیا؟	رابرٹس نے بغاوت کے خلاف بغاوت کب کی؟	رابرٹ خلاف ورزی کے خلاف بغاوت کب ہوئی؟
uqa_valid	روسل ڈی بیلول نے یہاں تک کہ مقامی آبادی کی حمایت سے ایشیاء مائنر میں ایک آزاد ریاست بنانے کی کوشش کی ، لیکن اسے بازنطینی جنرل <ans> الیکسیس کومنیوس </ans> نے روک دیا۔	کون ایک آزاد ریاست کے لئے Roussel ڈی Bailleul کے منصوبوں کو برباد کر دیا؟	جنرل بازنطینی جنرل کو جنرل کرنے کے لئے بازنطینی جنرل جنرل کون تھا؟	بازنطینی جنرل جنرل کو کس نے روکا؟
uqa_valid	انہوں نے یہاں تک کہ اپنے قلعے کے نام کو اپنی نسلیت دی: <ans> افرانجی </ans> ، جس کا مطلب فرینکس ہے۔	نارمن قلعے کا نام کیا تھا؟	فین مین کا نام کیا تھا جس نے اپنے نام کو اپنے نام سے پکارس قرار دیا تھا؟	اس کا نام کیا تھا جس نے اپنے نام کو اپنے نام کا نام دیا تھا؟
uqa_valid	<ans> اورسل </ans> نامی ایک نارمن نے شمالی شام میں اوپری فرات کی وادی میں فرینکس کی ایک فورس کی قیادت کی۔	فرینکس جب فرات کی وادی میں داخل ہوئے تو ان کا رہنما کون تھا؟	شمالی کیرولائنا میں کون سی مشہور فرائیوں کی قیادت کی گئی تھی؟	شمالی کیرولائنا میں فرسات کی وادی کی قیادت کس نے کی؟
uqa_valid	کچھ نارمنوں نے <ans> ترکی کی افواج </ans> میں شمولیت اختیار کی تاکہ دور مشرقی اناطولیہ میں آرمینیائی وابستہ ریاستوں ساسون اور تارون کی تباہی میں مدد کی جاسکے۔	نارمنز نے اناطولیہ میں کس کے ساتھ تعاون کیا؟	کچھ سلاووں نے کس علاقے میں شمولیت اختیار کی؟	کچھ سلاووں نے کس علاقے میں شمولیت اختیار کی؟
uqa_valid	بازنطینی یونان کے کئی خاندان کمینیئن بحالی کی مدت کے دوران <ans> نارمن مزدور </ans> نژاد تھے ، جب بازنطینی شہنشاہ مغربی یورپی جنگجوؤں کی تلاش کر رہے تھے۔	Raouliii خاندان کی ابتداء کیا تھی؟	بازنطینی یونان کے دور میں یونان کی کون سی شاخ کی تحریک کی بحالی تھی؟	بازنطینی یونان کی بحالی کی مدت کے دوران بازنطینیوں کے ساتھ کیا ہوا؟
uqa_valid	راولی <ans> راول نامی ایک اطالوی-نورمن </ans> سے descended تھے ، پیٹرلیفی ایک پیئر ڈی اولپس سے descended تھے ، اور البانیائی قبائل کا وہ گروپ جسے منیکیٹس کے نام سے جانا جاتا ہے وہ نارمنوں سے descended تھے جنہوں نے 1038 کی سسلی مہم میں جارج منیاسس کے تحت خدمات انجام دیں۔	Raouliii خاندان کی ابتداء کیا تھی؟	راولی کس قبیلے سے بھاگ گیا؟	راولی کس قبیلے سے بھاگ گئے تھے؟
uqa_valid	راولی <ans> راول نامی ایک اطالوی-نارمن سے تعلق رکھتے تھے </ans> ، پیٹرلیفی ایک پیئر ڈی اولپس سے تعلق رکھتے تھے ، اور البانیائی قبائل کا وہ گروپ جسے منیکیٹس کے نام سے جانا جاتا ہے وہ نارمنوں سے تعلق رکھتا تھا جنہوں نے 1038 کی سسلی مہم میں جارج منیاسس کے تحت خدمات انجام دیں۔	Raouliii خاندان کی ابتداء کیا تھی؟	راولیرا کا نام کیا تھا؟	راولیرا کا باپ کون تھا؟
uqa_valid	<ans> رابرٹ گسکارڈ </ans> ، ایک اور نارمن مہم جوئی جو پہلے اپنی فوجی کامیابیوں کے نتیجے میں اپولیا کے کاؤنٹ کی وقار کو بلند کیا گیا تھا ، نے بالآخر بازنطینیوں کو جنوبی اٹلی سے باہر نکال دیا۔	Apulia کے کاؤنٹ کا نام کیا تھا	کون سا مشہور فوجی مہم جو قلعے کے ساتھ واقع تھا؟	کون سا فوجی مہم جو 200 مہم کے بعد اٹلی کو جنوبی اٹلی سے باہر نکال دیا گیا تھا؟
uqa_valid	شہر کی گارنیشن نے فروری <ans> 1082 </ans> تک مزاحمت کی ، جب وہاں آباد وینس اور املفیٹن تاجروں نے ڈیرراچیم کو نارمنز کے حوالے کردیا۔	Dyrrachium نارمنوں کو کب گر گیا؟	کس سال میں نیو ہیون نے نیو یارک شہر میں ایک بغاوت کی؟	کس سال نیو یارک شہر نے نیو ہیون کو ایک بار پھر مارا؟
uqa_valid	شہر کی گارنیشن نے <ans> فروری 1082 </ans> تک مزاحمت کی ، جب وہاں آباد وینس اور املفیٹن تاجروں نے ڈیرراچیم کو نارمنوں کے ساتھ دھوکہ دیا تھا۔	Dyrrachium نارمنوں کو کب گر گیا؟	کس سال تک نیو ہیون نے نیو یارک کو ایک بار پھر جہاز کے ساتھ جوڑ دیا؟	کس سال تک نیو ہیون نے نیو ہیون میں والنسیا کی مخالفت کی؟
uqa_valid	کروشیا اور ڈلمیٹیا کے کیتھولک شہروں کے ساتھ اتحاد کرنے کے بعد ، 1081 میں اس نے 300 بحری جہازوں میں <ans> 30،000 </ans> مردوں کی ایک فوج کی قیادت کی جو البانیہ کے جنوبی ساحل پر اتری ، والونا ، کینینا ، یریحو (اوریکومی) پر قبضہ کرلی ، اور متعدد لوٹ مار کے بعد بٹرنٹ پہنچی۔	رابرٹ کی فوج میں کتنے آدمی تھے؟	10 نومبر 2008 میں کتنے آدمی تھے؟	الزبتھ نے کتنے بحری جہازوں کی قیادت کی؟
uqa_valid	دریں اثنا ، انہوں نے پیٹرا ، دریا <ans> ڈیابولس </ans> کے کنارے ملی کے قلعے ، گلاوینیکا (بالش) ، کینینا اور یریحو پر قبضہ کرلیا۔	نارمنز اور بازنطینیوں نے امن معاہدے پر کہاں دستخط کیے؟	اپاا کس دریا کے کنارے واقع تھا؟	اُکھا دریا کس دریا کے کنارے واقع تھا؟
uqa_valid	پہلی صلیبی جنگ کے چند سال بعد ، 1107 میں ، رابرٹ کے بیٹے <ans> بوہیمنڈ </ans> کی کمانڈ میں نارمنز والونا میں اتریں اور اس وقت کے سب سے نفیس فوجی سازوسامان کا استعمال کرتے ہوئے ڈیرراچیم کا محاصرہ کیا ، لیکن اس سے کوئی فائدہ نہیں ہوا۔	رابرٹ کا بیٹا کون تھا؟	پہلی جنگ عظیم کے بعد کون سا گروپ سب سے پہلے استعمال کیا گیا تھا؟	پہلی جنگ عظیم کے بعد کس نے کمانڈ کی؟
uqa_valid	دریں اثنا ، انہوں نے پیٹرا ، دریا <ans> ڈیابولس </ans> کے کنارے ملی کے قلعے ، گلاوینیکا (بالش) ، کینینا اور یریحو پر قبضہ کرلیا۔	پیٹریلا کس دریا کے کنارے واقع تھا؟	اپاا کس دریا کے کنارے واقع تھا؟	اُکھا دریا کس دریا کے کنارے واقع تھا؟
uqa_valid	دریں اثنا ، انہوں نے پیٹریلا ، <ans> دریائے ڈیابولس </ans> کے کنارے ملی کے قلعے ، گلاوینیکا (بالش) ، کینینا اور یریحو پر قبضہ کرلیا۔	پیٹریلا کس دریا کے کنارے واقع تھا؟	احا کس قبیلے سے کنارے تھا؟	قاطا کس دریا کے کنارے واقع تھا؟
uqa_valid	بازنطینی ریاست کے مزید زوال نے <ans> 1185 </ans> میں تیسرے حملے کی راہ ہموار کی ، جب ایک بڑی نارمن فوج نے اعلی بازنطینی عہدیداروں کے غداری کی وجہ سے ڈیرراچیم پر حملہ کیا۔	نارمنز نے ڈیرراچیم پر کب حملہ کیا؟	بازنطینیوں نے کس سال حملے کی قیادت کی؟	بازنطینیوں کی بنیاد کب رکھی گئی تھی؟
uqa_valid	بازنطینی ریاست کے مزید زوال نے <ans> 1185 میں </ans> تیسرے حملے کی راہ ہموار کی ، جب ایک بڑی نارمن فوج نے اعلی بازنطینی عہدیداروں کے غداری کی وجہ سے ڈیرراچیم پر حملہ کیا۔	نارمنز نے ڈیرراچیم پر کب حملہ کیا؟	بازنطینی حملے کے حملے کے دوران بازنطینی حملے کی وجہ کیا تھی؟	بازنطینیوں کے زوال نے کس سال حملے پر حملہ کیا؟
uqa_valid	بازنطینی ریاست کے مزید زوال نے 1185 میں تیسرے حملے کی راہ ہموار کی ، جب ایک بڑی نارمن فوج نے اعلی بازنطینی عہدیداروں کے غداری کی وجہ سے <ans> ڈیرریچیم </ans> پر حملہ کیا۔	بحری اڈے کو کیا کہا جاتا تھا؟	بازنطینی فوج نے کس بازنطینی حملہ پر حملہ کیا؟	بازنطینیوں نے کس پر حملہ کیا؟
uqa_valid	کچھ وقت بعد ، <ans> ایڈریٹک </ans> کے سب سے اہم بحری اڈوں میں سے ایک ، ڈراچیم دوبارہ بازنطینی ہاتھوں میں آگیا۔	Dyrrachium کہاں واقع تھا؟	باپیم بازنطینی فن میں کس اہم رہنما کے اہم مقام پر آگ لگانے کا سبب بن گیا؟	باچیم بازنطینی سلطنت میں سب سے اہم بحری جہاز کون سا تھا؟
uqa_valid	اس تعلقات نے بالآخر نارمنڈی کے ڈیوک رچرڈ دوم کی بہن ایما اور انگلینڈ کے <ans> کنگ ایتھلریڈ دوم </ans> کی شادی کے ذریعے خون کے قریبی تعلقات پیدا کیے۔	ایما نے کس سے شادی کی؟	جان دوم کی بہن کون تھی؟	جان کے بہن بھائی کا نام کیا تھا؟
uqa_valid	اس تعلقات نے بالآخر ڈیوک رچرڈ دوم آف نارمنڈی کی بہن ایما اور انگلینڈ کے بادشاہ <ans> ایتھلریڈ دوم </ans> کی شادی کے ذریعے خون کے قریبی تعلقات پیدا کیے۔	ایما نے کس سے شادی کی؟	ڈیوک آف انگلینڈ کا بادشاہ کون تھا؟	ڈیوک آف انگلینڈ کا بادشاہ کون تھا؟
uqa_valid	اس تعلقات نے بالآخر نارمنڈی کے <ans> ڈوک رچرڈ دوم </ans> کی بہن ایما اور انگلینڈ کے بادشاہ ایتھلریڈ دوم کی شادی کے ذریعے خون کے قریبی تعلقات پیدا کیے۔	ایما کا بھائی کون تھا؟	بہن ایمولیتھ اور شادی کے مابین تعلقات کا رشتہ کس نے پیدا کیا؟	بہن کے بہن بھائی کا نام کیا تھا؟
uqa_valid	اس کی وجہ سے ، ایتھلریڈ 1013 میں <ans> نارمنڈی </ans> بھاگ گیا ، جب اسے سوین فورک بیئرڈ نے اپنی بادشاہی سے مجبور کردیا تھا۔	Ethelred کہاں بھاگ گیا؟	ایتھل 10ل 10ل 10 میں 109ل 10 میں کس دن بھاگ گیا؟	ایتھل 10ل نے 109ل 1013 میں کس کو شکست دی؟
uqa_valid	اس کی وجہ سے ، ایتھلریڈ 1013 میں نارمنڈی بھاگ گیا ، جب اسے <ans> سوینبی فورکارڈ </ans> نے اپنی بادشاہی سے مجبور کردیا تھا۔	کون Ethelred باہر لات مار دی؟	ایتھل 10 10 10 10 10or کی 10th کی وجہ سے کس نے اپنی حکمرانی کی؟	ایتھل 10 10 10 109 میں کس کی بادشاہی تھی؟
uqa_valid	آخر کار جب ایڈورڈ کنفیسر اپنے سوتیلے بھائی <ans> ہارٹاکنوٹ </ans> کی دعوت پر 1041 میں اپنے والد کی پناہ گاہ سے واپس آیا تو اس نے اپنے ساتھ ایک نارمن تعلیم یافتہ ذہن لایا۔	ایڈورڈ Confessor کے سوتیلے بھائی کون تھا؟	ایڈورڈ کنفیسر کا سوتی بھائی کون تھا؟	ایڈورڈ کنفیسر کا بھائی کون تھا؟
uqa_valid	آخر کار جب ایڈورڈ کنفیسر اپنے سوتیلے بھائی ہارٹاکنوٹ کی دعوت پر <ans> 1041 </ans> میں اپنے والد کی پناہ گاہ سے واپس آیا تو اس نے اپنے ساتھ ایک نارمن تعلیم یافتہ ذہن لایا۔	ایڈورڈ کب واپس آیا؟	ایڈورڈ Shulachta کی موت کی جب اس کی اپنی بیوی اپنے عہدے پر واپس آ گیا؟	کس سال میں والد نے اپنے والد کی حیثیت سے واپس لے لیا؟
uqa_valid	آخر کار جب ایڈورڈ کنفیسر اپنے سوتیلے بھائی ہارٹاکنوٹ کی دعوت پر <ans> 1041 میں </ans> اپنے والد کی پناہ گاہ سے واپس آیا تو اس نے اپنے ساتھ ایک نارمن تعلیم یافتہ ذہن لایا۔	ایڈورڈ کب واپس آیا؟	ایڈورڈ Sighuaki کی موت کی جب اس کی اپنی بیوی اپنے عہدے پر واپس آ گیا؟	ایڈورڈ Sighukiza کی موت کے لئے اپنے والد کی حیثیت سے کب واپس آئے؟
uqa_valid	اس نے <ans> رابرٹ آف جمیجیس </ans> کو کینٹربری کا آرک بشپ مقرر کیا اور رالف دی ٹمڈ ارل آف ہیرفورڈ بنا دیا۔	ایڈورڈ نے کس کو کینٹربری کا آرچ بشپ بنایا؟	کون سا جنرل آرکمپک اور آرفائر آف دیر آف دیر نے خدمات انجام دیا؟	بیونسے کا پہلا بشپ کون مقرر کیا گیا تھا؟
uqa_valid	1066 میں ، ڈیوک ولیم دوم آف نارمنڈی نے انگلینڈ کو فتح کیا اور <ans> ہیسٹنگس کی لڑائی </ans> میں بادشاہ ہیرولڈ دوم کو مار ڈالا۔	ہیرالڈ دوم کہاں مر گیا؟	بادشاہ دوم دوم دوم کو بادشاہ کے ساتھ جنگ میں کس بادشاہ نے مارا؟	بادشاہ فلپ دوم دوم کو کس جنگ میں مارا گیا تھا؟
uqa_valid	1066 میں ، ڈیوک ولیم دوم آف نارمنڈی نے انگلینڈ پر فتح حاصل کی اور <ans> ہیسٹنگس کی لڑائی </ans> میں بادشاہ ہیرالڈ دوم کو مار ڈالا۔	ہیرالڈ دوم کہاں مر گیا؟	بادشاہ دوم دوم نے انگلینڈ پر فتح حاصل کرنے کے بعد انگلینڈ دوم کو کس جنگ میں مارا؟	بادشاہ دوم دوم نے تخت پر فتح حاصل کرنے کی کوشش کی؟
uqa_valid	1066 میں ، ڈیوک ولیم دوم آف نارمنڈی نے انگلینڈ پر فتح حاصل کی اور بادشاہ ہیرالڈ دوم کو <ans> ہیسٹنگس کی لڑائی میں </ans> مار ڈالا۔	ہیرالڈ دوم کہاں مر گیا؟	دوم نے دوم اور دوم بادشاہ کو کس طرح مارا؟	دوم نے دوم اور دوم بادشاہ کو کس جنگ میں مارا؟
uqa_valid	1066 میں ، نورمنڈی کے ڈیوک <ans> ولیم دوم </ans> نے ہیسٹنگس کی لڑائی میں بادشاہ ہیرالڈ دوم کو مار کر انگلینڈ پر فتح حاصل کی۔	ہیرالڈ دوم کو کس نے مارا؟	کون سا بادشاہ نورڈک کی لڑائی میں بادشاہ کی فتح پر فتح کر رہا تھا؟	کس بادشاہ نے ہیسٹنگس دوم کو تخت پر فتح حاصل کی؟
uqa_valid	1066 میں ، نارمنڈی کے <ans> ڈوک ولیم دوم </ans> نے ہیسٹنگس کی لڑائی میں بادشاہ ہیرالڈ دوم کو مار کر انگلینڈ پر فتح حاصل کی۔	ہیرالڈ دوم کو کس نے مارا؟	ہیسٹ کی لڑائی میں بادشاہ کو کس نے فتح کیا؟	کس بادشاہ نے ہیسٹنگس دوم کو تخت پر فتح حاصل کی؟
uqa_valid	<ans> 1066 میں </ans> ، نورمنڈی کے ڈیوک ولیم دوم نے ہیسٹنگس کی لڑائی میں بادشاہ ہیرالڈ دوم کو مار کر انگلینڈ پر فتح حاصل کی۔	ہیسٹنگس کی جنگ کب ہوئی تھی؟	کس سال نور دوم نے بادشاہ کی دوم کو فتح حاصل کی؟	کس سال نورمنڈ دوم نے دوم پر فتح حاصل کی؟
uqa_valid	حملہ آور نارمنز اور ان کی اولاد نے انگلینڈ کے حکمران طبقے کے طور پر <ans> اینگلو سیکسنز </ans> کی جگہ لے لی۔	نارمنوں سے پہلے حکمران طبقہ کون تھا؟	حملہ آوروں کی انگلینڈ کے بعد انگلینڈ کی کون سی جگہ لے لی گئی؟	حملہ آوروں نے انگلینڈ کے حکمران کے طور پر کس جگہ کی جگہ لے لی؟
uqa_valid	اس کے نتیجے میں یہ <ans> جدید انگریزی </ans> میں تیار ہوا۔	اینگلو نارمن زبان کی آخری شکل کیا تھی؟	جدید انگریزی میں کس زبان میں تیار ہوا؟	انگریزی زبان کے نتیجے میں کس زبان میں تیار ہوا؟
uqa_valid	<ans> 1169 </ans> میں بینو بے پر اپنے حملے کے بعد نارمنز نے آئرش ثقافت اور تاریخ پر گہرا اثر ڈالا۔	کس سال میں نارمنز نے بینو بے پر حملہ کیا؟	کس سال میں پرتگال نے اپنا ثقافت پر اثر ڈالا؟	کس سال اتحادیوں نے اپنے اتحادیوں پر ثقافت پر اثر ڈالا؟
uqa_valid	نارمنز زیادہ تر <ans> آئرلینڈ </ans> کے مشرق میں ایک علاقے میں آباد ہوئے ، جسے بعد میں پیلی کے نام سے جانا جاتا ہے ، اور ٹرم کیسل اور ڈبلن کیسل سمیت بہت سے عمدہ قلعے اور بستیوں کی تعمیر بھی کی۔	1169 میں نارمنز نے کس ملک پر حملہ کیا؟	کون سا ملک جنوب میں آباد ہوا؟	کون سا ملک جنوب میں آباد ہوا؟
uqa_valid	نارمنز نے 1169 میں بینو بے پر اپنے حملے کے بعد <ans> آئرش </ans> ثقافت اور تاریخ پر گہرا اثر ڈالا۔	نارمنز نے آئرلینڈ میں کس ثقافت کے ساتھ امتزاج کیا؟	11ز نے 111 میں کس پر توجہ مرکوز کی؟	نارمنز نے کس پر توجہ مرکوز کی؟
uqa_valid	ولیم فاتح کی مخالفت کرنے والے انگریزی تخت کے دعویداروں میں سے ایک ، <ans> ایڈگر </ans> ایتھلنگ ، بالآخر اسکاٹ لینڈ بھاگ گیا۔	مارگریٹ کا بھائی کون تھا؟	ولیمتھ کی کون سی ایتھ نے اپنے کیریئر کے لئے اپنی بولی چھوڑ دی؟	ایتھ کا پیشہ کیا تھا؟
uqa_valid	ولیم فاتح کی مخالفت کرنے والے انگریزی تخت کے دعویداروں میں سے ایک ، <ans> ایڈگر ایتھلنگ </ans> ، بالآخر اسکاٹ لینڈ بھاگ گیا۔	مارگریٹ کا بھائی کون تھا؟	ولیم اسکاٹ لینڈ کے تخت سے کون سا مشہور بادشاہ تھا؟	ولیم اسکاٹ لینڈ نے اپنی بیٹیوں کے لئے کون سا نام استعمال کیا؟
uqa_valid	<ans> اسکاٹ لینڈ کے بادشاہ میلکم سوم </ans> نے ایڈگر کی بہن مارگریٹ سے شادی کی ، اور ولیم کی مخالفت میں آگیا جس نے پہلے ہی اسکاٹ لینڈ کی جنوبی سرحدوں پر تنازعہ کھڑا کیا تھا۔	مارگریٹ کا شوہر کون تھا؟	ایڈگر کی شادی سے شادی کرنے والے پہلے اسکاٹ لینڈ کا نام کیا تھا؟	ایڈگر کی شادی کس نے کی؟
uqa_valid	اسکاٹ لینڈ کے <ans> کنگ میلکم III </ans> نے ایڈگر کی بہن مارگریٹ سے شادی کی ، اور ولیم کی مخالفت میں آگیا جس نے پہلے ہی اسکاٹ لینڈ کی جنوبی سرحدوں پر تنازعہ کھڑا کیا تھا۔	مارگریٹ کا شوہر کون تھا؟	اسکاٹ لینڈ کی بہن شادی کس نے کی؟	اسکاٹ لینڈ کی بہن کی شادی کس نے کی؟
uqa_valid	ولیم نے <ans> 1072 </ans> میں اسکاٹ لینڈ پر حملہ کیا ، جہاں تک وہ اپنے بحری جہازوں کے بیڑے سے ملا۔	ولیم نے اسکاٹ لینڈ پر کب حملہ کیا تھا؟	ولیم نے کس سال اسکاٹ لینڈ پر حملہ کیا؟	ولیم نے کس سال اسکاٹ لینڈ پر حملہ کیا؟
uqa_valid	میلکم نے ولیم کو خراج تحسین پیش کیا اور اپنے بیٹے <ans> ڈنکن </ans> کو یرغمال کے طور پر ہتھیار ڈال دیا ، اس سلسلے میں ایک بحث کا آغاز کیا۔	یرغمال کون تھا؟	میل مغمالم نے کس کو حغمال کیا؟	ولیم مغمالم نے کس کو خراج تحسین پیش کیا؟
uqa_valid	اسکاٹ لینڈ کے بادشاہ ڈیوڈ اول ، جس کے بڑے بھائی الیگزینڈر اول نے <ans> نارمنڈی کی سیبیلہ </ans> سے شادی کی تھی ، اسکاٹ لینڈ میں نارمن اور نارمن ثقافت کو متعارف کرانے میں اہم کردار ادا کیا ، اس عمل کا حصہ کچھ اسکالرز ڈیوڈین انقلاب کہتے ہیں۔	الیگزینڈر اول نے کس سے شادی کی؟	اسکاٹ لینڈ کے بادشاہ اولین نے کس سے شادی کی؟	اسکاٹ لینڈ کے بادشاہ اول نے کس سے شادی کی؟
uqa_valid	اسکاٹ لینڈ کے بادشاہ ڈیوڈ اول ، جس کے بڑے بھائی الیگزینڈر اول نے نارمنڈی کے <ans> سیبیلہ </ans> سے شادی کی تھی ، اسکاٹ لینڈ میں نارمن اور نارمن ثقافت کو متعارف کرانے میں اہم کردار ادا کیا ، اس عمل کا حصہ کچھ اسکالرز ڈیوڈین انقلاب کہتے ہیں۔	الیگزینڈر اول نے کس سے شادی کی؟	اسکاٹ لینڈ کے بادشاہ کا نام کیا تھا؟	اسکاٹ لینڈ کا بادشاہ کون تھا؟
uqa_valid	اسکاٹ لینڈ کے بادشاہ ڈیوڈ اول ، جس کے بڑے بھائی الیگزینڈر اول نے نارمنڈی کے سیبیلہ سے شادی کی تھی ، اسکاٹ لینڈ میں نارمن اور <ans> نارمن </ans> ثقافت کو متعارف کرانے میں اہم کردار ادا کیا ، اس عمل کا حصہ کچھ اسکالرز ڈیوڈین انقلاب کہتے ہیں۔	"اسکاٹ لینڈ میں کس ثقافت کی آمد کو ""ڈیوڈین انقلاب"" کے نام سے جانا جاتا ہے؟"	اسکاٹ لینڈ کے بادشاہ کے مطابق، کون سا ثقافت اہم کردار ادا کرتا ہے؟	اسکاٹ لینڈ کے اہم رکن کون تھے؟
uqa_valid	ایڈورڈ دی کنفیسر نے مذکورہ بالا رالف کو <ans> ہیرفورڈ </ans> کا ارل مقرر کیا تھا اور اسے مارکس کا دفاع کرنے اور ویلش کے ساتھ جنگ کرنے کا الزام لگایا تھا۔	جہاں رالف ارل تھا؟	ایڈورڈ VII کے کن کاموں کو ایڈورڈز نے کہا تھا؟	ایڈورڈ دی کنفیف کو کس نے مقرر کیا؟
uqa_valid	ایڈورڈ دی کنفیسر نے مذکورہ بالا رالف کو ہیرفورڈ کے ارل کے طور پر قائم کیا تھا اور اسے مارچز کا دفاع کرنے اور <ans> ویلش </ans> کے ساتھ جنگ کرنے کا الزام لگایا تھا۔	رالف کس کے ساتھ جنگ میں ہونے کا انچارج تھا؟	ایڈورڈز کے کن کاموں کو جنگ کے ساتھ جنگ کرنے کا الزام لگایا گیا تھا؟	ایڈورڈز نے کس جنگ کے ساتھ جنگ لڑی؟
uqa_valid	<ans> ایڈورڈ دی کنفیسر </ans> نے مذکورہ بالا رالف کو ہیرفورڈ کے ارل کے طور پر قائم کیا تھا اور اسے مارکس کا دفاع کرنے اور ویلش کے ساتھ جنگ کرنے کا الزام لگایا تھا۔	کس نے رالف کو ارل بنایا؟	کس نے خود کو ہیرفورڈ کے طور پر قائم کیا؟	کس نے خود کو ہیرفورڈ کے طور پر قائم کیا؟
uqa_valid	ان نارمنوں نے آہستہ آہستہ فتح کی ایک طویل مدت کا آغاز کیا جس کے دوران تقریبا تمام <ans> ویلز </ans> کسی وقت نارمن مداخلت کے تابع تھا۔	کون سا ملک نارمن بارونز کے کنٹرول میں تھا؟	نارمن فتح کے دوران کتنے نارمن تھے؟	نارمن فتح کے دوران کتنے لوگ کسی لڑائی کے ساتھ مداخلت کرتے تھے؟
uqa_valid	<ans> 1018 </ans> میں ، راجر ڈی ٹوسنی نے موریش زمینوں سے اپنے لئے ایک ریاست بنانے کے لئے جزیرہ نما ایبیریا کا سفر کیا ، لیکن ناکام رہا۔	کون سا سال راجر ڈی ٹوسنی نے وہ کام کرنے میں ناکام رہا جو اس نے شروع کیا تھا؟	کس سال میں Decinonomy جزیرہ نما ایبیریا جزیرہ نما ایبیریا جزیرہ نما ایبیریا کے لئے جزیرہ نما ایبیریا کا سفر کیا؟	کس سال راجر ڈیس نے یورپ چھوڑنے کے لئے جزیرہ نما ایبیریا کا سفر کیا؟
uqa_valid	<ans> 1064 </ans> میں ، بارباسٹرو کی جنگ کے دوران ، مونٹریویل کے ولیم نے پوپ کی فوج کی قیادت کی اور ایک بہت بڑا مال غنیمت لیا۔	کون سا سال راجر ڈی ٹوسنی نے وہ کام کرنے میں ناکام رہا جو اس نے شروع کیا تھا؟	بارووو کی جنگ کب ہوئی؟	بارووو کی جنگ کس سال ہوئی تھی؟
uqa_valid	1064 میں ، بارباسٹرو کی جنگ کے دوران ، <ans> ویلیم آف مونٹریویل </ans> نے پوپ کی فوج کی قیادت کی اور ایک بہت بڑا مال غنیمت لیا۔	بارباسترو کی جنگ میں پوپ کی فوج کا انچارج کون تھا؟	کس نے پوپ کی فوج کی قیادت کی؟	کس نے پوپ کی فوج کی قیادت کی؟
uqa_valid	<ans> 1097 </ans> میں انطاکیہ کے کامیاب محاصرے کے بعد ، بوہیمنڈ نے اس شہر کے ارد گرد ایک آزاد شہنشاہیت بنانا شروع کردی۔	انطاکیہ کا محاصرہ کب ہوا؟	بوہی نے کس سال آزاد ہونا شروع کیا؟	بوہی کس سال انتقال کر گئے؟
uqa_valid	1096 میں ، امالفی کے محاصرے سے گزرنے والے صلیبیوں میں ٹرانٹو کے بوہیمنڈ اور اس کے بھتیجے <ans> ٹینکریڈ </ans> نے اطالوی نارمنوں کی فوج کے ساتھ شمولیت اختیار کی۔	بوہمنڈ کے بھتیجے کا نام کیا تھا؟	کون سا اطالوی شہر اطالویوں کے ساتھ Palasted کیا؟	کس گروپ نے اطالویوں کو فوج کے فوج کے ساتھ شامل کیا؟
uqa_valid	ٹانکریڈ نے <ans> یروشلم </ans> کی فتح میں اہم کردار ادا کیا اور اس نے ٹرانس اردن اور گلیل کے خطے میں صلیبی سلطنت کی توسیع کے لئے کام کیا۔	ٹینکریڈ نے کون سی بڑی فتح میں کردار ادا کیا؟	ٹافٹ نے کس مذہب کی فتح میں اہم کردار ادا کیا؟	ٹافٹ نے کس مذہب کی فتح میں اہم کردار ادا کیا؟
uqa_valid	تیسری صلیبی جنگ کی اینگلو نارمن فورسز کی طرف سے قبرص کی فتح نے جزیرے کی تاریخ میں ایک نیا باب کھولا ، جو اگلے <ans> 380 سالوں </ans> کے لئے مغربی یورپی تسلط کے تحت ہوگا۔	مغربی یورپ نے کب تک قبرص پر کنٹرول کیا؟	قبرص کی کتنی دیر تک قبرص کی طرف سے ایک یورپی یونین کی طرف سے ایک نیا نام کھولا گیا تھا؟	قبرص کی جنگ کتنی دیر تک قبرص میں رہی؟
uqa_valid	لیکن <ans> ایک طوفان </ans> نے بیڑے کو منتشر کردیا۔	رچرڈ کے اکرا پہنچنے کے منصوبوں کو کس چیز نے برباد کر دیا؟	کس نے قیصر کو اپنا کیتھیڈرل سمجھا؟	جاپانیوں نے کس کو شکست دی؟
uqa_valid	کچھ تلاش کے بعد ، یہ دریافت کیا گیا کہ اس کی بہن اور اس کی منگیتر <ans> برینگاریا </ans> لے جانے والی کشتی قبرص کے جنوبی ساحل پر لنگر انداز تھی ، جس میں خزانہ جہاز سمیت کئی دوسرے جہازوں کے ملبے بھی شامل تھے۔	رچرڈ کی منگیتر کون تھی؟	اس کی بہنیتر کس نام سے جانا جاتا ہے؟	اس کی بہن کون تھی؟
uqa_valid	جزیرے کے ظالم <ans> اسحاق کومنینوس </ans> نے ملبے میں بچ جانے والوں کو قید کر لیا تھا۔	1191 میں قبرص پر کس نے حکمرانی کی؟	کون سا جزیرہ نما میں سینٹ بارٹس میں موزیک کو ذالموں کو قید کر سکتا ہے؟	سینٹ بارٹس میں موزیک کا قالم کون تھا؟
uqa_valid	اس نے <ans> اسحاق </ans> کو قیدیوں اور خزانے کو رہا کرنے کا حکم دیا۔	1191 میں قبرص پر کس نے حکمرانی کی؟	ناصر نے خز کو کیا کرنے کی حکم دیا؟	ناصر نے خز کو کس کو حکم دیا؟
uqa_valid	سب نے رچرڈ کی حمایت کا اعلان کیا بشرطیکہ وہ اپنے حریف <ans> کونراڈ آف مونٹفریٹ </ans> کے خلاف گائے کی حمایت کرے۔	گائے کا حریف کون تھا؟	کون سا مشہور گلوکار سب سے پہلے بیونس کی حمایت کرنے کے لئے حمایت کی حمایت کرتا تھا؟	سب سے پہلے کس نے حمایت کی حمایت کی حمایت کی؟
uqa_valid	آئزک نے ہتھیار ڈالے اور اسے <ans> چاندی </ans> کی زنجیروں سے بند کردیا گیا ، کیونکہ رچرڈ نے وعدہ کیا تھا کہ وہ اسے لوہے میں نہیں رکھے گا۔	اسحاق کی زنجیریں کس چیز سے بنی تھیں؟	آئزک نے کس کو بند کر دیا؟	آئزک نے کس کو بند کر دیا؟
uqa_valid	مقدس سرزمین کے مختلف شہزادے ایک ہی وقت میں لیماسول پہنچے ، خاص طور پر <ans> گئی ڈی لوسینین </ans> ۔	جب قبرص پر قبضہ کیا گیا تو رچرڈ کی فوجوں کی قیادت کس نے کی؟	مقدس براسول کا کیا مطلب ہے؟	مقدس براسول کا کیا مطلب ہے؟
uqa_valid	1402 اور 1405 کے درمیان ، نارمن شریف جین ڈی بیتینکورٹ اور پوئٹیوین گیڈیفر ڈی لا سال کی قیادت میں مہم نے <ans> افریقہ </ans> کے اٹلانٹک ساحل سے لانساروٹ ، فورٹی وینٹورا اور ایل ہیرو کے کینری جزیروں پر فتح حاصل کی۔	کن کنٹیننٹ کے ساحل سے دور کینری جزائر ہیں؟	کس سال میں ڈیتھرا نے ڈیریٹو اور ایل ڈی پر فتح حاصل کی؟	کس ملک نے لا فورٹارتھ اور ڈوئٹے کے جزیروں پر فتح حاصل کی؟
uqa_valid	<ans> بیٹینکورٹ </ans> نے کینری جزیروں کے بادشاہ کا لقب لیا ، جیسا کہ ہینری III آف کاسٹیل کا واسل تھا۔	کون کینری جزائر کا بادشاہ بن گیا؟	کس نے 1986 میں بادشاہ کا لقب سنبھالا؟	کینری جزائر کے بادشاہ کا لقب کس نے سنبھالا؟
uqa_valid	1418 میں ، جان کے بھتیجے میسیوٹ ڈی بیتھینکور نے جزائر کے حقوق <ans> اینریک پیریز ڈی گوزمان </ans> ، دوسرے کاؤنٹ ڈی نیبلا کو فروخت کیے۔	کس نے حقوق خریدے؟	ڈی ڈی ڈی کے حقوق کا نام کیا تھا؟	ڈی پی ڈی کے حقوق کے حقوق کا نام کیا تھا؟
uqa_valid	1418 میں ، جان کے بھتیجے <ans> ماسیوٹ ڈی بیتھنکورٹ </ans> نے جزائر کے حقوق اینریک پیریز ڈی گوزمان ، دوسرے کاؤنٹ ڈی نیبلا کو فروخت کیے۔	کس نے حقوق فروخت کیے؟	جانب زجتیجے کس نے فروخت کیا؟	بھتیجے کو کس نے فروخت کیا؟
uqa_valid	نارمنڈی کا روایتی قانون 10 ویں اور 13 ویں صدی کے درمیان تیار کیا گیا تھا اور <ans> چینل جزائر </ans> میں جرسی اور گرنسی کے قانونی نظام کے ذریعے آج تک زندہ ہے۔	جرسی اور گرنسی کہاں ہیں؟	کون سا ملک ایسے علاقوں اور قانونینسی قانونی نظام کے قانونی نظام کے نظام کے نظام کے نظام کے نظام کے نظام کے نظام کے نظام کے نظام کے نظام کے نظام کے نظام کے نظام کے نظام	کون سا ملک ایسے علاقوں اور گرنسی قانونی نظام کے قانونی نظام کے نظام تک زندہ ہے؟
uqa_valid	نارمنڈی کا روایتی قانون 10 ویں اور 13 ویں صدی کے درمیان تیار کیا گیا تھا اور آج <ans> چینل جزائر </ans> میں جرسی اور گرنسی کے قانونی نظام کے ذریعے زندہ ہے۔	جرسی اور گرنسی کہاں ہیں؟	کون سا ملک آج اور گرنسی قانونی نظام قانونی نظام کے ذریعے قانونی نظام کے ذریعے زندہ ہے؟	کون سا ملک اڑنے اور گرنسی قانونی نظام قانونی نظام کے ذریعے گر گیا ہے؟
uqa_valid	نارمن روایتی قانون کو دو ججوں نے لاطینی زبان میں <ans> دو </ans> روایتی میں نقل کیا تھا تاکہ وہ ان اور ان کے ساتھیوں کے استعمال کے لئے استعمال کرسکیں۔	نارمن روایتی قانون میں کتنے رسم و رواج ہیں؟	نارمن کے قانون نے لاطینی زبان میں کتنی روایتی زبان میں استعمال کیا؟	نارمن کے قانون نے لاطینی زبان میں کتنی اقسام میں حصہ لیا؟
uqa_valid	انہوں نے انگلینڈ اور اٹلی میں ایک انوکھا <ans> رومنسک </ans> محاورہ پھیلایا ، اور ان علاقوں کو ان کے شمالی فرانسیسی انداز میں برقرار رکھنے کے ساتھ بنیادی طور پر فوجی زمین کی تزئین کو تبدیل کردیا۔	نارمن فن تعمیر کی زبان کیا ہے؟	اٹلی میں اٹلی میں کون سا محہہیا گیا؟	اٹلی نے اٹلی میں کون سا محہہیا؟
uqa_valid	ان کے انداز میں <ans> گول </ans> قوسوں کی خصوصیت تھی ، خاص طور پر کھڑکیوں اور دروازوں پر ، اور بڑے پیمانے پر تناسب۔	نارمن فن تعمیر میں کس طرح کے قوس ہوتے ہیں؟	لائبیریا کے انداز میں، کس قسم کی قومیتوں کی خصوصیت تھی؟	لائبیریا کے انداز کے انداز میں کس طرح کی خصوصیت تھی؟
uqa_valid	انگلینڈ میں ، نارمن فن تعمیر کا دور فوری طور پر اینگلو سیکسن کے بعد آتا ہے اور <ans> ابتدائی گوتھک </ans> سے پہلے آتا ہے۔	انگلینڈ میں نارمن کے بعد کس قسم کا فن تعمیر آیا؟	انگلینڈ میں گوتھک فن تعمیر کا آغاز کس سے پہلے کیا جاتا ہے؟	انگلینڈ میں گوتھک فن تعمیر کا آغاز کس نے کیا؟
uqa_valid	انگلینڈ میں ، نارمن فن تعمیر کا دور فوری طور پر <ans> اینگلو سیکسن </ans> کے بعد ہوتا ہے اور ابتدائی گوتھک سے پہلے ہوتا ہے۔	انگلینڈ میں نارمن سے پہلے کس قسم کا فن تعمیر آیا تھا؟	انگلینڈ میں نوکلاسیکل فن تعمیر کا بنیادی طور پر کس کے بعد ہوتا ہے؟	انگلینڈ میں نوکلاسیکل فن تعمیر کا آغاز کس نے کیا؟
uqa_valid	جنوبی اٹلی میں ، نارمنوں نے اسلامی ، لومبارڈ ، اور بازنطینی تعمیراتی تکنیکوں کے عناصر کو اپنے میں شامل کیا ، جس نے <ans> سیسیلی </ans> کی بادشاہی کے اندر نارمن عرب فن تعمیر کے نام سے جانا جانے والا ایک انوکھا انداز شروع کیا۔	نارمن عرب فن تعمیراتی انداز کی کیا جگہ تھی؟	"نارمن نے کس دور میں ""خالہ"" تعمیر کیا؟"	قرون وسطی کے کس دور میں مسلمانوں نے اسلامی فن تعمیر کا آغاز کیا؟
uqa_valid	جنوبی اٹلی میں ، نارمنوں نے اسلامی ، لومبارڈ ، اور بازنطینی تعمیراتی تکنیکوں کے عناصر کو اپنے میں شامل کیا ، جس نے <ans> سیسیلی کی بادشاہی </ans> کے اندر نارمن عرب فن تعمیر کے نام سے جانا جانے والا ایک انوکھا انداز شروع کیا۔	نارمن عرب فن تعمیراتی انداز کی کیا جگہ تھی؟	نارمن نے فن تعمیر کے لئے کس قسم کا طیارہ استعمال کیا؟	نارمن کے فن تعمیر کا نام کیا تھا؟
uqa_valid	تاہم ، <ans> گیارہویں صدی کے اوائل </ans> میں ڈیوکس نے چرچ اصلاحات کا ایک پروگرام شروع کیا ، خانقاہوں کی کلونیک اصلاحات کی حوصلہ افزائی کی اور دانشورانہ سرگرمیوں کی سرپرستی کی ، خاص طور پر اسکرپٹوریا کے پھیلاؤ اور کھوئے ہوئے روشن مخطوطات کی ایک تالیف کی بحالی۔	چرچ کی اصلاحات کب شروع ہوئیں؟	ڈیوکس نے کب اصلاحات اصلاحات کا آغاز شروع کیا؟	ڈیوک کا اصلاحات کب شروع ہوا؟
uqa_valid	تاہم ، <ans> 11 ویں صدی </ans> کے اوائل میں ڈیوکس نے چرچ اصلاحات کا ایک پروگرام شروع کیا ، خانقاہوں کی کلونیک اصلاحات کی حوصلہ افزائی کی اور دانشورانہ سرگرمیوں کی سرپرستی کی ، خاص طور پر اسکرپٹوریا کے پھیلاؤ اور کھوئے ہوئے روشن مخطوطات کی تالیف کی بحالی۔	چرچ کی اصلاحات کب شروع ہوئیں؟	ڈیوکلٹ نے کب اصلاحات اصلاحات کا آغاز شروع کیا؟	ڈیوک اصلاحات کب شروع ہوئی؟
uqa_valid	تاہم ، <ans> گیارہویں صدی کے اوائل میں </ans> ڈیوکس نے چرچ اصلاحات کا ایک پروگرام شروع کیا ، خانقاہوں کی کلونیک اصلاحات کی حوصلہ افزائی کی اور دانشورانہ سرگرمیوں کی سرپرستی کی ، خاص طور پر اسکرپٹوریا کے پھیلاؤ اور کھوئے ہوئے روشن مخطوطات کی تالیف کی بحالی۔	چرچ کی اصلاحات کب شروع ہوئیں؟	بازنطینی چرچ نے اصلاحات اصلاحات کا آغاز کب شروع کیا؟	بازنطینی چرچ کا اصلاحات کب شروع ہوا؟
uqa_valid	تاہم ، گیارہویں صدی کے اوائل میں <ans> ڈکس </ans> نے چرچ اصلاحات کا ایک پروگرام شروع کیا ، خانقاہوں کی کلونیک اصلاحات کی حوصلہ افزائی کی اور دانشورانہ سرگرمیوں کی سرپرستی کی ، خاص طور پر اسکرپٹوریا کے پھیلاؤ اور کھوئے ہوئے روشن مخطوطات کی تالیف کی بحالی۔	کس نے اپنے آپ کو متحد کرنے کے لئے چرچ کا استعمال کیا؟	اصلاحات اصلاحات کا آغاز کس نے شروع کیا؟	اصلاحات اصلاحات کا آغاز کس نے شروع کیا؟
uqa_valid	چرچ کو <ans> ڈیوکس </ans> نے اپنے مختلف ڈچی کے لئے متحد کرنے والی طاقت کے طور پر استعمال کیا۔	کس نے اپنے آپ کو متحد کرنے کے لئے چرچ کا استعمال کیا؟	چرچ کو مختلف کرنے کے لئے کس نے استعمال کیا؟	چرچ کو مختلف کرنے کے لئے کس نے استعمال کیا؟
uqa_valid	<ans> 16 ویں صدی </ans> میں فرانسیسی مذہبی جنگوں اور 18 ویں صدی میں فرانسیسی انقلاب نے کامیابی کے ساتھ اس نارمن تخلیقی صلاحیت کی تعمیراتی اور فنکارانہ باقیات کے راستے میں موجود زیادہ تر کو تباہ کردیا۔	فرانسیسی مذہبی جنگیں کب ہوئیں؟	فرانسیسی انقلاب کب ہوئی؟	فرانسیسی انقلاب کب ہوئی؟
uqa_valid	<ans> 16 ویں صدی میں </ans> فرانسیسی مذہبی جنگوں اور 18 ویں صدی میں فرانسیسی انقلاب نے کامیابی کے ساتھ اس نارمن تخلیقی صلاحیت کی تعمیراتی اور فنکارانہ باقیات کے راستے میں موجود زیادہ تر کو تباہ کردیا۔	فرانسیسی مذہبی جنگیں کب ہوئیں؟	فرانسیسی انقلاب نے کس صدی میں زیادہ تر تباہ کر تباہ کر دیا؟	فرانسیسی انقلاب کس صدی میں ہوئی؟
uqa_valid	نارمن آرٹ کا اب تک کا سب سے مشہور کام بییوکس ٹیپیسٹری ہے ، جو ایک ٹیپیسٹری نہیں بلکہ <ans> برائڈری </ans> کا کام ہے۔	Bayeux Tapestry کی تخلیق میں کس قسم کی سلائی کا استعمال کیا گیا تھا؟	ابیلیی کس قسم کا کام ہے؟	سب سے مشہور کام کیا ہے؟
uqa_valid	نارمن آرٹ کا اب تک کا سب سے مشہور کام <ans> بایوکس ٹیپسٹری </ans> ہے ، جو ٹیپسٹری نہیں بلکہ کڑھائی کا کام ہے۔	نارمن آرٹ کا سب سے مشہور ٹکڑا کیا ہے؟	نارمن فن کا سب سے مشہور کام کیا ہے؟	نارمن فن کا سب سے مشہور کام کیا ہے؟
uqa_valid	نارمن آرٹ کا اب تک کا سب سے مشہور کام <ans> بییوکس ٹیپسٹری </ans> ہے ، جو ٹیپسٹری نہیں بلکہ کڑھائی کا کام ہے۔	نارمن آرٹ کا سب سے مشہور ٹکڑا کیا ہے؟	نارمن فن کا سب سے مشہور کام کیا ہے؟	نارمن فن کا سب سے مشہور کام کیا ہے؟
uqa_valid	یہ <ans> اوڈو </ans> ، بییوکس کے بشپ اور کینٹ کے پہلے ارل نے کمیشن کیا تھا ، جس میں کینٹ کے مقامی افراد کو ملازمت دی گئی تھی جو ڈنمارک کے وائکنگز کے ذریعہ پچھلی نصف صدی میں درآمد شدہ نورڈک روایات میں سیکھے گئے تھے۔	ٹیپیسٹری کا حکم کس نے دیا؟	کس نے کہا کہ وہی کینٹی کے دوران پہلے لوگ مارے گئے تھے؟	1970 کی دہائی کے پہلے نصفنٹ کے دوران کس قسم کی حکومت کا ذکر کیا گیا تھا؟
uqa_valid	بہت سے گرجا گھروں میں مجسمے والے فونٹ ، دارالحکومت ، اور زیادہ اہم بات یہ ہے کہ <ans> موزائیک </ans> محفوظ ہیں ، جو نارمن اٹلی میں عام تھے اور یونانی ورثے پر بہت زیادہ کھینچتے تھے۔	گرجا گھروں میں محفوظ کردہ نارمن آرٹ کی سب سے اہم قسم کیا ہے؟	بہت سے گرجا گھروں میں کون سی محفوظ زیادہ عام تھی؟	بہت سے گرجا گھروں میں کیا پایا جاتا ہے؟
uqa_valid	نارمنڈی <ans> 11 ویں </ans> صدی میں کلاسیکی موسیقی کی تاریخ میں کئی اہم پیشرفتوں کا مقام تھا۔	کون سی صدی میں نارمنڈی میں اہم کلاسیکی موسیقی کی ترقی ہوئی؟	کس صدی میں کلاسیکی موسیقی کی تاریخ اہم صدی میں اہم کلاسیکی کاموں میں اہم اہم تھا؟	کس صدی میں کلاسیکی موسیقی کی تاریخ اہم تھی؟
uqa_valid	فیکمپ میں ، دو اطالوی ایبٹس ، <ans> ولپیانو کے ولیم اور راوننا کے جان </ans> کے تحت ، خطوط کے ذریعہ نوٹوں کی نشاندہی کرنے کا نظام تیار اور سکھایا گیا تھا۔	Fécamp ایبی میں دو abbots کون تھے؟	دو اہم اطالویوں کو کس نے تیار کیا؟	دو اہم اطالویوں کو کس نے تیار کیا؟
uqa_valid	نارمن ایبٹ رابرٹ ڈی گرانٹمسنیل کے تحت ، سینٹ ایورول کے کئی راہب <ans> جنوبی اٹلی </ans> بھاگ گئے ، جہاں انہیں رابرٹ گسکارڈ نے سرپرستی کی اور سینٹ ایوفیمیا میں ایک لاطینی خانقاہ قائم کی۔	راہب کہاں بھاگ گئے؟	سینٹ نکولس سینٹین کے سینٹ اتھانیسس کہاں بھاگ گئے؟	سینٹ نکولس سینٹ کے والد کہاں بھاگ گئے؟
uqa_valid	نارمن ایبٹ رابرٹ ڈی گرانٹمسنیل کے تحت ، سینٹ ایورول کے کئی راہب جنوبی اٹلی بھاگ گئے ، جہاں انہیں رابرٹ گسکارڈ نے سرپرستی کی اور <ans> سانٹ ایوفیمیا میں لاطینی خانقاہ </ans> قائم کیا۔	سینٹ-یورول راہبوں نے اٹلی میں کون سا خانقاہ قائم کیا؟	رابرٹ Beyard Deulftard کے ساتھ ساتھ، کون سا خانقاہ قائم کیا گیا تھا؟	رابرٹ گٹوارڈ نے کون سا خانقاہ قائم کیا؟
uqa_valid	نارمن ایبٹ رابرٹ ڈی گرانٹمسنیل کے تحت ، سینٹ ایورول کے کئی راہب جنوبی اٹلی بھاگ گئے ، جہاں انہیں رابرٹ گسکارڈ نے سرپرستی کی اور <ans> سانٹ ایوفیمیا میں ایک لاطینی خانقاہ </ans> قائم کی۔	سینٹ-یورول راہبوں نے اٹلی میں کون سا خانقاہ قائم کیا؟	رابرٹ Beulard Beultard کے ساتھ کیا ہوا؟	رابرٹ  رابرٹگارڈ نے کون سا خانقاہ قائم کیا؟
uqa_valid	نارمن ایبٹ رابرٹ ڈی گرانٹمسنیل کے تحت ، سینٹ ایورول کے کئی راہب جنوبی اٹلی بھاگ گئے ، جہاں انہیں رابرٹ گسکارڈ نے سرپرستی کی اور <ans> سانٹ ایوفیمیا </ans> میں ایک لاطینی خانقاہ قائم کی۔	سینٹ-یورول راہبوں نے اٹلی میں کون سا خانقاہ قائم کیا؟	رابرٹ Bugard Beultard کہاں تھا؟	رابرٹ گارڈ نے کس خانقاہ میں خانقاہ قائم کی؟
uqa_valid	نارمن ایبٹ رابرٹ ڈی گرانٹمسنیل کے تحت ، سینٹ ایورول کے کئی راہب جنوبی اٹلی بھاگ گئے ، جہاں انہیں <ans> رابرٹ گسکارڈ </ans> نے سرپرستی کی اور سینٹ ایوفیمیا میں ایک لاطینی خانقاہ قائم کی۔	اٹلی میں راہبوں کی سرپرستی کون کرتا تھا؟	سینٹ لوئس سینٹ کے سینٹ لوئس چودہویں میں کس نے قائم کیا؟	سینٹ لوئس سینٹ کے سینٹ اتھانیسس کو کس نے قائم کیا؟
uqa_valid	سینٹ ایورول میں ، <ans> گانے </ans> کی ایک روایت تیار ہوئی تھی اور کور نے نارمنڈی میں شہرت حاصل کی تھی۔	سینٹ-یورول راہبوں کو کس روایت کے لئے جانا جاتا تھا؟	سینٹ تھامس کس زبان میں تیار ہوئی تھی؟	سینٹ تھامس کس زبان میں تیار ہوئی تھی؟
uqa_valid	کمپیوٹیشنل پیچیدگی کا نظریہ نظریاتی کمپیوٹر سائنس میں کمپیوٹنگ کے نظریہ کی ایک شاخ ہے جو کمپیوٹیشنل مسائل کو ان کی <ans> پہلی مشکل </ans> کے مطابق درجہ بندی کرنے اور ان کلاسوں کو ایک دوسرے سے جوڑنے پر مرکوز ہے۔	کمپیوٹیشنل پیچیدگی کے نظریہ کا استعمال کرتے ہوئے کمپیوٹیشنل مسائل کو کس اہم خصوصیت کے ذریعہ درجہ بندی کیا جاتا ہے؟	کمپیوٹیشنلیشن نظریہ کس نظریہ کے مطابق درجہ بندی کرتا ہے؟	کمپیوٹیشنلیشن نظریہ کس نظریہ کے مطابق درجہ بندی کرتا ہے؟
uqa_valid	کمپیوٹیشنل پیچیدگی کا نظریہ نظریاتی کمپیوٹر سائنس میں کمپیوٹنگ کے نظریہ کی ایک شاخ ہے جو کمپیوٹیشنل مسائل کو <ans> ان کی فطری دشواری </ans> کے مطابق درجہ بندی کرنے اور ان کلاسوں کو ایک دوسرے سے جوڑنے پر مرکوز ہے۔	کمپیوٹیشنل پیچیدگی کے نظریہ کا استعمال کرتے ہوئے کمپیوٹیشنل مسائل کو کس اہم خصوصیت کے ذریعہ درجہ بندی کیا جاتا ہے؟	کمپیوٹیشنلیشن نظریہ کس نظریہ کے مطابق درجہ بندی کرتا ہے؟	کمپیوٹپیوٹیشنلیشن نظریہ کس نظریہ کے مطابق درجہ بندی کرتا ہے؟
uqa_valid	کمپیوٹیشنل پیچیدگی کا نظریہ نظریاتی کمپیوٹر سائنس میں کمپیوٹنگ کے نظریہ کی ایک شاخ ہے جو <ans> کمپیوٹیشنل مسائل </ans> کو ان کی فطری مشکل کے مطابق درجہ بندی کرنے اور ان کلاسوں کو ایک دوسرے سے جوڑنے پر مرکوز ہے۔	ایک ایسے کام کے لئے اصطلاح کیا ہے جو عام طور پر خود کو کمپیوٹر کی طرف سے حل کرنے کے لئے قرض دیتا ہے؟	سائنس کی پیمائش کی پیمائش کرنے کے لئے کس قسم کی توانائی کی ضرورت ہے؟	کمپیوٹیشن نظریہ کے نظریہ کا نظریہ کیا ہے؟
uqa_valid	<ans> ایک کمپیوٹیشنل مسئلہ </ans> کو ایک ایسا کام سمجھا جاتا ہے جو اصولی طور پر کمپیوٹر کے ذریعہ حل کرنے کے قابل ہو ، جو اس بات کے برابر ہے کہ مسئلہ ریاضی کے اقدامات ، جیسے الگورتھم کی مکینیکل درخواست سے حل کیا جاسکتا ہے۔	ایک ایسے کام کے لئے اصطلاح کیا ہے جو عام طور پر خود کو کمپیوٹر کی طرف سے حل کرنے کے لئے قرض دیتا ہے؟	کمپیوٹر کے حل کے حل حل حل کے حل کو حل کرنے کے لئے کیا کام کیا جاتا ہے؟	ایک کمپیوٹر کے مسئلے کو حل کرنے کے مسئلے کو حل کرنے کے لئے کیا اصطلاح استعمال کی جاتی ہے؟
uqa_valid	ایک <ans> کمپیوٹیشنل مسئلہ </ans> کو ایک ایسا کام سمجھا جاتا ہے جو اصولی طور پر کمپیوٹر کے ذریعہ حل کرنے کے قابل ہو ، جو اس بات کے برابر ہے کہ مسئلہ ریاضی کے اقدامات ، جیسے الگورتھم کے مکینیکل اطلاق سے حل کیا جاسکتا ہے۔	ایک ایسے کام کے لئے اصطلاح کیا ہے جو عام طور پر خود کو کمپیوٹر کی طرف سے حل کرنے کے لئے قرض دیتا ہے؟	کمپیوٹر کے حل کے حل کے حل کے حل کو حل کرنے کے لئے کیا اصطلاح استعمال کی جاتی ہے؟	کمپیوٹر کے مسئلے کو حل کرنے کے مسئلے کو حل کرنے کے لئے کیا اصطلاح استعمال کی جاتی ہے؟
uqa_valid	ایک مسئلے کو فطری طور پر مشکل سمجھا جاتا ہے <ans> اگر اس کے حل کے لئے اہم وسائل کی ضرورت ہوتی ہے </ans> ، چاہے جو بھی الگورتھم استعمال کیا جائے۔	ایک کمپیوٹیشنل مسئلے کا کیا پیمانہ بڑے پیمانے پر حل کی فطری مشکل کی وضاحت کرتا ہے؟	ایک oطری کیا ہے؟	فطری کو کیا سمجھا جاتا ہے؟
uqa_valid	کسی مسئلے کو فطری طور پر مشکل سمجھا جاتا ہے اگر <ans> اس کے حل کے لئے اہم وسائل کی ضرورت ہوتی ہے </ans> ، چاہے جو بھی الگورتھم استعمال کیا جائے۔	ایک کمپیوٹیشنل مسئلے کا کیا پیمانہ بڑے پیمانے پر حل کی فطری مشکل کی وضاحت کرتا ہے؟	کسی شخص کو کسی کو فطری سمجھا جاتا ہے اگر کیا اہم ہے؟	کسی شخص کو ایک فطری کے طور پر کیا سمجھا جاتا ہے؟
uqa_valid	یہ نظریہ ان مسائل کا مطالعہ کرنے کے لئے کمپیوٹنگ کے ریاضیاتی ماڈل متعارف کرانے اور ان کو حل کرنے کے لئے درکار وسائل کی مقدار ، جیسے <ans> وقت اور اسٹوریج </ans> کی پیمائش کرکے اس بصیرت کو باضابطہ بناتا ہے۔	پیچیدگی کا اندازہ لگانے کے لئے استعمال ہونے والے دو بنیادی بنیادی وسائل کیا ہیں؟	سائنس کے نظریہ کے نظریہ کی پیمائش کرنے کے لئے ضروری معلومات کی پیمائش کرنے کے لئے کس چیز کی پیمائش کی ضرورت ہے؟	سائنس کا نظریہ کس چیز کی پیمائش کی پیمائش کرتا ہے؟
uqa_valid	دیگر پیچیدگی کے اقدامات بھی استعمال کیے جاتے ہیں ، جیسے مواصلات کی مقدار (رابطے کی پیچیدگی میں استعمال کیا جاتا ہے) ، <ans> سرکٹ میں گیٹس کی تعداد </ans> (سرکٹ پیچیدگی میں استعمال کیا جاتا ہے) اور پروسیسرز کی تعداد (متوازی کمپیوٹنگ میں استعمال ہوتا ہے۔	سرکٹ کی پیچیدگی کا تعین کرنے کے لئے کون سا یونٹ ماپا جاتا ہے؟	مواصلات کی مقدار میں استعمال ہونے والی ایک اور اصطلاح کیا ہے؟	مواصلات کی مقدار میں استعمال ہونے والا ایک اور لفظ کیا ہے؟
uqa_valid	دیگر پیچیدگی کی پیمائش بھی استعمال کی جاتی ہے ، جیسے مواصلات کی مقدار (جو مواصلات کی پیچیدگی میں استعمال ہوتی ہے) ، سرکٹ میں <ans> گیٹس کی تعداد </ans> (سرکٹ کی پیچیدگی میں استعمال ہوتی ہے) اور پروسیسرز کی تعداد (متوازی کمپیوٹنگ میں استعمال ہوتی ہے۔	سرکٹ کی پیچیدگی کا تعین کرنے کے لئے کون سا یونٹ ماپا جاتا ہے؟	سرکٹ کی مقدار میں استعمال ہونے والی ایک اور لفظ کیا ہے؟	سرکٹ میں کس قسم کی تعداد کا استعمال کیا جاتا ہے؟
uqa_valid	کمپیوٹنگ پیچیدگی نظریہ کا ایک کردار یہ ہے کہ <ans> کمپیوٹرز کیا کرسکتے ہیں اور کیا نہیں کرسکتے ہیں۔ </ans>	روزانہ کمپیوٹنگ میں مسائل کی پیچیدگی کی تعریف کیا عملی کردار ادا کرتی ہے؟	کمپیوٹنگ نظریہ کا نظریہ کردار کیوں نہیں ہے؟	نظریہ کے نظریہ کا نظریہ کس طرح بیان کیا جاتا ہے؟
uqa_valid	کمپیوٹنگ پیچیدگی نظریہ کا ایک کردار یہ ہے کہ <ans> کمپیوٹر کیا کرسکتا ہے اور کیا نہیں کرسکتا </ans> ۔	روزانہ کمپیوٹنگ میں مسائل کی پیچیدگی کی تعریف کیا عملی کردار ادا کرتی ہے؟	نظریہ کا نظریہ کس طرح بیان کیا جاتا ہے؟	نظریہ کے نظریہ کا نظریہ کیا ہے؟
uqa_valid	نظریاتی کمپیوٹر سائنس میں قریب سے متعلقہ شعبوں میں <ans> الگورتھم کا تجزیہ اور کمپیوٹیشنل تھیوری </ans> ہیں۔	نظریاتی کمپیوٹر سائنس کے کون سے دو شعبے کمپیوٹیشنل پیچیدگی کے نظریہ کو قریب سے ظاہر کرتے ہیں؟	سائنس کمپیوٹر سائنس میں سے کچھ کیا ہیں؟	سائنس کمپیوٹر سائنس میں سے کچھ کیا ہیں؟
uqa_valid	ایک کمپیوٹیشنل مسئلے کے لئے ان پٹ سٹرنگ کو <ans> مسئلہ مثال </ans> کہا جاتا ہے ، اور اسے خود مسئلے کے ساتھ الجھایا نہیں جانا چاہئے۔	ایک کمپیوٹیشنل مسئلے کی ان پٹ سٹرنگ کو کیا نام دیا جاتا ہے؟	ایک کمپیپییشنلیشن کیا پیدا کرتا ہے؟	ایک کمپیوٹیشنلیشن کے لئے ایک اور نام کیا ہے؟
uqa_valid	ایک کمپیوٹیشنل مسئلے کے لئے ان پٹ سٹرنگ کو <ans> ایک مسئلہ مثال </ans> کہا جاتا ہے ، اور اسے خود مسئلے کے ساتھ الجھایا نہیں جانا چاہئے۔	ایک کمپیوٹیشنل مسئلے کی ان پٹ سٹرنگ کو کیا نام دیا جاتا ہے؟	ایک کمپیپییشنلیشن کیا ہے؟	ایک کمپیپیوٹیشن کے لئے ایک اور نام کیا ہے؟
uqa_valid	اس کے برعکس ، اس مسئلے کی ایک مثال ایک <ans> کنکریٹ </ans> بیان ہے ، جو فیصلے کے مسئلے کے لئے ان پٹ کے طور پر کام کرسکتا ہے۔	کیا ایک مسئلہ مثال عام طور پر تجریدی یا کنکریٹ کے طور پر خصوصیات ہے؟	اس مسئلے کے مسئلے کے مسئلے کے مسئلے کے لئے کیا کام ہے؟	اس مسئلے کو بیان کرنے کے لئے کیا اصطلاح استعمال کی جاتی ہے؟
uqa_valid	کمپیوٹیشنل پیچیدگی کے نظریہ میں ، ایک مسئلہ حل کرنے کے لئے <ans> تجریدی </ans> سوال کا حوالہ دیتا ہے۔	کیا ایک مسئلہ مثال عام طور پر تجریدی یا کنکریٹ کے طور پر خصوصیات ہے؟	کمپیوٹیشنلیشن نظریہ کے نظریہ میں حل کرنے کے لئے ایک مسئلہ حل کیا ہے؟	کمپیوٹیشنلیشن نظریہ کے نظریہ میں ایک مسئلہ حل کیا ہے؟
uqa_valid	ایک کمپیوٹیشنل مسئلہ کو ہر مثال کے لئے ایک حل کے ساتھ مل کر <ans> مثالوں </ans> کے لامحدود مجموعہ کے طور پر دیکھا جاسکتا ہے۔	کسی مسئلے سے منسلک ان پٹ کے کسی بھی دیئے گئے پیمائش کے لئے ایک اور نام کیا ہے؟	ایک ایک مسئلہ ایک مسئلہ حل کے ساتھ مل کر سکتا ہے، ایک pircorphyl porphor مسئلہ کیا ہے؟	ایک کمپیپییشنل مسئلے کو حل کرنے کے لئے ایک مسئلہ کیا ہے؟
uqa_valid	دوسرے طریقے سے ، <ans> مثال </ans> مسئلے کا ایک خاص ان پٹ ہے ، اور حل دیئے گئے ان پٹ سے متعلق آؤٹ پٹ ہے۔	کسی مسئلے سے منسلک ان پٹ کے کسی بھی دیئے گئے پیمائش کے لئے ایک اور نام کیا ہے؟	مسئلے کے علاوہ، کون سا دوسرا مسئلہ حل آؤٹ پٹ کے مسئلے کو حل کرنے کے لئے ایک بنیادی مسئلہ ہے؟	مسئلے کے بارے میں کیا محسوس کیا جاتا ہے؟
uqa_valid	دوسرے طریقے سے ، <ans> مثال </ans> مسئلے کا ایک خاص ان پٹ ہے۔	کسی مسئلے سے منسلک ان پٹ کے کسی بھی دیئے گئے پیمائش کے لئے ایک اور نام کیا ہے؟	ایک دوسرے کے ساتھ کیا منسلک ہے جس کا ایک بنیادی فرق ہے؟	کس قسم کے مسئلے کا ایک بڑا شعبہ ہے؟
uqa_valid	ایک کمپیوٹیشنل مسئلہ کو ہر مثال کے لئے <ans> حل </ans> کے ساتھ مل کر مثالوں کے لامحدود مجموعہ کے طور پر دیکھا جاسکتا ہے۔	ایک مسئلہ مثال میں کسی بھی دیئے گئے ان پٹ کے لئے آؤٹ پٹ کی وضاحت کرنے کے لئے استعمال کیا عام اصطلاح کیا ہے؟	ایک کمپیپییشنل مسئلہ کیا مسئلہ ہے؟	ایک کمپیپیلیشن مسئلہ کیا ہے؟
uqa_valid	دوسرے طریقے سے ، مثال مسئلے میں ایک خاص ان پٹ ہے ، اور <ans> حل </ans> دیئے گئے ان پٹ سے متعلق آؤٹ پٹ ہے۔	ایک مسئلہ مثال میں کسی بھی دیئے گئے ان پٹ کے لئے آؤٹ پٹ کی وضاحت کرنے کے لئے استعمال کیا عام اصطلاح کیا ہے؟	کون سا مسئلے پٹ کے پٹ سے پٹ آؤٹ پٹ کے پٹ کے پٹ سے متعلق ہے؟	کون سا مسئلے ان پٹ سے پٹ آؤٹ پٹ سے متعلق ہے؟
uqa_valid	اس وجہ سے ، پیچیدگی کا نظریہ <ans> کمپیوٹیشنل مسائل </ans> کو حل کرتا ہے نہ کہ خاص مسائل کے معاملات۔	کمپیوٹیشنل پیچیدگی کا نظریہ خاص طور پر کیا جواب دینے کی کوشش کرتا ہے؟	کیا اس بات کا حل ہے کہ ایک ہی وقت کے نظریہ کو حل کرنے کے لئے حل کیا جاتا ہے؟	اس نظریہ کا حل کیا حل کرتا ہے کہ اس کا نظریہ کیا حل کیا جاتا ہے؟
uqa_valid	کمپیوٹیشنل مسائل پر غور کرتے وقت ، ایک <ans> مسئلہ مثال </ans> ایک حروف تہجی پر ایک تار ہے۔	ایک کمپیوٹیشنل مسئلے میں، ایک حروف تہجی پر ایک تار کے طور پر کیا بیان کیا جا سکتا ہے؟	ایک حروف تہجی کے ایک حروف تہجی پر ایک حروف تہجی پر ایک ایک حروف تہجی کیا ہے؟	ایک حروف تہجی کے لئے ایک حروف تہجی کیا ہے؟
uqa_valid	کمپیوٹیشنل مسائل پر غور کرتے وقت ، <ans> مسئلہ کی مثال </ans> ایک حروف تہجی پر ایک تار ہے۔	ایک کمپیوٹیشنل مسئلے میں، ایک حروف تہجی پر ایک تار کے طور پر کیا بیان کیا جا سکتا ہے؟	ایک حروف تہجی کے لئے ایک حروف تہجی کیا ہے؟	ایک حروف تہجی کے لئے ایک حروف تہجی کیا ہے؟
uqa_valid	عام طور پر ، حروف تہجی کو <ans> بائنری حروف تہجی </ans> (یعنی ، سیٹ {0,1}) سمجھا جاتا ہے ، اور اس طرح سٹرنگ بٹ سٹرنگس ہیں۔	ایک مسئلہ مثال میں سب سے زیادہ عام طور پر استعمال کیا جاتا ہے حروف تہجی کا نام کیا ہے؟	حروف تہجی کو حروف تہجی کے لئے کیا سمجھا جاتا ہے؟	حروف تہجی کو عام طور پر کیا سمجھا جاتا ہے؟
uqa_valid	عام طور پر ، حروف تہجی کو <ans> بائنری </ans> حروف تہجی (یعنی ، سیٹ {0,1}) سمجھا جاتا ہے ، اور اس طرح سٹرنگ بٹ سٹرنگس ہیں۔	ایک مسئلہ مثال میں سب سے زیادہ عام طور پر استعمال کیا جاتا ہے حروف تہجی کا نام کیا ہے؟	حروف تہجی حروف تہجی حروف تہجی حروف تہجی حروف تہجی حروف تہجی کو کس حروف تہجی کے طور پر سمجھا جاتا ہے؟	حروف تہجی حروف تہجی حروف تہجی حروف تہجی حروف تہجی کے حروف تہجی کو حروف تہجی میں کس نام سے جانا جاتا ہے؟
uqa_valid	عام طور پر ، حروف تہجی کو بائنری حروف تہجی سمجھا جاتا ہے (یعنی ، سیٹ {0,1}) ، اور اس طرح تاریں <ans> بٹ سٹرنگس </ans> ہیں۔	ایک مسئلہ مثال کے سٹرنگ کے لئے ایک اور اصطلاح کیا ہے؟	حروف تہجی کے لئے ایک اور نام کیا ہے؟	حروف تہجی کے لئے ایک اور نام کیا ہے؟
uqa_valid	مثال کے طور پر ، انٹیجرز کو <ans> بائنری نوٹیشن </ans> میں نمائندگی کی جاسکتی ہے ، اور گراف کو براہ راست ان کے ملحقہ میٹرکس کے ذریعے ، یا ان کی ملحقہ فہرستوں کو بائنری میں انکوڈ کرکے انکوڈ کیا جاسکتا ہے۔	ریاضیاتی اشیاء کی انکوڈنگ میں، وہ طریقہ کیا ہے جس میں انٹیجر عام طور پر ظاہر کیے جاتے ہیں؟	انرزرز کو کس قسم کی نمائندگی کی نمائندگی کی جا سکتی ہے؟	ویبرزرز کہاں سے نمائندگی کی جا سکتی ہے؟
uqa_valid	مثال کے طور پر ، انٹیجرز کو بائنری نوٹیشن میں نمائندگی کی جاسکتی ہے ، اور گراف کو براہ راست ان کے <ans> ایڈجینسٹی میٹرکس </ans> کے ذریعے ، یا ان کی ایڈجینسٹی لسٹس کو بائنری میں انکوڈ کرکے انکوڈ کیا جاسکتا ہے۔	گراف کو انکوڈ کرنے کا ایک طریقہ کیا ہے؟	کون سا عمل ایک کیپلا متن کے لئے ایک نڈین جین میں استعمال کیا جا سکتا ہے؟	کس قسم کی بشریات کو نڈین کو بائنری میں منتقل کیا جا سکتا ہے؟
uqa_valid	مثال کے طور پر ، انٹیجرز کو بائنری نوٹیشن میں نمائندگی کی جاسکتی ہے ، اور گراف کو <ans> براہ راست ان کے ملحقہ میٹرکس کے ذریعے </ans> یا ان کی ملحقہ فہرستوں کو بائنری میں انکوڈ کرکے انکوڈ کیا جاسکتا ہے۔	گراف کو انکوڈ کرنے کا ایک طریقہ کیا ہے؟	ایک رزشرییشن کیا ہے؟	اگر آپرز کو بائنری میں استعمال کیا جا سکتا ہے تو اسے کیا کہا جا سکتا ہے؟
uqa_valid	<ans> فیصلے کے مسائل </ans> کمپیوٹیشنل پیچیدگی کے نظریہ میں مطالعہ کے مرکزی اشیاء میں سے ایک ہیں۔	کمپیوٹیشنل پیچیدگی کے نظریہ میں کس قسم کے مسائل کا مطالعہ کیا جاتا ہے؟	کمپیوٹیشنلیشن نظریہ کے مطالعہ میں دلچسپی کے بارے میں مطالعہ کرنے کے لئے کون سے کم کام ہیں؟	کمپیوٹیشنلیشنلیشن نظریہ کے نظریہ میں سے ایک کیا ہے؟
uqa_valid	<ans> فیصلہ </ans> کے مسائل کمپیوٹیشنل پیچیدگی کے نظریہ میں مطالعہ کے مرکزی اشیاء میں سے ایک ہیں۔	کمپیوٹیشنل پیچیدگی کے نظریہ میں کس قسم کے مسائل کا مطالعہ کیا جاتا ہے؟	کس سال میں مطالعہ کے مطالعہ میں مطالعہ کے مطالعہ میں مطالعہ کیا گیا تھا؟	ٹرانسلوٹیشنلیشنلیشنلیشن نظریہ کے مطالعہ کے مطالعہ میں کس قسم کے مسئلے کا مطالعہ کیا گیا ہے؟
uqa_valid	فیصلہ کا مسئلہ ایک خاص قسم کا کمپیوٹیشنل مسئلہ ہے جس کا جواب یا تو <ans> ہاں یا نہیں </ans> ہے ، یا متبادل طور پر یا تو 1 یا 0.	ایک فیصلے کے مسئلے کے دو سادہ الفاظ کے جوابات کیا ہیں؟	ایک فیصلہ کیا مسئلہ ہے اگر ایک فیصلہ کیا جا سکتا ہے، یا تو کیا یا کمی ہے؟	اگر کوئی مسئلہ نہیں ہو تو کیا ہوگا؟
uqa_valid	فیصلہ کا مسئلہ ایک خاص قسم کا کمپیوٹیشنل مسئلہ ہے جس کا جواب یا تو ہاں یا نہیں ، یا متبادل طور پر یا تو <ans> 1 یا 0 </ans> ہے۔	ایک فیصلے کے مسئلے کے دو انٹیجر جوابات کیا ہیں؟	ایک اور ایک کمپییشنلیشن کے لئے ایک اور کمپی کیا ہے؟	اگر کوئی مسئلہ نہیں ہو تو کیا ہوتا ہے؟
uqa_valid	فیصلہ کا مسئلہ ایک خاص قسم کا کمپیوٹیشنل مسئلہ ہے جس کا جواب یا تو <ans> ہاں </ans> یا نہیں ، یا متبادل طور پر یا تو 1 یا 0 ہے۔	ایک فیصلے کے مسئلے کی زبان کے ایک رکن کے لئے پیداوار کیا ہو جائے گا؟	ایک فیصلہ کیا مسئلہ ہے جس کے لئے فیصلہ کیا جا سکتا ہے؟	ایک فیصلہ کا مسئلہ کیا ہو سکتا ہے؟
uqa_valid	فیصلہ کا مسئلہ ایک خاص قسم کا کمپیوٹیشنل مسئلہ ہے جس کا جواب یا تو <ans> ہاں </ans> یا نہیں ، یا متبادل طور پر یا تو 1 یا 0 ہے۔	کون سا جواب اشارہ کرتا ہے کہ ایک الگورتھم نے ان پٹ سٹرنگ کو قبول کیا ہے؟	ایک فیصلہ کیا مسئلہ ہے جس کے لئے فیصلہ کیا جا سکتا ہے؟	ایک فیصلہ کا مسئلہ کیا ہو سکتا ہے؟
uqa_valid	ان پٹ ایک <ans> صرفی گراف </ans> ہے۔	کس قسم کا گراف ایک فیصلے کے مسئلے میں استعمال ہونے والے ان پٹ کی ایک مثال ہے؟	کیا پٹ کی پٹ کی تعریف پٹ یا آؤٹ پٹ کی طرف سے بیان کیا جاتا ہے؟	کون سا آؤٹ پٹ کے پٹ کو پٹ کرنے کے لئے استعمال کیا جاتا ہے؟
uqa_valid	ان پٹ ایک <ans> منصفانہ </ans> گراف ہے۔	کس قسم کا گراف ایک فیصلے کے مسئلے میں استعمال ہونے والے ان پٹ کی ایک مثال ہے؟	ایک قسم کے پٹ کے لئے ایک اور اصطلاح کیا ہے؟	کون سا شعبہ ساؤتھمپٹن کے پٹ کے پٹ کی وضاحت کرتا ہے؟
uqa_valid	اس فیصلے کے مسئلے سے وابستہ <ans> رسمی زبان </ans> پھر تمام جڑے ہوئے گرافوں کا مجموعہ ہے۔	اس فیصلے کے مسئلے سے متعلق تمام منسلک گرافوں کے سیٹ کے لئے اصطلاح کیا ہے؟	تمام مخلوقات کے ساتھ منسلک تمام منسلک کیا ہیں؟	تمام مخلوقات کے ساتھ منسلک کیا منسلک ہے؟
uqa_valid	<ans> اس فیصلے کے مسئلے سے وابستہ باضابطہ زبان </ans> پھر تمام منسلک گرافوں کا مجموعہ ہے۔	اس فیصلے کے مسئلے سے متعلق تمام منسلک گرافوں کے سیٹ کے لئے اصطلاح کیا ہے؟	تمام منسلک تمام منسلکوں کے ساتھ کیا منسلک ہے؟	تمام تبتیوں کے لئے ایک اور اصطلاح کیا ہے؟
uqa_valid	یقینا ، اس زبان کی عین مطابق تعریف حاصل کرنے کے لئے ، کسی کو یہ فیصلہ کرنا ہوگا کہ <ans> گراف کو بائنری سٹرنگ کے طور پر کیسے انکوڈ کیا جاتا ہے۔ </ans>	رسمی زبان کی عین مطابق تعریف کا تعین کرنے کے لئے کون سا انکوڈنگ فیصلہ کرنے کی ضرورت ہے؟	ایک زبان کی تعریف کیسے کی جاتی ہے؟	ایک زبان کی تعریف کیسے کی جاتی ہے؟
uqa_valid	ایک فنکشن مسئلہ <ans> ایک کمپیوٹیشنل مسئلہ </ans> ہے جہاں ہر ان پٹ کے لئے ایک واحد آؤٹ پٹ (ایک کل فنکشن کا) کی توقع کی جاتی ہے ، لیکن آؤٹ پٹ فیصلے کے مسئلے سے زیادہ پیچیدہ ہے ، یعنی ، یہ صرف ہاں یا نہیں ہے۔	ایک فنکشن مسئلہ کیا کی ایک مثال ہے؟	ایک پٹ کی پٹ کی ایک مثال کیا ہے؟	ایک میچ آؤٹ پٹ کی ایک مثال کیا ہے؟
uqa_valid	ایک فنکشن مسئلہ ایک کمپیوٹیشنل مسئلہ ہے جہاں ہر ان پٹ کے لئے <ans> ایک واحد آؤٹ پٹ </ans> (ایک کل فنکشن کا) کی توقع کی جاتی ہے ، لیکن آؤٹ پٹ فیصلے کے مسئلے کے مقابلے میں زیادہ پیچیدہ ہے ، یعنی ، یہ صرف ہاں یا نہیں ہے۔	ایک فنکشن مسئلے میں ہر ان پٹ کے لئے کتنے آؤٹ پٹ کی توقع کی جاتی ہے؟	ایک کمپیوٹیشن کیا ہے؟	ایک کمپیوٹیشن کیا ہے؟
uqa_valid	ایک فنکشن مسئلہ ایک کمپیوٹیشنل مسئلہ ہے جہاں ہر ان پٹ کے لئے ایک <ans> سنگل </ans> آؤٹ پٹ (ایک کل فنکشن کا) کی توقع کی جاتی ہے ، لیکن آؤٹ پٹ فیصلے کے مسئلے سے زیادہ پیچیدہ ہے ، یعنی ، یہ صرف ہاں یا نہیں ہے۔	ایک فنکشن مسئلے میں ہر ان پٹ کے لئے کتنے آؤٹ پٹ کی توقع کی جاتی ہے؟	ایک پٹ کے لئے ایک اور مسئلہ کیا ہے؟	آؤٹ پٹ کے لئے ایک اور مسئلہ کیا ہے؟
uqa_valid	<ans> ایک فنکشن مسئلہ </ans> ایک کمپیوٹیشنل مسئلہ ہے جہاں ہر ان پٹ کے لئے ایک واحد آؤٹ پٹ (ایک کل فنکشن کا) کی توقع کی جاتی ہے ، لیکن آؤٹ پٹ فیصلے کے مسئلے سے زیادہ پیچیدہ ہے ، یعنی ، یہ صرف ہاں یا نہیں ہے۔	سفر کرنے والے تاجر کا مسئلہ کس قسم کے مسئلے کی ایک مثال ہے؟	ایک کم آؤٹ پٹ کیا ہے جو ایک پٹ آؤٹ پٹ کے پٹ کے لئے ایک آؤٹ پٹ کی طرف سے ایک واحد آؤٹ پٹ کی طرف سے ایک واحد مسئلہ پیدا کیا جا سکتا ہے؟	ایک کم آؤٹ پٹ کیا ہے؟
uqa_valid	ایک <ans> فنکشن </ans> مسئلہ ایک کمپیوٹیشنل مسئلہ ہے جہاں ہر ان پٹ کے لئے ایک واحد آؤٹ پٹ (ایک کل فنکشن کا) کی توقع کی جاتی ہے ، لیکن آؤٹ پٹ فیصلے کے مسئلے سے زیادہ پیچیدہ ہے ، یعنی ، یہ صرف ہاں یا نہیں ہے۔	سفر کرنے والے تاجر کا مسئلہ کس قسم کے مسئلے کی ایک مثال ہے؟	ایک کم آؤٹ پٹ کیا ہے جو ایک واحد آؤٹ پٹ کے لئے ایک آؤٹ پٹ کی طرف سے ایک واحد مسئلہ پیدا کرنے کی ضرورت ہے؟	ایک کم آؤٹ پٹ کے لئے ایک اور آؤٹ پٹ کیا ہے؟
uqa_valid	ایک <ans> فنکشن مسئلہ </ans> ایک کمپیوٹیشنل مسئلہ ہے جہاں ہر ان پٹ کے لئے ایک واحد آؤٹ پٹ (ایک کل فنکشن کا) کی توقع کی جاتی ہے ، لیکن آؤٹ پٹ فیصلے کے مسئلے کے مقابلے میں زیادہ پیچیدہ ہے ، یعنی ، یہ صرف ہاں یا نہیں ہے۔	سفر کرنے والے تاجر کا مسئلہ کس قسم کے مسئلے کی ایک مثال ہے؟	ایک پٹ آؤٹ پٹ کے لئے ایک اور آؤٹ پٹ کیا ہے؟	ایک کم آؤٹ پٹ کیا ہے؟
uqa_valid	قابل ذکر مثالوں میں سفر کرنے والے سیلزمین کا مسئلہ اور <ans> انٹیجر فیکٹرائزیشن مسئلہ </ans> شامل ہیں۔	سفر کرنے والے بیچنے والے کے مسئلے کے علاوہ ، فنکشن کے مسئلے کی ایک اور مثال کیا ہے؟	اس دور میں سفر کرنے والے والےمین کا نام کیا ہے؟	اس دور میں سفر کرنے والے والےمین کا نام کیا ہے؟
uqa_valid	قابل ذکر مثالوں میں سفر کرنے والے سیلزمین کا مسئلہ اور <ans> انٹیجر فیکٹرائزیشن </ans> کا مسئلہ شامل ہے۔	سفر کرنے والے بیچنے والے کے مسئلے کے علاوہ ، فنکشن کے مسئلے کی ایک اور مثال کیا ہے؟	اس قسم کا مسئلہ کیا ہے جس میں سفر کرنے والے والے والے والے والے والے طلباء والے سفر والے طلباء کو شامل کرنے کے قابل ہے؟	اس قسم کا مسئلہ کیا ہے؟
uqa_valid	ایک فنکشن مسئلہ ایک کمپیوٹیشنل مسئلہ ہے جہاں ہر ان پٹ کے لئے ایک واحد آؤٹ پٹ (ایک کل فنکشن کا) کی توقع کی جاتی ہے ، لیکن آؤٹ پٹ فیصلے کے مسئلے کے مقابلے میں زیادہ <ans> پیچیدہ </ans> ہے ، یعنی ، یہ صرف ہاں یا نہیں ہے۔	کیا ایک فنکشنل مسئلے کی پیداوار عام طور پر ایک سادہ یا پیچیدہ جواب کی طرف سے خصوصیات ہے؟	آؤٹ پٹ کے پٹ کے ساتھ ساتھ، آؤٹ پٹ حساسیت کے مقابلے میں زیادہ سے زیادہ کیا ہے؟	آؤٹ پٹ کے لئے ایک اور آؤٹ پٹ کیا ہے؟
uqa_valid	یہ سوچنے کا لالچ ہے کہ فنکشن کے مسائل کا تصور <ans> فیصلے کے مسائل </ans> کے تصور سے بہت زیادہ امیر ہے۔	فنکشن کے مسائل کو عام طور پر کس طرح دوبارہ بیان کیا جاسکتا ہے؟	جامع اسکول کا تصور کس تصور سے تصور امیر ہے؟	جامع اسکول کا تصور کس تصور کے تصور سے زیادہ ہے؟
uqa_valid	تاہم ، یہ واقعی ایسا نہیں ہے ، کیونکہ فنکشن کے مسائل کو <ans> فیصلے کے مسائل کے طور پر </ans> دوبارہ تشکیل دیا جاسکتا ہے۔	فنکشن کے مسائل کو عام طور پر کس طرح دوبارہ بیان کیا جاسکتا ہے؟	مسائل کے مسائل کو مسائل دوبارہ کیسے دوبارہ حاصل کیا جا سکتا ہے؟	مسائل کے مسائل کو مسائل دوبارہ کیسے دوبارہ حاصل کیا جا سکتا ہے؟
uqa_valid	مثال کے طور پر ، دو انٹیجرز کی ضرب کو <ans> تینوں کا مجموعہ </ans> (a ، b ، c) کے طور پر ظاہر کیا جاسکتا ہے تاکہ تعلق a × b = c برقرار رہے۔	اگر دو پورے اعداد کو ضرب دی جائے اور ایک قدر نکل آئے تو اس اظہار سیٹ کو کیا کہا جاتا ہے؟	دو آڈیورز کی خواہش کو کیا کہا جاتا ہے؟	دو آڈیورز کیا ہیں؟
uqa_valid	یہ فیصلہ کرنا کہ آیا ایک دیئے گئے <ans> ٹرپل </ans> اس سیٹ کا ممبر ہے یا نہیں دو نمبروں کی ضرب کے مسئلے کو حل کرنے کے مطابق ہے۔	اگر دو پورے اعداد کو ضرب دی جائے اور ایک قدر نکل آئے تو اس اظہار سیٹ کو کیا کہا جاتا ہے؟	ایک ریفری کے مسئلے کو حل کرنے کے مسئلے کے مسئلے کو حل کرنے کے مسئلے کا حل کیا ہے؟	ایک ریفری کے مسئلے کے مسئلے کو حل کرنے کے مسئلے کو حل کرنے کے مسئلے کو حل کرنے کے مسئلے کو حل کرنے کے مسئلے کو حل کرنے کے مسئلے کو حل کرنے کے مسئلے کو حل کرنے کے
uqa_valid	مثال کے طور پر ، دو انٹیجرز کی ضرب کو <ans> تینوں (a ، b ، c) کا مجموعہ </ans> کے طور پر ظاہر کیا جاسکتا ہے جس میں رشتہ a × b = c ہوتا ہے۔	اگر دو پورے اعداد کو ضرب دی جائے اور ایک قدر نکل آئے تو اس اظہار سیٹ کو کیا کہا جاتا ہے؟	دو دورز دورز کیا ہیں؟	دو آڈیورز کی دو اقسام کیا ہیں؟
uqa_valid	کمپیوٹیشنل مسئلے کو حل کرنے کی دشواری کی پیمائش کرنے کے لئے ، کوئی یہ دیکھنا چاہتا ہے کہ مسئلہ کو حل کرنے کے لئے بہترین الگورتھم کو کتنا <ans> وقت </ans> درکار ہے۔	ایک کمپیوٹیشنل مسئلہ کی پیچیدگی کا تعین کرنے کے لئے استعمال کیا جاتا ایک عام طور پر استعمال کیا پیمائش کیا ہے؟	ایک حل کو حل کرنے کے مسئلے کو حل کرنے کے لئے بہترین مسئلہ کیا ہے؟	مسئلے کو حل کرنے حل کرنے کے لئے بہترین مسئلہ کیا ہے؟
uqa_valid	تاہم ، چلانے کا وقت ، عام طور پر ، <ans> مثال </ans> پر منحصر ہوسکتا ہے۔	ایک متغیر کیا ہے جس پر چلانے کا وقت contingent ہو سکتا ہے؟	جب آپ کو وقت کا وقت آتا ہے تو آپ کس چیز پر منحصر ہو سکتے ہیں؟	وقت کا وقت کس چیز پر منحصر ہے؟
uqa_valid	اس طرح کسی مسئلے کو حل کرنے کے لئے درکار وقت (یا مطلوبہ جگہ ، یا پیچیدگی کا کوئی پیمانہ) کا حساب <ans> مثال کے سائز </ans> کے فنکشن کے طور پر کیا جاتا ہے۔	ایک متغیر کیا ہے جس پر چلانے کا وقت contingent ہو سکتا ہے؟	ایک مسئلے کو حل کرنے حل کرنے کے لئے درکار کیا ہے؟	اگر آپ کسی مسئلے کو حل نہیں کرتے تو آپ کو کیا کہا جاتا ہے؟
uqa_valid	اس طرح کسی مسئلے کو حل کرنے کے لئے درکار وقت (یا مطلوبہ جگہ ، یا پیچیدگی کا کوئی پیمانہ) کا حساب <ans> مثال کے سائز کے فنکشن کے طور پر </ans> کیا جاتا ہے۔	کسی مسئلے کا حل حاصل کرنے کے لئے درکار وقت کا حساب کیسے لگایا جاتا ہے؟	اگر کسی مسئلے کو کسی مسئلے کو حل کرنے کے مسئلے کو حل کرنے کے لئے وقت یا تو پی کا استعمال کیا جاتا ہے تو کیا ہوتا ہے؟	اگر کسی مسئلے کو کسی مسئلے کو حل کرنے کے مسئلے کو حل کیا جاتا ہے تو کیا ہوتا ہے؟
uqa_valid	اس طرح کسی مسئلے کو حل کرنے کے لئے درکار وقت (یا مطلوبہ جگہ ، یا پیچیدگی کا کوئی پیمانہ) کا حساب <ans> مثال کے سائز کے فنکشن </ans> کے طور پر کیا جاتا ہے۔	کسی مسئلے کا حل حاصل کرنے کے لئے درکار وقت کا حساب کیسے لگایا جاتا ہے؟	ایک مسئلے کو حل کرنے حل کرنے کے مسئلے کو حل کرنے کے لئے درکار کیا ہے؟	ایک مسئلے کو حل کرنے کے مسئلے کو حل کرنے کے مسئلے کو کیا کہا جاتا ہے؟
uqa_valid	یہ عام طور پر <ans> بٹس </ans> میں ان پٹ کا سائز سمجھا جاتا ہے۔	ان پٹ کا سائز کس یونٹ میں ماپا جاتا ہے؟	یہ نظام کس چیز سے تعلق رکھتا ہے؟	یہ نظام کہاں واقع ہے؟
uqa_valid	پیچیدگی کا نظریہ اس میں دلچسپی رکھتا ہے کہ <ans> ان پٹ سائز میں اضافے </ans> کے ساتھ الگورتھم کس طرح پیمانے پر ہیں۔	پیچیدگی کا نظریہ کس دوسرے متغیر کے سلسلے میں الگورتھم کے پیمانے کے درمیان تعلقات کی وضاحت کرنے کی کوشش کرتا ہے؟	کیا نوجوان کے نظریہ میں انسانی ترقی کے نظریہ میں دلچسپی رکھنے کے لئے اہم ہے؟	فاؤنڈیشن کا نظریہ کس چیز سے متاثر ہوتا ہے؟
uqa_valid	پیچیدگی کا نظریہ اس بات میں دلچسپی رکھتا ہے کہ کس طرح الگورتھم <ans> ان پٹ سائز </ans> میں اضافے کے ساتھ پیمانے پر ہیں۔	پیچیدگی کا نظریہ کس دوسرے متغیر کے سلسلے میں الگورتھم کے پیمانے کے درمیان تعلقات کی وضاحت کرنے کی کوشش کرتا ہے؟	کس قسم کے تعلقات میں اکثر اس کے ساتھ تعلقات کا استعمال کیا جاتا ہے؟	محققین کا کہنا ہے کہ دونوں کس چیز میں اضافے کے لیے استعمال ہوتے ہیں؟
uqa_valid	اگر ان پٹ کا سائز n ہے تو ، <ans> وقت لیا گیا </ans> کو n کے فنکشن کے طور پر ظاہر کیا جاسکتا ہے۔	اگر ان پٹ سائز n کے برابر ہے، تو اس کے مطابق کیا فرض کیا جا سکتا ہے کہ n کا فنکشن ہے؟	فاری کے سامنے کون سا حقہ ہے؟	کون سا اصطلاح فاری کے طور پر ظاہر کیا جا سکتا ہے؟
uqa_valid	چونکہ ایک ہی سائز کے مختلف ان پٹ پر لیا گیا وقت مختلف ہوسکتا ہے ، لہذا <ans> بدترین کیس ٹائم پیچیدگی </ans> T(n) کو سائز n کے تمام ان پٹ پر لیا گیا زیادہ سے زیادہ وقت کے طور پر بیان کیا گیا ہے۔	کون سا اصطلاح n کے تمام افعال میں وقت کی زیادہ سے زیادہ پیمائش سے مطابقت رکھتا ہے؟	کون سا سافٹ ویئر سائز کے سائز کے ساتھ ان کے وقت کے وقت کے وقت کے وقت کے وقت کے وقت کے وقت کے وقت کے وقت کے طور پر بیان کیا گیا ہے؟	سائز کے سائز کے ساتھ ساتھ، کون سا دوسرا سب سے زیادہ سائز کے سائز کے طور پر بیان کیا جاتا ہے؟
uqa_valid	چونکہ ایک ہی سائز کے مختلف ان پٹ پر لیا گیا وقت مختلف ہوسکتا ہے ، لہذا بدترین صورت میں وقت کی پیچیدگی <ans> T(n) </ans> کو سائز n کے تمام ان پٹ پر لیا گیا زیادہ سے زیادہ وقت کے طور پر بیان کیا جاتا ہے۔	بدترین صورت میں وقت کی پیچیدگی کو ایک اظہار کے طور پر کیسے لکھا جاتا ہے؟	وقت کی وقت کے وقت کے وقت کے وقت کے وقت کے وقت کیا پیمائش کی جاتی ہے؟	وقت کے وقت کے وقت کے وقت کے وقت کے وقت کے وقت کے وقت میں کون سا اہم عنصر استعمال کیا جاتا ہے؟
uqa_valid	اگر T(n) n میں ایک کثیرالاضلاع ہے تو ، پھر الگورتھم کو <ans> کثیرالاضلاع وقت الگورتھم </ans> کہا جاتا ہے۔	یہ فرض کرتے ہوئے کہ T T(n) میں ایک کثیرالاضلاع کی نمائندگی کرتا ہے، متعلقہ الگورتھم کو کیا اصطلاح دی گئی ہے؟	ایک کثیر مرحلے میں ایک کثیر جہتی کثیر اللاضلا کیا ہے؟	ایک کثیر مقصد کیا ہے؟
uqa_valid	اگر T(n) n میں کثیرالاضلاع ہے تو ، پھر الگورتھم کو <ans> کثیرالاضلاع وقت </ans> الگورتھم کہا جاتا ہے۔	یہ فرض کرتے ہوئے کہ T T(n) میں ایک کثیرالاضلاع کی نمائندگی کرتا ہے، متعلقہ الگورتھم کو کیا اصطلاح دی گئی ہے؟	اگر ایک in کثیر ض کثیر ض کثیرضلا کثیرلا کولانے کی ضرورت ہے تو کیا ہوتا ہے؟	اگر ایک کثیر ضحض کثیر اللاض کثیر اللاضلا کثیر اللاضلالا کو حل کیا جاتا ہے تو اسے کیا کہا جاتا ہے؟
uqa_valid	<ans> ٹیورنگ مشین </ans> ایک عام کمپیوٹنگ مشین کا ایک ریاضیاتی ماڈل ہے۔	ایک ریاضیاتی ماڈل کے لئے اصطلاح کیا ہے جو نظریاتی طور پر ایک عام کمپیوٹنگ مشین کی نمائندگی کرتا ہے؟	مشین مشین مشین کا ایک ماڈل کیا ہے؟	مشین مشین مشین کا ایک ماڈل کیا ہے؟
uqa_valid	<ans> ٹورنگ مشین </ans> ایک عام کمپیوٹنگ مشین کا ایک ریاضیاتی ماڈل ہے۔	ایک ریاضیاتی ماڈل کے لئے اصطلاح کیا ہے جو نظریاتی طور پر ایک عام کمپیوٹنگ مشین کی نمائندگی کرتا ہے؟	مشین مشین مشین کا ایک ماڈل کیا ہے؟	مشین مشین مشین کا ایک ماڈل کیا ہے؟
uqa_valid	یہ ایک نظریاتی آلہ ہے جو ٹیپ کی ایک پٹی پر موجود <ans> علامتوں </ans> میں ہیرا پھیری کرتا ہے۔	ٹورنگ مشین ٹیپ کی ایک پٹی پر کیا ہینڈل کرتی ہے؟	ایک آلہ کی ایک پٹی پر ایک آلہ کیا ہے؟	ایک آلہ کی ایک مثال کیا ہے؟
uqa_valid	<ans> ایک طے شدہ ٹورنگ مشین </ans> سب سے بنیادی ٹورنگ مشین ہے ، جو اپنے مستقبل کی کارروائیوں کا تعین کرنے کے لئے قواعد کے ایک مقررہ سیٹ کا استعمال کرتی ہے۔	عام طور پر ٹورنگ مشین کا سب سے بنیادی اعادہ کیا سمجھا جاتا ہے؟	سب سے زیادہ مقبولنگ مشین مشین کیا ہے؟	سب سے اہم مشیننگ مشین کیا ہے؟
uqa_valid	ایک <ans> حتمی </ans> ٹورنگ مشین سب سے بنیادی ٹورنگ مشین ہے ، جو اپنے مستقبل کی کارروائیوں کا تعین کرنے کے لئے قواعد کے ایک مقررہ سیٹ کا استعمال کرتی ہے۔	عام طور پر ٹورنگ مشین کا سب سے بنیادی اعادہ کیا سمجھا جاتا ہے؟	ٹورنگ مشین ٹورنگ مشین کا ٹورنگ مشین کتنا ہے؟	ٹورنگ مشین ٹورنگ مشین کس قسم کا ٹورنگ ہے؟
uqa_valid	ایک <ans> حتمی ٹورنگ مشین </ans> سب سے بنیادی ٹورنگ مشین ہے ، جو اپنے مستقبل کے اقدامات کا تعین کرنے کے لئے قواعد کے ایک مقررہ سیٹ کا استعمال کرتی ہے۔	عام طور پر ٹورنگ مشین کا سب سے بنیادی اعادہ کیا سمجھا جاتا ہے؟	مشین کا سب سے اہم آلہ کیا ہے؟	سب سے زیادہ مقبولنگ مشین کیا ہے؟
uqa_valid	ایک طے شدہ ٹورنگ مشین سب سے بنیادی ٹورنگ مشین ہے ، جو اپنی مستقبل کی کارروائیوں کا تعین کرنے کے لئے <ans> قواعد </ans> کے ایک مقررہ سیٹ کا استعمال کرتی ہے۔	عوامل کا کیا فکسڈ سیٹ ایک determinist ٹورنگ مشین کے اعمال کا تعین کرتا ہے	ایک ٹورنگ مشین کی ایک شاخ کیا ہے؟	ایک ٹورنگ مشین کی ایک شاخ کیا ہے؟
uqa_valid	ایک طے شدہ ٹورنگ مشین سب سے بنیادی ٹورنگ مشین ہے ، جو <ans> اپنے مستقبل کے اقدامات کا تعین کرنے کے لئے قواعد کا ایک مقررہ سیٹ </ans> استعمال کرتی ہے۔	عوامل کا کیا فکسڈ سیٹ ایک determinist ٹورنگ مشین کے اعمال کا تعین کرتا ہے	ٹورنگ مشین مشین کیا استعمال کرتی ہے؟	ٹورنگ مشین مشین کیا ہے؟
uqa_valid	<ans> ممکن ٹورنگ مشین </ans> ایک طے شدہ ٹورنگ مشین ہے جس میں بے ترتیب بٹس کی اضافی فراہمی ہوتی ہے۔	ایک متعین ٹورنگ مشین کی شناخت کے لئے استعمال ہونے والی اصطلاح کیا ہے جس میں اضافی بے ترتیب بٹس ہیں؟	بے ترتیب میں کیا بے ترتیب ہے؟	بے ترتیب بٹس کی اضافی فراہمی کیا ہے؟
uqa_valid	ایک <ans> ممکن </ans> ٹورنگ مشین ایک طے شدہ ٹورنگ مشین ہے جس میں بے ترتیب بٹس کی اضافی فراہمی ہوتی ہے۔	ایک متعین ٹورنگ مشین کی شناخت کے لئے استعمال ہونے والی اصطلاح کیا ہے جس میں اضافی بے ترتیب بٹس ہیں؟	ٹورنگ مشین کا ایک اور ٹورنگ مشین کیا ہے؟	ٹورنگ مشین کا ایک اور ٹورنگ مشین کیا ہے؟
uqa_valid	ایک <ans> ممکن ٹورنگ مشین </ans> ایک طے شدہ ٹورنگ مشین ہے جس میں بے ترتیب بٹس کی اضافی فراہمی ہوتی ہے۔	ایک متعین ٹورنگ مشین کی شناخت کے لئے استعمال ہونے والی اصطلاح کیا ہے جس میں اضافی بے ترتیب بٹس ہیں؟	بے ترتیب میں کیا اضافی خصوصیاتنگ ہے؟	بے ترتیب کے لئے ایک اور ٹورنگ مشین کیا ہے؟
uqa_valid	<ans> ایک غیر طے شدہ ٹورنگ مشین </ans> ایک طے شدہ ٹورنگ مشین ہے جس میں غیر طے شدہ کی ایک اضافی خصوصیت ہے ، جو ٹورنگ مشین کو ایک دی گئی حالت سے متعدد ممکنہ مستقبل کی کارروائیوں کی اجازت دیتی ہے۔	ٹورنگ مشین کی کون سی قسم متعدد کارروائیوں کے قابل ہے اور مختلف قسم کے کمپیوٹیشنل راستوں میں پھیلتی ہے؟	غیرنگ مشیننگ مشین کی ایک مثال کیا ہے؟	ٹورنگ مشین کی ایک اضافی خصوصیت کیا ہے؟
uqa_valid	ایک <ans> غیر طے شدہ </ans> ٹورنگ مشین ایک طے شدہ ٹورنگ مشین ہے جس میں غیر طے شدہ کی ایک اضافی خصوصیت ہے ، جو ٹورنگ مشین کو کسی دیئے گئے حالت سے متعدد ممکنہ مستقبل کی کارروائیوں کی اجازت دیتی ہے۔	ٹورنگ مشین کی کون سی قسم متعدد کارروائیوں کے قابل ہے اور مختلف قسم کے کمپیوٹیشنل راستوں میں پھیلتی ہے؟	ٹورنگ مشیننگ مشین کا استعمال کرنے والا ایک ٹورنگ مشین کیا ہے؟	ٹورنگ مشین کا استعمال کرنے والا ایک ٹورنگ مشین کیا ہے؟
uqa_valid	ایک <ans> غیر طے شدہ ٹورنگ مشین </ans> ایک طے شدہ ٹورنگ مشین ہے جس میں غیر طے شدہ کی ایک اضافی خصوصیت ہے ، جو ٹورنگ مشین کو کسی دیئے گئے حالت سے متعدد ممکنہ مستقبل کی کارروائیوں کی اجازت دیتی ہے۔	ٹورنگ مشین کی کون سی قسم متعدد کارروائیوں کے قابل ہے اور مختلف قسم کے کمپیوٹیشنل راستوں میں پھیلتی ہے؟	ٹورنگ مشین کا ایک غیر استعمال شدہ مشین کیا ہے؟	ٹورنگ مشین کی ایک خصوصیت کیا ہے؟
uqa_valid	الگورتھم جو بے ترتیب بٹس کا استعمال کرتے ہیں انہیں <ans> ریینڈمائزڈ الگورتھم </ans> کہا جاتا ہے۔	ان الگورتھم کو کیا اصطلاح دی جاتی ہے جو بے ترتیب بٹس کا استعمال کرتے ہیں؟	بے ترتیب بٹس کا استعمال کرتے ہوئے بے ترتیب بٹس کا استعمال کرتے ہوئے کیا بے نقاب کیا جاتا ہے؟	بے ترتیب بٹس کو کیا کہا جاتا ہے؟
uqa_valid	ٹورنگ مشینوں کی بہت سی اقسام کو <ans> پیچیدگی کی کلاسوں </ans> کی وضاحت کرنے کے لئے استعمال کیا جاتا ہے ، جیسے تعیناتی ٹورنگ مشینیں ، امکانات ٹورنگ مشینیں ، غیر تعیناتی ٹورنگ مشینیں ، کوانٹم ٹورنگ مشینیں ، ہم آہنگ ٹورنگ مشینیں اور متبادل ٹورنگ مشینیں۔	ٹورنگ مشینیں عام طور پر کیا وضاحت کرنے کے لئے استعمال کیا جاتا ہے؟	ٹورنگ مشینوں کی علامت کیا ہے؟	ٹورنگ مشینوں کی وضاحت کرنے کے لئے کیا استعمال کیا جاتا ہے؟
uqa_valid	وہ سب اصولی طور پر یکساں طور پر طاقتور ہیں ، لیکن جب وسائل (جیسے <ans> وقت یا جگہ </ans> ) محدود ہوتے ہیں تو ، ان میں سے کچھ دوسروں سے زیادہ طاقتور ہوسکتے ہیں۔	کون سے دو عوامل براہ راست اثر انداز ہوتے ہیں کہ ٹورنگ مشین کتنی طاقتور ہوسکتی ہے یا نہیں ہوسکتی ہے؟	وسائل کی جگہ کیا ہے؟	وسائل کے لئے ایک اور اصطلاح کیا ہے؟
uqa_valid	ٹورنگ مشینوں کی بہت سی اقسام پیچیدگی کی کلاسوں کی وضاحت کرنے کے لئے استعمال کی جاتی ہیں ، جیسے تعیناتی ٹورنگ مشینیں ، <ans> امکاناتی ٹورنگ مشینیں ، غیر تعیناتی ٹورنگ مشینیں </ans> ، کوانٹم ٹورنگ مشینیں ، ہم آہنگ ٹورنگ مشینیں اور متبادل ٹورنگ مشینیں۔	پیچیدگی کی کلاسوں کے تعین میں ، ٹورنگ مشینوں کی دو اقسام کی دو مثالیں کیا ہیں؟	ٹورنگ مشین مشینیں مشینیں مشینیں کس ٹورنگ مشینیں استعمال کی مشینیں ہیں؟	ٹورنگ مشینیں مشینیں کس ٹورنگ مشینوں کی وضاحت کرنے کی کوشش کرتے ہیں؟
uqa_valid	معیاری ملٹی ٹیپ ٹورنگ مشینوں سے مختلف بہت سے مشین ماڈل ادب میں تجویز کیے گئے ہیں ، مثال کے طور پر <ans> ریینڈم ایکسیس مشینیں </ans> ۔	ایک مشین ماڈل کی ایک مثال کیا ہے جو عام طور پر قبول شدہ ملٹی ٹیپ ٹورنگ مشین سے ہٹ جاتی ہے؟	معیاری ماڈل مشینوں میں کیا استعمال کیا جاتا ہے؟	معیاری ماڈل مشین کیا ہے؟
uqa_valid	شاید حیرت انگیز طور پر ، ان میں سے ہر ایک ماڈل کو کسی اضافی <ans> کمپیوٹیشنل طاقت </ans> فراہم کیے بغیر دوسرے میں تبدیل کیا جاسکتا ہے۔	ٹورنگ مشینوں اور متبادل متغیرات پر غور کرتے ہوئے ، مشین ماڈلز کے مابین تبادلوں سے کون سی پیمائش متاثر نہیں ہوئی؟	ایک ماڈل میں ماڈل کو تبدیل کرنے کے لئے کیا استعمال کیا جا سکتا ہے؟	ایک ماڈل کو ماڈل میں تبدیل کرنے کے لئے کیا استعمال کیا جا سکتا ہے؟
uqa_valid	ان تمام ماڈلز میں مشترکہ یہ ہے کہ <ans> مشینیں طے شدہ طور پر کام کرتی ہیں۔ </ans>	متبادل مشین ماڈل ، جیسے بے ترتیب رسائی مشینیں ، ٹورنگ مشینوں کے ساتھ کیا مماثلت رکھتے ہیں؟	تمام دیوتا تمام جمندات کے بجائے کیا کام کرتے ہیں؟	تمام دیوتا کے مطابق، ان کے کام میں کیا شامل ہے؟
uqa_valid	ان تمام ماڈلز میں مشترکہ یہ ہے کہ مشینیں <ans> حتمی طور پر </ans> کام کرتی ہیں۔	متبادل مشین ماڈل ، جیسے بے ترتیب رسائی مشینیں ، ٹورنگ مشینوں کے ساتھ کیا مماثلت رکھتے ہیں؟	مشینیں کس طرح کام کرتی ہیں؟	مشینیں کس طرح کام کرتی ہیں؟
uqa_valid	مثال کے طور پر ، ایک <ans> غیر متعین </ans> ٹورنگ مشین ایک کمپیوٹیشنل ماڈل ہے جسے ایک ہی وقت میں بہت سے مختلف امکانات کی جانچ پڑتال کے لئے شاخ کرنے کی اجازت ہے۔	ٹورنگ مشین کی کس قسم کی ایک ہی وقت میں ایک سے زیادہ امکانات کی جانچ پڑتال کی طرف سے خصوصیات کیا جا سکتا ہے؟	ایک کیڑا ایک دسپیلیشن ماڈل کیا ہے؟	کس قسم کی ٹورنگ مشین کی جانچ پڑتال کی جانچ پڑتال کی اجازت دیتی ہے؟
uqa_valid	مثال کے طور پر ، ایک <ans> غیر متعین ٹورنگ مشین </ans> ایک کمپیوٹیشنل ماڈل ہے جسے ایک ہی وقت میں بہت سے مختلف امکانات کی جانچ پڑتال کے لئے شاخ کرنے کی اجازت ہے۔	ٹورنگ مشین کی کس قسم کی ایک ہی وقت میں ایک سے زیادہ امکانات کی جانچ پڑتال کی طرف سے خصوصیات کیا جا سکتا ہے؟	ایکپیپیوٹیشنلیشن ماڈل کیا ہے؟	ایکپیپیوٹیشنلیشن کی ایک مثال کیا ہے؟
uqa_valid	تاہم ، کچھ کمپیوٹیشنل مسائل کا تجزیہ زیادہ <ans> غیر معمولی وسائل </ans> کے لحاظ سے کرنا آسان ہے۔	کمپیوٹیشنل مسائل میں تجزیہ کی آسانی کو اکثر کیا متاثر کرتا ہے یا سہولت فراہم کرتا ہے؟	کچھ مسائل کم مسائل کے مسائل کا تجزیہ کرتے ہیں، کچھ کم کیا؟	کچھ کمپیوٹیشنل مسائل کا تجزیہ کس چیز سے کرنا آسان ہے؟
uqa_valid	تاہم ، کچھ کمپیوٹیشنل مسائل کا تجزیہ <ans> زیادہ غیر معمولی وسائل </ans> کے لحاظ سے کرنا آسان ہے۔	کمپیوٹیشنل مسائل میں تجزیہ کی آسانی کو اکثر کیا متاثر کرتا ہے یا سہولت فراہم کرتا ہے؟	کچھ کمپیوٹیشنل مسائل کا تجزیہ کس چیز سے کرنا آسان ہے؟	کچھ کمپیوٹیشنل مسائل کا تجزیہ کس چیز سے کرنا آسان ہے؟
uqa_valid	غیر متعین ٹورنگ مشین کا اس سے بہت کم تعلق ہے کہ ہم جسمانی طور پر الگورتھم کا حساب لگانا چاہتے ہیں ، لیکن اس کی شاخیں بہت سے <ans> ریاضیاتی ماڈل </ans> کو بالکل پکڑتی ہیں جن کا ہم تجزیہ کرنا چاہتے ہیں ، لہذا غیر متعین وقت کمپیوٹیشنل مسائل کا تجزیہ کرنے میں ایک بہت اہم وسائل ہے۔	ایک غیر تعیناتی ٹورنگ مشین میں مفید تجزیہ کے کس پہلو کو پکڑنے کی صلاحیت ہے؟	غیر غیر فعال غیر فعال طور پر کس چیز کے ذریعے توجہ مرکوز کر سکتے ہیں؟	غیر فعال غیر فعال طور پر کس قسم کے ماڈل کو ترجیح دیتے ہیں؟
uqa_valid	غیر متعین ٹورنگ مشین کا اس سے بہت کم تعلق ہے کہ ہم جسمانی طور پر الگورتھم کا حساب لگانا چاہتے ہیں ، لیکن اس کی شاخیں بہت سے ریاضیاتی ماڈل کو بالکل پکڑتی ہیں جن کا ہم تجزیہ کرنا چاہتے ہیں ، لہذا غیر متعین <ans> وقت </ans> کمپیوٹیشنل مسائل کا تجزیہ کرنے میں ایک بہت اہم وسائل ہے۔	غیر متعین ٹورنگ مشینوں سے وابستہ کمپیوٹیشنل مسائل کے تجزیے میں سب سے اہم وسائل کیا ہے؟	غیر غیر فعال غیر فعال طور پر کس قسم کی کمپینیشنل تجزیہ کی تجزیہ کی ایک مثال ہے؟	غیر غیر غیر فعال طور پر کس قسم کی کمپیوٹیشنل مسائل کا تجزیہ کرتے ہیں؟
uqa_valid	غیر متعین ٹورنگ مشین کا اس سے بہت کم تعلق ہے کہ ہم جسمانی طور پر الگورتھم کا حساب لگانا چاہتے ہیں ، لیکن اس کی شاخیں بہت سے ریاضیاتی ماڈل کو بالکل پکڑتی ہیں جن کا ہم تجزیہ کرنا چاہتے ہیں ، لہذا <ans> غیر متعین وقت </ans> کمپیوٹیشنل مسائل کا تجزیہ کرنے میں ایک بہت اہم وسیلہ ہے۔	غیر متعین ٹورنگ مشینوں سے وابستہ کمپیوٹیشنل مسائل کے تجزیے میں سب سے اہم وسائل کیا ہے؟	غیر معیاری غیر معمولی مسائل کا تجزیہ کرنے کے لئے کس قسم کا کم استعمال کیا جاتا ہے؟	غیر عفیمے کے مسائل کا تجزیہ کرنے کے لئے کس قسم کا کم استعمال کیا جاتا ہے؟
uqa_valid	ان پٹ x پر determinist ٹورنگ مشین M کی طرف سے درکار وقت <ans> ریاست کی منتقلی </ans> کی کل تعداد ہے ، یا اقدامات ، مشین اس سے پہلے کہ وہ رک جائے اور جواب (ہاں یا نہیں) کو آؤٹ پٹ کرے۔	ایک determinist ٹورنگ مشین پر ایک جواب آؤٹ پٹ کرنے کے لئے ضروری وقت کے طور پر کیا اظہار کیا جاتا ہے؟	ٹورنگ ٹورنگ کی حد کیا ہے؟	ٹورنگ ٹورنگ کی حد کیا ہے؟
uqa_valid	ان پٹ x پر determinist ٹورنگ مشین M کی طرف سے درکار وقت <ans> ریاست کی منتقلی کی کل تعداد ، یا اقدامات </ans> ہے ، مشین اس سے پہلے کہ وہ رک جائے اور جواب (ہاں یا نہیں) کو آؤٹ پٹ کرے۔	ایک determinist ٹورنگ مشین پر ایک جواب آؤٹ پٹ کرنے کے لئے ضروری وقت کے طور پر کیا اظہار کیا جاتا ہے؟	ٹورنگ ٹورنگ کی حد کیا ہے؟	ٹورنگ ٹورنگ کی حد کیا ہے؟
uqa_valid	ان پٹ x پر determinist ٹورنگ مشین M کی طرف سے درکار وقت <ans> ریاست کی منتقلی کی کل تعداد ، یا اقدامات ہے ، مشین اس سے پہلے کہ یہ رک جاتا ہے اور جواب کو آؤٹ پٹ کرتا ہے </ans> (ہاں یا نہیں) ہے۔	ایک determinist ٹورنگ مشین پر ایک جواب آؤٹ پٹ کرنے کے لئے ضروری وقت کے طور پر کیا اظہار کیا جاتا ہے؟	جب کوئی پوبل ٹورنگ ٹورنگ کی طرف سے استعمال کیا جاتا ہے تو کیا ہوتا ہے؟	جب کوئی پوبل ٹورنگ ٹورنگ کی طرف سے استعمال کیا جاتا ہے تو کیا ہوتا ہے؟
uqa_valid	چونکہ پیچیدگی کا نظریہ مسائل کو ان کی <ans> سختی </ans> کی بنیاد پر درجہ بندی کرنے میں دلچسپی رکھتا ہے۔	پیچیدگی کا نظریہ کس بنیادی خصوصیت کی بنیاد پر مسائل کی درجہ بندی کرتا ہے؟	مسائل کا نظریہ کس چیز پر مبنی ہے؟	مسائل کا نظریہ کس بنیاد پر مبنی ہے؟
uqa_valid	اگرچہ وقت اور جگہ سب سے مشہور <ans> پیچیدگی کے وسائل </ans> ہیں ، لیکن کسی بھی پیچیدگی کی پیمائش کو کمپیوٹیشنل وسائل کے طور پر دیکھا جاسکتا ہے۔	وقت اور جگہ دونوں کس قسم کے وسائل کی مثالیں ہیں؟	وقت اور جگہ کے لحاظ سے سب سے مشہور ہائی کیا ہے؟	وقت اور جگہ کی جگہ کیا ہے؟
uqa_valid	اگرچہ وقت اور جگہ سب سے مشہور <ans> پیچیدگی </ans> وسائل ہیں ، لیکن کسی بھی پیچیدگی کی پیمائش کو کمپیوٹیشنل وسائل کے طور پر دیکھا جاسکتا ہے۔	وقت اور جگہ دونوں کس قسم کے وسائل کی مثالیں ہیں؟	وقت اور جگہ کے لحاظ سے سب سے مشہور معدنیات کیا ہے؟	وقت اور جگہ سب سے پہلے کس قسم کے وسائل کی مثالیں ہیں؟
uqa_valid	اگرچہ وقت اور جگہ پیچیدگی کے سب سے مشہور وسائل ہیں ، لیکن کسی بھی پیچیدگی کی پیمائش کو <ans> کمپیوٹیشنل وسائل </ans> کے طور پر دیکھا جاسکتا ہے۔	ایک پیچیدگی وسائل بھی وسائل کی کس دوسری قسم کے طور پر بیان کیا جا سکتا ہے؟	وقت کی پیمائش کی پیمائش کو کس طرح دیکھا جا سکتا ہے؟	خلائی وقت کی پیمائش کو کس طرح دیکھا جا سکتا ہے؟
uqa_valid	اگرچہ وقت اور جگہ پیچیدگی کے سب سے مشہور وسائل ہیں ، لیکن کسی بھی پیچیدگی کی پیمائش کو <ans> کمپیوٹیشنل </ans> وسائل کے طور پر دیکھا جاسکتا ہے۔	ایک پیچیدگی وسائل بھی وسائل کی کس دوسری قسم کے طور پر بیان کیا جا سکتا ہے؟	خلائی وقت کی پیمائش کو کس طرح دیکھا جا سکتا ہے؟	خلائی وقت کی پیمائش کو کس طرح دیکھا جا سکتا ہے؟
uqa_valid	پیچیدگی کے اقدامات کو بہت عام طور پر <ans> بلوم پیچیدگی axioms </ans> کے ذریعہ بیان کیا گیا ہے۔	پیچیدگی کی پیمائش کو وسیع پیمانے پر بیان کرنے کے لئے عام طور پر کیا استعمال کیا جاتا ہے؟	پیچیدگی کے نقطہ نظر کو کس نے بیان کیا؟	پیچیدگیوں کے زوال کو پورا کرنے کے لئے کس اصطلاح کا استعمال کیا جاتا ہے؟
uqa_valid	پیچیدگی کے اقدامات کو بہت عام طور پر <ans> بلوم پیچیدگی axioms </ans> کے ذریعہ بیان کیا جاتا ہے۔	پیچیدگی کی پیمائش کو وسیع پیمانے پر بیان کرنے کے لئے عام طور پر کیا استعمال کیا جاتا ہے؟	ایک سائنسی نقطہ نظر کو ہٹانے کے لئے کس اصطلاح کا استعمال کیا جاتا ہے؟	پیچیدگی کے اقدامات کو کس طرح بیان کیا جاتا ہے؟
uqa_valid	<ans> پیچیدگی کے اقدامات </ans> کو بلوم پیچیدگی کے اصولوں کے ذریعہ بہت عام طور پر بیان کیا جاتا ہے۔	مواصلات کی پیچیدگی کس قسم کی پیمائش کی ایک مثال ہے؟	بلوم بل کے اصولوں کے لئے عام طور پر کیا بیان کیا جاتا ہے؟	بلوم بل کے اصولوں کو کس طرح بیان کیا جاتا ہے؟
uqa_valid	پیچیدگی کے نظریہ میں استعمال ہونے والے دیگر <ans> پیچیدگی کے اقدامات </ans> میں مواصلات کی پیچیدگی ، سرکٹ پیچیدگی ، اور فیصلے کے درخت کی پیچیدگی شامل ہیں۔	مواصلات کی پیچیدگی کس قسم کی پیمائش کی ایک مثال ہے؟	مواصلات کے نظریہ میں، کس قسم کی مواصلات کی پیچیدگیوں کی پیچیدگیوں کی پیچیدگیوں کی پیچیدگیوں کی پیچیدگیوں کی حمایت کرتی ہے؟	کس سال میں مواصلات کی طرف سے استعمال کیا گیا تھا؟
uqa_valid	پیچیدگی کے نظریہ میں استعمال ہونے والے دیگر <ans> پیچیدگی </ans> کے اقدامات میں مواصلات کی پیچیدگی ، سرکٹ پیچیدگی ، اور فیصلے کے درخت کی پیچیدگی شامل ہیں۔	مواصلات کی پیچیدگی کس قسم کی پیمائش کی ایک مثال ہے؟	مواصلات کے نظریہ میں، کس قسم کی مواصلات میں مواصلات کی کمی کا استعمال کیا گیا ہے؟	کس سال میں مواصلات کے نوجوانوں کے لئے استعمال کیا گیا تھا؟
uqa_valid	<ans> پیچیدگی کے اقدامات </ans> کو بلوم پیچیدگی کے اصولوں کے ذریعہ بہت عام طور پر بیان کیا جاتا ہے۔	فیصلہ درخت کس قسم کی پیمائش کی ایک مثال ہے؟	بلوم بل کے اصولوں کے لئے عام طور پر کیا بیان کیا جاتا ہے؟	بلوم بل کے اصولوں کو کس طرح بیان کیا جاتا ہے؟
uqa_valid	پیچیدگی کے نظریہ میں استعمال ہونے والے دیگر <ans> پیچیدگی کے اقدامات </ans> میں مواصلات کی پیچیدگی ، سرکٹ پیچیدگی ، اور فیصلے کے درخت کی پیچیدگی شامل ہیں۔	فیصلہ درخت کس قسم کی پیمائش کی ایک مثال ہے؟	مواصلات کے نظریہ میں، کس قسم کی مواصلات کی پیچیدگیوں کی پیچیدگیوں کی پیچیدگیوں کی پیچیدگیوں کی پیچیدگیوں کی حمایت کرتی ہے؟	کس سال میں مواصلات کی طرف سے استعمال کیا گیا تھا؟
uqa_valid	پیچیدگی کے نظریہ میں استعمال ہونے والے دیگر پیچیدگی کے اقدامات میں مواصلات کی پیچیدگی ، سرکٹ پیچیدگی ، اور فیصلے کے درخت <ans> پیچیدگی </ans> شامل ہیں۔	فیصلہ درخت کس قسم کی پیمائش کی ایک مثال ہے؟	ایک سلفہ کے بجائے، ایک اور لفظ کیا ہے جو تکنیکی تبدیلیوں کے بجائے استعمال کیا جاتا ہے؟	بجلی کے نظریہ کے علاوہ، کون سا پہلو تناسب کی حمایت کے لئے استعمال کیا جا سکتا ہے؟
uqa_valid	<ans> بہترین ، بدترین اور اوسط </ans> کیس کی پیچیدگی ایک ہی سائز کے مختلف ان پٹ کی وقت کی پیچیدگی (یا کسی دوسرے پیچیدگی کی پیمائش) کی پیمائش کرنے کے تین مختلف طریقوں کا حوالہ دیتی ہے۔	کیس کی پیچیدگی کی نمائندگی کرنے کے لئے استعمال ہونے والے تین بنیادی اظہار کیا ہیں؟	کون سے تین مختلف تین مختلف سائز مختلف پیمائش کی پیمائش کرتے ہیں؟	کون سی تین پیمائش کی پیمائش کی پیمائش کی پیمائش کی پیمائش کرتی ہے؟
uqa_valid	<ans> بہترین ، بدترین اور اوسط کیس </ans> پیچیدگی ایک ہی سائز کے مختلف ان پٹ کی وقت کی پیچیدگی (یا کسی دوسرے پیچیدگی کی پیمائش) کی پیمائش کرنے کے تین مختلف طریقوں کا حوالہ دیتی ہے۔	کیس کی پیچیدگی کی نمائندگی کرنے کے لئے استعمال ہونے والے تین بنیادی اظہار کیا ہیں؟	کون سے دو مختلف سائز مختلف وقت مختلف پیمائش کی پیمائش دیتے ہیں؟	کون سے دو مختلف سائز مختلف پیمائش کی پیمائش دیتے ہیں؟
uqa_valid	<ans> بہترین ، بدترین اور اوسط کیس پیچیدگی </ans> ایک ہی سائز کے مختلف ان پٹ کی وقت کی پیچیدگی (یا کسی دوسرے پیچیدگی کی پیمائش) کی پیمائش کرنے کے تین مختلف طریقوں کا حوالہ دیتے ہیں۔	کیس کی پیچیدگی کی نمائندگی کرنے کے لئے استعمال ہونے والے تین بنیادی اظہار کیا ہیں؟	مختلف سائز کے پیمائش کی پیمائش کرنے پیمائش مختلف پیمائش کے پیمائش مختلف طریقوں کے مختلف طریقوں کو مختلف طریقوں سے مختلف مختلف طریقوں کے لئے مختلف طریقوں کے تین مختلف طریقوں کا حوالہ دیتے ہیں؟	ایک ہی وقت کی پیمائش کے پیمائش مختلف پیمائش کی پیمائش کرنے کے لئے مختلف طریقے کیا پیمائش کرتے ہیں؟
uqa_valid	بہترین ، بدترین اور اوسط کیس کی پیچیدگی ایک ہی سائز کے مختلف ان پٹ کی وقت کی پیچیدگی (یا کسی دوسرے <ans> پیچیدگی کی پیمائش </ans> ) کی پیمائش کے تین مختلف طریقوں کا حوالہ دیتی ہے۔	کیس کی پیچیدگی کے امکانات کس عام پیمائش کے متغیر امکانات فراہم کرتے ہیں؟	کیا پیمائش کی پیمائش کی پیمائش کی پیمائش کی پیمائش کی پیمائش کی پیمائش کی پیمائش کی پیمائش کی پیمائش کی پیمائش کی پیمائش کی پیمائش کی پیمائش کی پیمائش کی پیمائش کی پیمائش کی پیمائش کی پیمائش کی پیمائش	کیا پیمائش کی پیمائش کی پیمائش پیمائش کی پیمائش کی پیمائش کی پیمائش کی پیمائش کی پیمائش کی پیمائش کی پیمائش کی پیمائش کی پیمائش کرتا ہے؟
uqa_valid	بہترین ، بدترین اور اوسط کیس کی پیچیدگی ایک ہی سائز کے مختلف ان پٹ کی وقت کی پیچیدگی (یا کسی دوسرے <ans> پیچیدگی </ans> کی پیمائش) کی پیمائش کے تین مختلف طریقوں کا حوالہ دیتی ہے۔	کیس کی پیچیدگی کے امکانات کس عام پیمائش کے متغیر امکانات فراہم کرتے ہیں؟	کس پیمائش کی پیمائش کی پیمائش کی پیمائش کی پیمائش کی پیمائش کی پیمائش کی پیمائش کی پیمائش کی پیمائش کی پیمائش کی پیمائش کی پیمائش کی پیمائش کی پیمائش کی پیمائش کی پیمائش کی پیمائش کی پیمائش کی پیمائش	کون سا پیمائش پیمائش کی پیمائش کی پیمائش کرتا ہے؟
uqa_valid	بہترین ، بدترین اور اوسط کیس پیچیدگی ایک ہی سائز کے مختلف ان پٹ کی <ans> وقت </ans> پیچیدگی (یا کسی دوسرے پیچیدگی کی پیمائش) کی پیمائش کرنے کے تین مختلف طریقوں کا حوالہ دیتی ہے۔	ایک اہم پیچیدگی کی پیمائش کی ایک عام مثال کیا ہے؟	کیا مختلف یا مختلف پیمائش کی پیمائش مختلف ہے؟	کس قسم کی پیمائش کی پیمائش کی پیمائش کی پیمائش کرتی ہے؟
uqa_valid	بہترین ، بدترین اور اوسط کیس کی پیچیدگی ایک ہی سائز کے مختلف ان پٹ کی <ans> وقت کی پیچیدگی </ans> (یا کسی دوسرے پیچیدگی کی پیمائش) کی پیمائش کے تین مختلف طریقوں کا حوالہ دیتی ہے۔	ایک اہم پیچیدگی کی پیمائش کی ایک عام مثال کیا ہے؟	کیا پیمائش کی پیمائش مختلف پیمائش کی پیمائش کی پیمائش کی پیمائش کرتی ہے؟	کیا پیمائش کی پیمائش کی پیمائش مختلف ہے؟
uqa_valid	بہترین ، بدترین اور اوسط کیس کی پیچیدگی ایک ہی سائز کے مختلف <ans> ان پٹ </ans> کی وقت کی پیچیدگی (یا کسی دوسرے پیچیدگی کی پیمائش) کی پیمائش کرنے کے تین مختلف طریقوں کا حوالہ دیتی ہے۔	کیس کی پیچیدگیاں کس مختلف متغیر کے تین امکانات فراہم کرتی ہیں جو ایک ہی سائز میں رہتا ہے؟	کیا مختلف وقت کی پیمائش کی پیمائش مختلف ہے؟	کس قسم کی پیمائش کی پیمائش کی پیمائش کی پیمائش کرتی ہے؟
uqa_valid	مثال کے طور پر ، <ans> حتمی ترتیب دینے والے الگورتھم کوئکسورٹ </ans> پر غور کریں۔	ان پٹ کے طور پر فراہم کردہ انٹیجرز کی ایک فہرست کا حل کیا فراہم کرتا ہے جسے ترتیب دیا جانا چاہئے؟	سرکسنیشن کے لئے کیا غور کیا گیا تھا؟	کس چیز پر غور کیا گیا تھا؟
uqa_valid	مثال کے طور پر ، تعیناتی ترتیب دینے والے الگورتھم <ans> کویکسورٹ </ans> پر غور کریں۔	ان پٹ کے طور پر فراہم کردہ انٹیجرز کی ایک فہرست کا حل کیا فراہم کرتا ہے جسے ترتیب دیا جانا چاہئے؟	تعیناتی ترتیب دینے والے کس چیز پر غور کیا گیا تھا؟	تعیناتی ترتیب دینے والے کس چیز پر غور کیا گیا تھا؟
uqa_valid	<ans> بدترین صورت </ans> یہ ہے کہ جب ان پٹ کو ترتیب دیا جاتا ہے یا الٹ ترتیب میں ترتیب دیا جاتا ہے ، اور الگورتھم کو اس معاملے کے لئے وقت O(n2) لگتا ہے۔	جب پورے نمبروں کو ترتیب دینے کے لئے وسیع وقت کی ضرورت ہوتی ہے، تو یہ کس کیس کی پیچیدگی کی نمائندگی کرتا ہے؟	جب یہ ترتیب دیا جاتا ہے تو ان پٹ کو کیا ترتیب دیا جاتا ہے؟	جب یہ ترتیب دیا جاتا ہے تو ان پٹ کو کیا ترتیب دیا جاتا ہے؟
uqa_valid	<ans> بدترین </ans> معاملہ یہ ہے کہ جب ان پٹ کو ترتیب دیا جاتا ہے یا الٹ ترتیب میں ترتیب دیا جاتا ہے ، اور اس معاملے کے لئے الگورتھم وقت O (n2) لیتا ہے۔	جب پورے نمبروں کو ترتیب دینے کے لئے وسیع وقت کی ضرورت ہوتی ہے، تو یہ کس کیس کی پیچیدگی کی نمائندگی کرتا ہے؟	کیا یہ سچ ہے کہ ان پٹ ترتیب ترتیب ترتیب ترتیب ترتیب دیا جاتا ہے؟	جب یہ ترتیب دیا جاتا ہے تو ان پٹ کو کیا ترتیب دیا جاتا ہے؟
uqa_valid	بدترین صورت یہ ہے کہ جب ان پٹ کو ترتیب دیا جاتا ہے یا ریورس آرڈر میں ترتیب دیا جاتا ہے ، اور الگورتھم اس معاملے کے لئے وقت <ans> O(n2) </ans> لیتا ہے۔	وقت کی طرف سے اظہار کے طور پر ایک بدترین کیس پیچیدگی کی نشاندہی کرنے کے لئے استعمال کیا اظہار کیا ہے؟	جب ایک مادہ پٹ کو ترتیب دیا جاتا ہے تو کیا ہوتا ہے؟	جب ایک مادہ پٹ کو ترتیب دیا جاتا ہے تو کیا ہوتا ہے؟
uqa_valid	کسی خاص الگورتھم کا تجزیہ <ans> الگورتھم کے تجزیہ </ans> کے میدان میں آتا ہے۔	ایک مخصوص الگورتھم کا تجزیہ عام طور پر کمپیوٹیشنل سائنس کے کس شعبے کو تفویض کیا جاتا ہے؟	کسی خاص تجزیہ کے تجزیہ کے تجزیہ کے تجزیہ کے تجزیہ کے تجزیہ کے تجزیہ کے تجزیہ کے تجزیہ کا تجزیہ کس شعبے میں ہے؟	کسی خاص تجزیہ کا تجزیہ کس شعبے کے شعبے میں ہے؟
uqa_valid	حساب کتاب کے وقت (یا اسی طرح کے وسائل ، جیسے جگہ کی کھپت) کی درجہ بندی کرنے کے لئے ، کسی کو کسی دیئے گئے مسئلے کو حل کرنے والے سب سے زیادہ موثر الگورتھم کے ذریعہ درکار کم سے کم وقت پر اوپری اور <ans> نیچے کی حدود </ans> ثابت کرنے میں دلچسپی ہے۔	وقت کی کون سی حد قائم کرنا زیادہ مشکل ہے؟	کسی معاہدے کو حل کرنے کے مسئلے کو حل کرنے کے لئے کیا استعمال کیا جاتا ہے؟	کسی معاہدے کے مسئلے کو حل کرنے کے مسئلے کو حل کرنے کے لئے کیا استعمال کیا جاتا ہے؟
uqa_valid	تاہم ، <ans> نیچے </ans> حدود کو ثابت کرنا بہت زیادہ مشکل ہے ، کیونکہ نچلی حدود ایک دیئے گئے مسئلے کو حل کرنے والے تمام ممکنہ الگورتھم کے بارے میں بیان کرتی ہیں۔	وقت کی کون سی حد قائم کرنا زیادہ مشکل ہے؟	کون سا اصطلاح ایک مسئلے کو حل کرنے کے مسئلے کو حل کرنا مشکل بناتا ہے؟	کون سا دریا ایک مسئلے کو حل کرنے کے مسئلے کو حل کرنا مشکل بناتا ہے؟
uqa_valid	کسی مسئلے کی وقت کی پیچیدگی پر <ans> اوپری حد </ans> T(n) ظاہر کرنے کے لئے ، کسی کو صرف یہ ظاہر کرنے کی ضرورت ہے کہ ایک خاص الگورتھم ہے جس میں زیادہ سے زیادہ چلانے کا وقت T(n) ہے۔	T(n) کا مظاہرہ کرنے والا ایک مخصوص الگورتھم وقت کی پیچیدگی کی کس پیمائش کی نمائندگی کرتا ہے؟	کسی وقت کی کسی وقت کی وقت کی وقت کی وقت کی حد کیا ہے؟	کسی وقت کسی وقت کسی وقت کی وقت کی وقت کی وقت پر کیا اثر پڑتا ہے؟
uqa_valid	حساب کتاب کے وقت (یا اسی طرح کے وسائل ، جیسے جگہ کی کھپت) کی درجہ بندی کرنے کے لئے ، کسی کو کسی دیئے گئے مسئلے کو حل کرنے کے لئے سب سے زیادہ موثر الگورتھم کے ذریعہ درکار کم سے کم وقت پر <ans> اوپر اور نچلی حدود </ans> ثابت کرنے میں دلچسپی ہے۔	T(n) کا مظاہرہ کرنے والا ایک مخصوص الگورتھم وقت کی پیچیدگی کی کس پیمائش کی نمائندگی کرتا ہے؟	کسی حل کو حل کرنے کے مسئلے کو حل کرنے کے لئے سب سے کم مؤثر طریقے کیا ہے؟	کسی حل کو حل کرنے کے مسئلے کو حل کرنے کے لئے سب سے کم مؤثر طریقے کیا ہے؟
uqa_valid	تاہم ، نچلی حدود کو ثابت کرنا بہت زیادہ مشکل ہے ، کیونکہ نچلی حدود <ans> تمام ممکنہ الگورتھم </ans> کے بارے میں بیان کرتی ہیں جو کسی دیئے گئے مسئلے کو حل کرتے ہیں۔	وقت سے قطع نظر لامحدود دستیابی کے ساتھ الگورتھم کے تسلسل کو پہنچانے کے لئے استعمال ہونے والا عام جملہ کیا ہے؟	کس مسئلے کے مسئلے کو مسئلے مسئلے کو حل کرنے کے مسئلے کو حل کرنے کے مسئلے کو حل کرنے کے مسئلے کو حل کرنے کے مسئلے کو حل کرنے کے مسئلے کو حل کرنے کے مسئلے کو حل کرنے	کون حدود مجاز مسئلے کو حل کرتا ہے؟
uqa_valid	اوپری اور نچلی حدود کو عام طور پر <ans> بڑے او نوٹیشن </ans> کا استعمال کرتے ہوئے بیان کیا جاتا ہے ، جو مستقل عوامل اور چھوٹی شرائط کو چھپاتا ہے۔	عام طور پر اوپری یا نچلی حدود کو ظاہر کرنے کے لئے کون سا اظہار استعمال کیا جاتا ہے؟	ایک اور اور حدود کو کیا کہا جاتا ہے؟	ایک اور اصطلاح کیا ہے جس کی وجہ سے، اور دوسروں کو اکثر استعمال کیا جاتا ہے؟
uqa_valid	اوپری اور نچلی حدود کو عام طور پر بڑے او نوٹیشن کا استعمال کرتے ہوئے بیان کیا جاتا ہے ، جو <ans> مستقل عوامل اور چھوٹی شرائط </ans> کو چھپاتا ہے۔	ایک بڑا او نوٹیشن کیا چھپاتا ہے؟	کوئی اور او او کو کس چیز کو چھپاتا ہے؟	کون سے دو بڑے کھلاڑیوں کو عام طور پر بڑے پیمانے پر استعمال کیا جاتا ہے؟
uqa_valid	مثال کے طور پر ، اگر T(n) = 7n2 + 15n + 40 ، بڑے او نوٹیشن میں ایک <ans> T(n) = O(n2) </ans> لکھے گا۔	T(n) = 7n2 + 15n + 40 کو بڑے O نوٹیشن میں کیسے لکھا جائے گا؟	صوتی علامتوں کے لئے ایک اور اصطلاح کیا ہے؟	اگر آپ کو کم کیا جاتا ہے تو کیا ہوتا ہے؟
uqa_valid	اس سے حدود کو استعمال شدہ <ans> کمپیوٹیشنل ماڈل </ans> کی مخصوص تفصیلات سے آزاد بناتا ہے۔	بگ او نوٹیشن کس سے تعلق کے ساتھ اوپری اور نچلی حدود کو خودمختاری فراہم کرتا ہے؟	حدود کی حدود کو کس چیز سے آزاد کیا جاتا ہے؟	حدود کی حدود کو محدود کرنے کے لئے کون سا ماڈل استعمال کیا جاتا ہے؟
uqa_valid	اس سے حدود کو <ans> استعمال شدہ کمپیوٹیشنل ماڈل کی مخصوص تفصیلات </ans> سے آزاد بناتا ہے۔	بگ او نوٹیشن کس سے تعلق کے ساتھ اوپری اور نچلی حدود کو خودمختاری فراہم کرتا ہے؟	حدود کو محدود کرنے کے لئے استعمال ہونے والی اصطلاح کیا ہے؟	حدود کی حدود کو کس چیز سے آزاد کیا جاتا ہے؟
uqa_valid	یقینا ، کچھ <ans> پیچیدگی کی کلاسوں </ans> کی پیچیدہ تعریفیں ہیں جو اس فریم ورک میں فٹ نہیں ہیں۔	کیا پیچیدہ تعریفیں ہیں جو ایک فریم ورک میں درجہ بندی کو روکتی ہیں؟	کیا موجودہ کی خصوصیت کی تعریفیں ہیں؟	کس قسم کی کلاسوں کو مکمل طور پر بیان نہیں کیا جاتا ہے؟
uqa_valid	یقینا ، <ans> کچھ پیچیدگی کی کلاسوں </ans> کی پیچیدہ تعریفیں ہیں جو اس فریم ورک میں فٹ نہیں ہیں۔	کیا پیچیدہ تعریفیں ہیں جو ایک فریم ورک میں درجہ بندی کو روکتی ہیں؟	کیا ایک ایسے خصوصیت ہے جو فریم ورک میں نہیں ہے؟	کس قسم کی کلاسوں کی بنیاد رکھی گئی ہے؟
uqa_valid	یقینا ، کچھ پیچیدگی کی کلاسوں کی پیچیدہ تعریفیں ہیں جو اس <ans> فریم ورک </ans> میں فٹ نہیں ہیں۔	پیچیدگی کی کلاسوں کو عام طور پر کس میں درجہ بندی کیا جاتا ہے؟	کچھ پیچیدگیوں کی کلاسوں کی کلاسوں کی بنیادیں کس چیز میں نہیں ہیں؟	کچھ پیچیدگیوں میں کلاسوں کی کلاسوں کی بنیاد کیا ہے؟
uqa_valid	یقینا ، کچھ پیچیدگی کی کلاسوں میں <ans> پیچیدہ تعریفیں </ans> ہوتی ہیں جو اس فریم ورک میں فٹ نہیں ہوتی ہیں۔	پیچیدگی کی کلاسوں کے لئے ایک فریم ورک قائم کرنے میں دشواری کس متغیر کی وجہ سے ہوسکتی ہے؟	کچھ اسکالرز کی کلاسوں میں کیا ہوتا ہے؟	کچھ اضوں میں کلاسوں کی کلاسوں میں کیا ہوتی ہے؟
uqa_valid	یقینا ، کچھ پیچیدگی کی کلاسوں میں پیچیدہ <ans> تعریفیں </ans> ہوتی ہیں جو اس فریم ورک میں فٹ نہیں ہوتی ہیں۔	پیچیدگی کی کلاسوں کے لئے ایک فریم ورک قائم کرنے میں دشواری کس متغیر کی وجہ سے ہوسکتی ہے؟	کچھ خاضوں میں کلاسوں میں کیا ہوتا ہے؟	کچھ خاضوں میں کلاسوں کی کلاسوں میں کیا بیان کیا جاتا ہے؟
uqa_valid	لیکن کچھ کنکریٹ فنکشن f(n) کے ذریعہ مذکورہ بالا حساب کتاب کے وقت کو محدود کرنے سے اکثر پیچیدگی کی کلاسیں پیدا ہوتی ہیں جو <ans> منتخب شدہ مشین ماڈل </ans> پر منحصر ہوتی ہیں۔	حساب کتاب کے وقت کی ٹھوس حد اکثر پیچیدگی کی کلاسوں کی پیداوار کرتی ہے جو کس پر منحصر ہے؟	ایک ligntig کی طرف سے استعمال کیا جاتا ہے کہ کیا کیا جاتا ہے؟	کس قسم کے ماڈل ماڈل کو اپنی طرف متوجہ کرتے ہیں؟
uqa_valid	مثال کے طور پر ، زبان {xx | x کسی بھی بائنری سٹرنگ ہے} کو ملٹی ٹیپ ٹورنگ مشین پر <ans> لائنر ٹائم </ans> میں حل کیا جاسکتا ہے ، لیکن ضروری طور پر سنگل ٹیپ ٹورنگ مشینوں کے ماڈل میں مربع وقت کی ضرورت ہوتی ہے۔	ایک ملٹی ٹیپ ٹورنگ مشین ایک حل کے لئے کس قسم کے وقت کی ضرورت ہوتی ہے؟	ایک رگ angighang reng reng reng reng reng reng reng reng reng reng 	ایک رگ angighang reng reng reng reng reng نگ نگ نگ نگ نگ نگنگ نگنگ
uqa_valid	مثال کے طور پر ، زبان {xx | x کسی بھی بائنری تار ہے} کو ملٹی ٹیپ ٹورنگ مشین پر <ans> لینیئر </ans> وقت میں حل کیا جاسکتا ہے ، لیکن ضروری طور پر سنگل ٹیپ ٹورنگ مشینوں کے ماڈل میں مربع وقت کی ضرورت ہوتی ہے۔	ایک ملٹی ٹیپ ٹورنگ مشین ایک حل کے لئے کس قسم کے وقت کی ضرورت ہوتی ہے؟	ایک fixireted کیا جا سکتا ہے؟	اگر آپ کو ٹورنگ ٹورنگ میں استعمال کیا جا سکتا ہے تو اسے کیا کہا جاتا ہے؟
uqa_valid	مثال کے طور پر ، زبان {xx | x کسی بھی بائنری سٹرنگ ہے} کو ملٹی ٹیپ ٹورنگ مشین پر لکیری وقت میں حل کیا جاسکتا ہے ، لیکن ضروری طور پر <ans> سنگل ٹیپ ٹورنگ مشینوں </ans> کے ماڈل میں مربع وقت کی ضرورت ہوتی ہے۔	ایک زبان کو مربع وقت میں حل کرنے کے لئے کس قسم کی ٹورنگ مشین کا استعمال کرنا پڑتا ہے؟	ایک tor ang ang ang ang ang ang ang ang ang ang ang ang ang ang ang ang ang ang 	بیک مشینرینگ کے ساتھ ساتھ ، کون سا ماڈلنگ مشین کے لئے ایک وقت کی ضرورت ہے؟
uqa_valid	مثال کے طور پر ، زبان {xx | x کسی بھی بائنری تار ہے} کو ملٹی ٹیپ ٹورنگ مشین پر لکیری وقت میں حل کیا جاسکتا ہے ، لیکن ضروری طور پر <ans> سنگل ٹیپ </ans> ٹورنگ مشینوں کے ماڈل میں مربع وقت کی ضرورت ہوتی ہے۔	ایک زبان کو مربع وقت میں حل کرنے کے لئے کس قسم کی ٹورنگ مشین کا استعمال کرنا پڑتا ہے؟	ایک رگ angixire کے ساتھ ساتھ، کون سا رنگ ماڈلنگ مشین کے ماڈل میں ایک وقت کی ضرورت ہے؟	کس قسم کے ٹورنگ مشین ماڈلنگ ماڈلنگ میں ماڈلنگ کی ضرورت ہوتی ہے؟
uqa_valid	اگر ہم رن ٹائم میں کثیر الجہتی تغیرات کی اجازت دیتے ہیں تو ، <ans> کوبھم-ایڈمنڈز تھیسس </ans> میں کہا گیا ہے کہ حساب کتاب کے کسی بھی دو معقول اور عام ماڈل میں وقت کی پیچیدگی کثیر الجہتی سے متعلق ہیں (گولڈریچ 2008 ، باب 1.	کون سا مقالہ اس بات کی وضاحت کرتا ہے کہ ایک کمپیوٹیشنل ماڈل میں وقت کی پیچیدگیوں کے اندر ایک کثیر الجہتی رشتہ موجود ہے؟	ایک ہم وقت کے وقت کے وقت کے وقت کے بارے میں کہا جاتا ہے کہ وہ کس کے ساتھ ہم آہنگ ہیں؟	ایک ہم وقت ہم وقت کی ایک مثال کیا ہے؟
uqa_valid	اگر ہم رن ٹائم میں کثیر الجہتی تغیرات کی اجازت دیتے ہیں تو ، <ans> کوبھم-ایڈمنڈز </ans> مقالہ میں کہا گیا ہے کہ حساب کتاب کے کسی بھی دو معقول اور عام ماڈل میں وقت کی پیچیدگی کثیر الجہتی سے متعلق ہے (گولڈریچ 2008 ، باب 1.	کون سا مقالہ اس بات کی وضاحت کرتا ہے کہ ایک کمپیوٹیشنل ماڈل میں وقت کی پیچیدگیوں کے اندر ایک کثیر الجہتی رشتہ موجود ہے؟	کون سا بیان کرتا ہے کہ کسی بھی ہم وقت کی ہم وقتجہ الجہتی ہے؟	کس نے کہا کہ حساب کتاب کے وقت کے بارے میں کوئیججتی ہے؟
uqa_valid	الگورتھم کے ذریعہ استعمال ہونے والے <ans> وقت یا جگہ </ans> کو محدود کرکے بہت سے اہم پیچیدگی کی کلاسوں کی وضاحت کی جاسکتی ہے۔	پیچیدگی کی کلاسوں کو قائم کرنے کے لئے الگورتھم کے اندر پیمائش کی دو مثالیں کیا ہیں؟	بہت سے اہم چیز کیا ہیں؟	بہت سے اہم پیچیدگیوں کو کیا محدود کیا جا سکتا ہے؟
uqa_valid	بہت سے اہم پیچیدگی کی کلاسوں کو الگورتھم کے ذریعہ استعمال ہونے والے وقت یا جگہ کو <ans> محدود </ans> کرکے بیان کیا جاسکتا ہے۔	کیا فنکشن وقت یا جگہ کی طرح پیمائش کی وضاحت کرنے کے لئے الگورتھم کی طرف سے استعمال کیا جاتا ہے؟	بہت سے اہم ڈھانچے کی جگہ کیا ہے؟	بہت سے اہم پیچیدگیوں کی جگہ کیا استعمال کی جا سکتی ہے؟
uqa_valid	بہت سے اہم <ans> پیچیدگی کی کلاسوں </ans> کو الگورتھم کے ذریعہ استعمال ہونے والے وقت یا جگہ کو محدود کرکے بیان کیا جاسکتا ہے۔	وقت اور جگہ کی حد بندی یا اسی طرح کی پیمائش اکثر کیا وضاحت کرنے کے لئے الگورتھم کی طرف سے استعمال کیا جاتا ہے؟	بہت سے اہم چیز کو کیا محدود کیا جاسکتا ہے؟	ایک اہم عنصر کیا ہے جو بہت سے جگہ کو محدود کرنے کے لئے استعمال کیا جا سکتا ہے؟
uqa_valid	دیگر اہم پیچیدگی کی کلاسوں میں <ans> بی پی پی ، زیڈ پی پی اور آر پی </ans> شامل ہیں ، جو ممکنہ ٹورنگ مشینوں کا استعمال کرتے ہوئے بیان کیے گئے ہیں۔	ممکنہ ٹورنگ مشینوں کے ذریعہ قائم کردہ تعریفوں سے وابستہ پیچیدگی کی کلاسوں کی تین مثالیں کیا ہیں؟	کون سے دو اہم مسائل نے مشینوں کی اصطلاحات کی وضاحت کی؟	کون سے دو دیگر تحریری کاموں میں ٹورنگ مشینوں کا استعمال کیا جا سکتا ہے؟
uqa_valid	اے سی اور این سی ، جو <ans> بولین </ans> سرکٹس کا استعمال کرتے ہوئے بیان کیے جاتے ہیں۔	AC اور NC پیچیدگی کی کلاسیں ہیں جو عام طور پر کس قسم کے سرکٹ سے وابستہ ہیں؟	سی سی اور این سی کس زبان کا استعمال کرتے ہیں؟	این سی اور این سی سی کس زبان کا استعمال کرتے ہیں؟
uqa_valid	اے سی اور این سی ، جو <ans> بولین سرکٹس </ans> کا استعمال کرتے ہوئے بیان کیے جاتے ہیں۔	AC اور NC پیچیدگی کی کلاسیں ہیں جو عام طور پر کس قسم کے سرکٹ سے وابستہ ہیں؟	این سی اور این سی سی کس زبان کا استعمال کرتے ہوئے محمد کے ساتھ مل کر سکتے ہیں؟	اے سی اور این سی سی کس زبان کا استعمال کرتے ہیں؟
uqa_valid	اور بی کیو پی اور کیو ایم اے ، جو <ans> کوانٹم </ans> ٹورنگ مشینوں کا استعمال کرتے ہوئے بیان کیے گئے ہیں۔	بی کیو پی اور کیو ایم اے پیچیدگی کی کلاسوں کی مثالیں ہیں جو عام طور پر کس قسم کی ٹورنگ مشین سے وابستہ ہیں؟	بیو اور اے پی اے کیوو کس قسم کا ٹورنگ استعمال کرتی ہے؟	کس قسم کی ٹورنگ مشین کا استعمال کیا جا سکتا ہے؟
uqa_valid	<ans> # پی </ans> گنتی کے مسائل (فیصلے کے مسائل نہیں) کی ایک اہم پیچیدگی کی کلاس ہے۔	گنتی کے مسائل کی پیچیدگی کی کلاس کی نمائندگی کرنے کے لئے کیا اظہار استعمال کیا جاتا ہے؟	کون سا پی سی اے کے مسائل کے مسائل کی ایک اہم خصوصیت ہے؟	چیک کے مسائل کی ایک اہم وجہ کیا ہے؟
uqa_valid	آئی پی اور اے ایم جیسے کلاسوں کی وضاحت <ans> انٹرایکٹو </ans> ثبوت سسٹم کا استعمال کرتے ہوئے کی گئی ہے۔	IP اور AM سب سے زیادہ عام طور پر کس قسم کے ثبوت کے نظام کی طرف سے بیان کیا جاتا ہے؟	آئی پی اور ایم پی ایم کی وضاحت کس قسم کی کیپٹل کے نظام کی وضاحت کرتی ہے؟	آئی پی اے کی کلاسوں کی وضاحت کرنے کے لئے کیا استعمال کیا گیا ہے؟
uqa_valid	خاص طور پر ، اگرچہ DTIME(n) <ans> DTIME(n2) </ans> میں موجود ہے ، یہ جاننا دلچسپ ہوگا کہ کیا شمولیت سخت ہے۔	کس اظہار میں کسی کو DTIME(n) تلاش کرنے کی توقع کی جا سکتی ہے	DIIIEI کس قسم کی حیاتیات میں موجود ہے؟	DIIIDI کہاں پایا جاتا ہے؟
uqa_valid	وقت اور جگہ کی ضروریات کے لئے ، اس طرح کے سوالات کا جواب بالترتیب <ans> وقت اور جگہ کی درجہ بندی کے نظریات </ans> کے ذریعہ دیا جاتا ہے۔	وقت اور جگہ کی ضروریات کے سوالات کا تعین کرنے کے لئے کون سے نظریات ذمہ دار ہیں؟	وقت کی جگہ کے وقت کے وقت کے وقت کیا ہوا؟	وقت کی جگہ اور وقت کی ضروریات کے وقت کا وقت کیا ہے؟
uqa_valid	انہیں درجہ بندی کے نظریات کہا جاتا ہے کیونکہ وہ متعلقہ وسائل کو محدود کرکے <ans> معین کردہ کلاسوں پر ایک مناسب درجہ بندی </ans> پیدا کرتے ہیں۔	وسائل کیا پیدا کرنے کے لئے درجہ بندی کے نظریات کی طرف سے محدود ہیں؟	درجہ بندی کے مطابق، درجہ بندی کو کیا کہا جاتا ہے؟	درجہ بندی کی درجہ بندی کیا ہے؟
uqa_valid	انہیں درجہ بندی کے نظریات کہا جاتا ہے کیونکہ وہ متعلقہ وسائل کو محدود کرکے بیان کردہ <ans> کلاسوں پر ایک مناسب درجہ بندی </ans> کی حوصلہ افزائی کرتے ہیں۔	وسائل کیا پیدا کرنے کے لئے درجہ بندی کے نظریات کی طرف سے محدود ہیں؟	درجہ بندی کے مطابق، جذباتی وسائل کو کیا حوصلہ افزائی کی جاتی ہے؟	درجہ بندی کو کیا کہا جاتا ہے؟
uqa_valid	انہیں درجہ بندی کے نظریات کہا جاتا ہے کیونکہ وہ متعلقہ وسائل کو محدود کرکے بیان کردہ کلاسوں پر <ans> مناسب درجہ بندی </ans> پیدا کرتے ہیں۔	وسائل کیا پیدا کرنے کے لئے درجہ بندی کے نظریات کی طرف سے محدود ہیں؟	درجہ بندی کے مطابق، جذباتی تجربات کو کیا محدود کرتا ہے؟	درجہ بندی کیا ہے؟
uqa_valid	<ans> وقت اور جگہ کی درجہ بندی کے نظریہ </ans> پیچیدگی کی کلاسوں کے زیادہ تر علیحدگی کے نتائج کی بنیاد بناتے ہیں۔	پیچیدگی کی کلاسوں کے اندر علیحدگی کے نتائج کی بنیاد کیا ہے؟	کیا ممکن ہے کہ کلاسوں کی کلاسوں کی زیادہ کارکردگی کی بنیاد ہے؟	کس قسم کی کلاسوں کی کلاسوں کی بنیادوں کی بنیاد رکھی گئی ہے؟
uqa_valid	مثال کے طور پر ، وقت کی درجہ بندی کا نظریہ ہمیں بتاتا ہے کہ P سختی سے <ans> EXPTIME </ans> میں موجود ہے ، اور جگہ کی درجہ بندی کا نظریہ ہمیں بتاتا ہے کہ L سختی سے PSPACE میں موجود ہے۔	وقت کی درجہ بندی کے نظریہ کے مطابق P کو محدود کرنے کے لئے کیا ذمہ دار ہے؟	وقت کی درجہ بندی کہاں ہے؟	وقت کی درجہ بندی کہاں ہے؟
uqa_valid	مثال کے طور پر ، وقت کی درجہ بندی کا نظریہ ہمیں بتاتا ہے کہ P سختی سے EXPTIME میں موجود ہے ، اور جگہ کی درجہ بندی کا نظریہ ہمیں بتاتا ہے کہ L سختی سے <ans> PSPACE </ans> میں موجود ہے۔	خلائی درجہ بندی کے نظریہ کے مطابق کس متغیر کے اندر L محدود ہے؟	کون سا مالیاتی ادارہ ہے جس میں درجہ بندی کی شرح ہے؟	کون سا مالیاتی ادارہ EIPIPI کی وضاحت کرتا ہے؟
uqa_valid	بہت سے پیچیدگی کی کلاسوں کو <ans> کم کرنے </ans> کے تصور کا استعمال کرتے ہوئے بیان کیا گیا ہے۔	پیچیدگی کی کلاسوں کی وضاحت کرنے کے لئے کون سا تصور اکثر استعمال کیا جاتا ہے؟	بہت سے الفاظ کی کلاسوں کو کیا کہا جاتا ہے؟	بہت سے الفاظ کی کلاسوں کو کیا کہا جاتا ہے؟
uqa_valid	بہت سے پیچیدگی کی کلاسوں کی تعریف <ans> ایک کمی </ans> کے تصور کا استعمال کرتے ہوئے کی جاتی ہے۔	پیچیدگی کی کلاسوں کی وضاحت کرنے کے لئے کون سا تصور اکثر استعمال کیا جاتا ہے؟	بہت سے الفاظ کی کلاسوں کی تعریف کیا ہے؟	بہت سے الفاظ کی کلاسوں کی تعریف کیا ہے؟
uqa_valid	ایک کم کرنا ایک مسئلے کو <ans> دوسرے مسئلے </ans> میں تبدیل کرنا ہے۔	کمی بنیادی طور پر ایک مسئلہ لیتا ہے اور کیا میں تبدیل کرتا ہے؟	ایک مسئلہ مسئلے کو ایک آپشن بنانے مسئلے کو کیا کرنے میں تبدیل کر سکتا ہے؟	ایک مسئلہ مسئلے کو کم کرنے کے مسئلے کو تبدیل کرنے میں کیا مدد کرتا ہے؟
uqa_valid	کم کرنے کے طریقہ کار کی بنیاد پر ، بہت سی مختلف قسم کی کمیاں ہیں ، جیسے کوک کمیاں ، <ans> کارپ کمیاں اور لیون کمیاں </ans> ، اور کمیاں کی پیچیدگی پر پابند ، جیسے پولینومل ٹائم کمیاں یا لاگ اسپیس کمیاں۔	کم کرنے کی مختلف اقسام کی دو مثالیں کیا ہیں؟	کم کمی کی کمی کی کم کمی کی کمی کی کمی کیا ہے؟	کم از کم کمی کی کمی کی کمی کیا ہے؟
uqa_valid	کم کرنے کے طریقہ کار کی بنیاد پر ، بہت سی مختلف قسم کی کمیاں ہیں ، جیسے <ans> کوک کمیاں ، کارپ کمیاں </ans> اور لیون کمیاں ، اور کمیاں کی پیچیدگی پر پابند ، جیسے کثیر عددی وقت کمیاں یا لاگ اسپیس کمیاں۔	کم کرنے کی مختلف اقسام کی دو مثالیں کیا ہیں؟	کم کمی کی کمی کی کمی کی کمی کی کمی کی کمی کی کمی کی کمی کیا ہے؟	کم از کم کمی کی کمی کی کمی کی کمی کیا ہے؟
uqa_valid	کم کرنے کے طریقہ کار کی بنیاد پر ، بہت سی مختلف قسم کی کمیاں ہیں ، جیسے کوک کمیاں ، کارپ کمیاں اور لیون کمیاں ، اور <ans> کمیاں کی پیچیدگی پر پابند </ans> ، جیسے پولینومل ٹائم کمیاں یا لاگ اسپیس کمیاں۔	پولینومل وقت کی کمی کس چیز کی ایک مثال ہے؟	کم کمی کی کمی اور کم کمی کی کمی کی کمی کی کمی کی کمی کیا ہے؟	کم از کم کمی کی کمی اور کمی کی کمی کی وجہ کیا ہے؟
uqa_valid	کم کرنے کے طریقہ کار کی بنیاد پر ، بہت سی مختلف <ans> کم کرنے کی اقسام </ans> ہیں ، جیسے کوک کم کرنا ، کارپ کم کرنا اور لیون کم کرنا ، اور کم کرنے کی پیچیدگی پر پابند ، جیسے پولینومل ٹائم کم کرنا یا لاگ اسپیس کم کرنا۔	پولینومل وقت کی کمی کس چیز کی ایک مثال ہے؟	کم کم کم کم کم کم کم کم کم کم کم کم کم کم کم کم کم کم کم کم کم کم کم کم کرنے کے لئے کم کیا کم کم کم کم کم کم کم کم کم کم کم	کم کم کم تعدد کم کرنے کے طریقہ کار کم کرنے کے لئے کم کیا کم کم کم کم کم کم کم کم کم کم کم کم کم کم کم کم کم کم ہے؟
uqa_valid	سب سے زیادہ عام طور پر استعمال ہونے والی تخفیف ایک <ans> پولینومل ٹائم تخفیف </ans> ہے۔	سب سے زیادہ کثرت سے استعمال ہونے والی کمی کی قسم کیا ہے؟	تخفیف کے لئے سب سے زیادہ عام استعمال کیا ہے؟	سب سے زیادہ عام طور پر استعمال ہونے والی اصطلاح کیا ہے؟
uqa_valid	سب سے زیادہ عام طور پر استعمال ہونے والی تخفیف ایک <ans> پولینومل ٹائم </ans> تخفیف ہے۔	سب سے زیادہ کثرت سے استعمال ہونے والی کمی کی قسم کیا ہے؟	تخفیف کس قسم کی تخفیفت کا استعمال کرتی ہے؟	تخفیف کیا ہے؟
uqa_valid	مثال کے طور پر ، ایک انٹیجر کو مربع کرنے کا مسئلہ <ans> دو انٹیجرز کو ضرب دینے </ans> کے مسئلے میں کم کیا جاسکتا ہے۔	پولینومل وقت کی کمی کے مطابق ایک مربع انٹیجر کے برابر کیا ہے؟	ایک انٹیجر ماڈیول کو کیا کرنے کے مسئلے میں کم کیا جا سکتا ہے؟	ایک انٹیجر ماڈیول کی ایک مثال کیا ہے؟
uqa_valid	اس کا مطلب یہ ہے کہ تخفیف کے عمل میں <ans> پولینومل ٹائم </ans> لگتا ہے۔	وقت کی کیا پیمائش پولینومل وقت کی کمی میں استعمال کیا جاتا ہے؟	تخفیف کے عمل میں کیا ہوتا ہے؟	تخفیف کے عمل میں کیا ہوتا ہے؟
uqa_valid	اس کا مطلب یہ ہے کہ تخفیف کے عمل میں <ans> پولینومل </ans> وقت لگتا ہے۔	وقت کی کیا پیمائش پولینومل وقت کی کمی میں استعمال کیا جاتا ہے؟	تخفیف کے عمل کے مطابق، تخفیف کے عمل میں کیا تبدیلی آئی ہے؟	تخفیف کے عمل کا کیا نتیجہ ہے؟
uqa_valid	درحقیقت ، یہ <ans> متعدد </ans> الگورتھم کے دونوں ان پٹ کو ایک ہی ان پٹ دے کر کیا جاسکتا ہے۔	polynomial وقت کمی کے مطابق squaring بالآخر منطقی طور پر کیا کم کیا جا سکتا ہے؟	کیڑے مکوڑوں کے پٹ کے پٹ کو کس طرح پٹ پٹ جا سکتا ہے؟	کس قسم کے کیڑے پٹ پٹ کے پٹ پٹ پٹ پٹ پٹ پٹ پٹ پٹ پٹ کو پٹ پٹ کے پٹ پٹ پٹ کے پٹ پٹ پٹ کے پٹ پٹ پٹ سے پٹ جا سکتے ہیں؟
uqa_valid	یقینا ، مشکل مسائل کا تصور <ans> استعمال ہونے والی کمی کی قسم </ans> پر منحصر ہے۔	مسائل کی پیچیدگی اکثر کس بات پر منحصر ہوتی ہے؟	مسائل کا تصور کس چیز پر منحصر ہے؟	حیاتیاتی مسائل کا تصور کس چیز پر منحصر ہے؟
uqa_valid	اس طرح کوئی <ans> C میں مسئلہ X سے مشکل نہیں ہے </ans> ، کیونکہ X کے لئے الگورتھم ہمیں C میں کسی بھی مسئلے کو حل کرنے کی اجازت دیتا ہے۔	کمی کے تناظر میں ایک مسئلہ ایکس اور مسئلہ سی کے درمیان تنازعہ کیا پیدا کرے گا؟	ایک پہلوان کے مسئلے کو حل کرنے کے لئے کیا ضرورت ہے؟	ایک پہلوان کے مسئلے کو حل کرنے کی اجازت کیوں ہے؟
uqa_valid	اس طرح C میں کوئی مسئلہ X سے مشکل نہیں ہے ، کیونکہ X کے لئے الگورتھم ہمیں <ans> C میں کسی بھی مسئلے کو حل کرنے </ans> کی اجازت دیتا ہے۔	ایکس کے لئے ایک الگورتھم جو سی کو کم کرتا ہے ہمیں کیا کرنا چاہئے؟	ایک Xixi Xixi کیا ہے؟	ایک Xixi کیا ہے؟
uqa_valid	خاص طور پر ، مسائل کا مجموعہ جو NP کے لئے مشکل ہے وہ <ans> NP-سخت </ans> مسائل کا مجموعہ ہے۔	ایک مسئلہ سیٹ ہے کہ یہ اظہار NP کے لئے مشکل ہے بھی بیان کیا جا سکتا ہے کہ کس طرح؟	مسائل کا مجموعہ کس کے لئے دستیاب ہے؟	مسائل کا براہ راست ترجمہ کیا ہے؟
uqa_valid	خاص طور پر ، مسائل کا مجموعہ جو NP کے لئے مشکل ہے وہ <ans> NP-سخت مسائل </ans> کا مجموعہ ہے۔	ایک مسئلہ سیٹ ہے کہ یہ اظہار NP کے لئے مشکل ہے بھی بیان کیا جا سکتا ہے کہ کس طرح؟	مسائل کا مجموعہ کس چیز کا مجموعہ ہے؟	مسائل کا براہ راست ترجمہ کیا ہے؟
uqa_valid	) اس طرح <ans> NP-complete </ans> مسائل کی کلاس میں NP میں سب سے مشکل مسائل شامل ہیں ، اس معنی میں کہ وہ سب سے زیادہ امکان ہے کہ وہ P میں نہ ہوں۔	این پی میں سب سے مشکل مسائل کو اسی طرح سے کس قسم کے مسائل کے طور پر لکھا جا سکتا ہے؟	کون سی کلاس کلاس میں سب سے مشکل مسائل شامل ہے؟	کس قسم کی کلاس کی کلاس میں سب سے مشکل مسائل شامل ہے؟
uqa_valid	) اس طرح <ans> NP </ans> -مکمل مسائل کی کلاس میں NP میں سب سے مشکل مسائل شامل ہیں ، اس معنی میں کہ وہ سب سے زیادہ امکان ہے کہ وہ P میں نہ ہوں۔	NP مکمل مسائل کس مسئلے کی کلاس میں واقع ہونے کا سب سے کم امکان رکھتے ہیں؟	کیا وہ پرنٹ کیا جاتا ہے کہ وہ سب سے زیادہ مسائل میں شامل ہیں؟	کون سی کمپنی سب سے مشکل ہے؟
uqa_valid	) اس طرح NP-complete مسائل کی کلاس میں NP میں سب سے مشکل مسائل شامل ہیں ، اس معنی میں کہ وہ سب سے زیادہ امکان ہے کہ وہ <ans> P </ans> میں نہ ہوں۔	NP مکمل مسائل کس مسئلے کی کلاس میں واقع ہونے کا سب سے کم امکان رکھتے ہیں؟	کس ملک میں سب سے زیادہ مشکل ہے؟	کون سا ملک سب سے زیادہ مشکل ہے؟
uqa_valid	) اس طرح <ans> NP </ans> -مکمل مسائل کی کلاس میں NP میں سب سے مشکل مسائل شامل ہیں ، اس معنی میں کہ وہ سب سے زیادہ امکان ہے کہ وہ P میں نہ ہوں۔	اگر پولینومل وقت کو این پی مکمل مسئلے کے اندر استعمال کیا جاسکتا ہے تو ، اس کا کیا مطلب ہے کہ پی برابر ہے؟	کیا وہ پرنٹ کیا جاتا ہے کہ وہ سب سے زیادہ مسائل میں شامل ہیں؟	کون سی کمپنی سب سے مشکل ہے؟
uqa_valid	پیچیدگی کی کلاس <ans> پی </ans> کو اکثر ان کمپیوٹیشنل کاموں کی ماڈلنگ کے طور پر دیکھا جاتا ہے جو ایک موثر الگورتھم کو قبول کرتے ہیں۔	کیا پیچیدگی کلاس ایک کمپیوٹیشنل کاموں اور موثر الگورتھم کی طرف سے خصوصیات ہے؟	ایک کلاس کی کلاس کی کلاس کو کیا کہا جاتا ہے؟	کس قسم کی کلاس کی کلاس کو کم کرنے کے لئے ایک ppppppppped کیا جاتا ہے؟
uqa_valid	اس مفروضے کو <ans> کوبھم - ایڈمنڈز تھیسس </ans> کہا جاتا ہے۔	کون سا مفروضہ موثر الگورتھمک فعالیت کے ساتھ ایک ریاضیاتی تجریدی کے طور پر دیکھا P کی پیچیدگی کلاس کے ساتھ منسلک ہے؟	اس عمل کو کیا کہا جاتا ہے جس میں اس کی انگوٹی کو محدود کیا جاتا ہے؟	اس عمل کو کیا کہا جاتا ہے؟
uqa_valid	دوسری طرف ، پیچیدگی کی کلاس <ans> این پی </ans> میں بہت سے مسائل شامل ہیں جو لوگ موثر طریقے سے حل کرنا چاہتے ہیں ، لیکن جن کے لئے کوئی موثر الگورتھم معلوم نہیں ہے ، جیسے بولین اطمینان کا مسئلہ ، ہیملٹن کے راستے کا مسئلہ اور سرے کا احاطہ مسئلہ۔	کون سا پیچیدگی کلاس عام طور پر حل کو بڑھانے کے لئے نامعلوم الگورتھم کی طرف سے خصوصیات ہے؟	کون سی کلاسیں جو مسائل سے مسائل کے مسائل کے حل کی حل کرتی ہیں؟	کس قسم کی کلاسوں میں بہت سے مسائل شامل ہیں؟
uqa_valid	دوسری طرف ، پیچیدگی کی کلاس این پی میں بہت سے مسائل شامل ہیں جو لوگ موثر طریقے سے حل کرنا چاہتے ہیں ، لیکن جن کے لئے کوئی موثر الگورتھم معلوم نہیں ہے ، جیسے <ans> بولین اطمینان کا مسئلہ </ans> ، ہیملٹن کے راستے کا مسئلہ اور سرے کا احاطہ مسئلہ۔	ایک ایسے مسئلے کی مثال کیا ہے جو این پی پیچیدگی کلاس کے اندر رہتا ہے؟	کون سا مسئلہ کبھی کبھی بھی مسائل کا مسئلہ مسئلہ حل کرتا ہے؟	کون سا مسئلہ کبھی بھی مسائل کا مسئلہ حل کرتا ہے؟
uqa_valid	چونکہ متعین <ans> ٹورنگ مشینیں </ans> خصوصی غیر متعین ٹورنگ مشینیں ہیں ، لہذا یہ آسانی سے مشاہدہ کیا جاسکتا ہے کہ پی میں ہر مسئلہ بھی کلاس این پی کا رکن ہے۔	کس نظریاتی مشین میں اس بات کی تصدیق کی جاتی ہے کہ پی میں ایک مسئلہ این پی کلاس میں رکنیت سے انکار کرتا ہے؟	کیا غیر ارادی طور پر غیر ضروری ہے؟	کس قسم کی مشینیں کبھی کبھی فین میننگ مشین کا استعمال کرتی ہیں؟
uqa_valid	چونکہ <ans> حتمی ٹورنگ مشینیں </ans> خصوصی غیر حتمی ٹورنگ مشینیں ہیں ، لہذا یہ آسانی سے مشاہدہ کیا جاسکتا ہے کہ پی میں ہر مسئلہ بھی کلاس این پی کا رکن ہے۔	کس نظریاتی مشین میں اس بات کی تصدیق کی جاتی ہے کہ پی میں ایک مسئلہ این پی کلاس میں رکنیت سے انکار کرتا ہے؟	حتمی غیر حتمی غیرنگ مشیننگ مشین کیا ہے؟	حتمی این پینگ مشین کا حتمی مقصد کیا ہے؟
uqa_valid	اگر جواب ہاں میں ہے تو ، بہت سے اہم مسائل کو <ans> زیادہ موثر حل </ans> دکھایا جاسکتا ہے۔	اگر P بالآخر NP کے برابر ثابت ہوتا ہے تو ، اس سے مسائل کی کارکردگی پر کیا اثر پڑے گا؟	اگر بہت سے مسائل کو مسائل سے روک دیا جا سکتا ہے تو کیا مسئلہ حل کیا جا سکتا ہے؟	اگر بہت سے مسائل کو حل کیا جا سکتا ہے تو انہیں کیا دکھایا جا سکتا ہے؟
uqa_valid	ان میں آپریشنز ریسرچ میں مختلف قسم کے انٹیجر پروگرامنگ کے مسائل ، لاجسٹک میں بہت سے مسائل ، حیاتیات میں <ans> پروٹین ڈھانچے کی پیش گوئی </ans> ، اور خالص ریاضی کے نظریات کے باضابطہ ثبوت تلاش کرنے کی صلاحیت شامل ہیں۔	حیاتیات میں کون سا خاص مسئلہ ہے جو اس بات کا تعین کرنے سے فائدہ اٹھائے گا کہ پی = این پی؟	ابن سینا کے مسائل میں کیا مسئلہ ہے؟	آثار قدیمہ کے مسائل میں کیا شامل ہے؟
uqa_valid	اس مسئلے کو حل کرنے کے لئے امریکی <ans> ایک ملین ڈالر </ans> انعام ہے۔	P=NP کا حل تلاش کرنے کے لئے کیا انعام پیش کیا جاتا ہے؟	قرارداد 7 حل کے حل حل حل حل حل حل حل حل حل حل حل حل حل کو حل کرنے کے لئے کتنا پیسہ اکٹھا کیا گیا تھا؟	قرارداد کے حل کو حل کرنے کے لئے کتنا پیسہ اکٹھا کیا گیا تھا؟
uqa_valid	اس مسئلے کو حل کرنے کے لئے <ans> ایک ملین امریکی ڈالر </ans> انعام ہے۔	P=NP کا حل تلاش کرنے کے لئے کیا انعام پیش کیا جاتا ہے؟	حل کرنے کے حل میں حل ہونے والے حل کی قیمت کیا ہے؟	اس مسئلے کو حل کرنے کے لئے کتنا پیسہ اکٹھا کیا گیا تھا؟
uqa_valid	یہ <ans> لیڈنر </ans> کی طرف سے دکھایا گیا تھا کہ اگر P <unk> NP تو NP میں ایسے مسائل موجود ہیں جو نہ تو P میں ہیں اور نہ ہی NP-complete ہیں۔	کس نے مظاہرہ کیا کہ P= NP کا مطلب ہے کہ P یا NP-complete میں موجود مسائل نہیں ہیں؟	کس نے یہ کیا کہ یہ ایک ا 7 صورت میں موجود ہے؟	کس نے یہ نتیجہ اخذ کیا کہ یہ ایک ا 7 صورت میں موجود ہے؟
uqa_valid	ایسے مسائل کو <ans> NP-intermediate problems </ans> کہا جاتا ہے۔	ایک ایسے مسئلے کا نام کیا ہے جو لیڈنر کے دعوے سے ملتا ہے؟	ایسے مسائل کو کیا کہا جاتا ہے جن میں مسائل کو مسائل کے لئے استعمال کیا جاتا ہے؟	ایسے مسائل کو کیا کہا جاتا ہے؟
uqa_valid	ایسے مسائل کو <ans> NP-انٹرمیڈیٹ </ans> مسائل کہا جاتا ہے۔	ایک ایسے مسئلے کا نام کیا ہے جو لیڈنر کے دعوے سے ملتا ہے؟	مسائل کو مسائل کے مسائل کو کیا کہا جاتا ہے؟	مسائل کو مسائل کے مسائل کو کیا کہا جاتا ہے؟
uqa_valid	<ans> گراف آئسومورفزم مسئلہ </ans> ، discrete logarithm مسئلہ اور integer factorization مسئلہ NP-انٹرمیڈیٹ مانے جانے والے مسائل کی مثالیں ہیں۔	ایک این پی انٹرمیڈیٹ مسئلے کی ایک مثال کیا ہے جو پی یا این پی مکمل میں موجود نہیں ہے؟	کون سا گروپ اریس اور اریجو دونوں کے ساتھ مسائل کی وضاحت کرتا ہے؟	کس قسم کے کیڑے مار ادویات کی نشاندہی کرتے ہیں؟
uqa_valid	گراف isomorphism مسئلہ ، <ans> ڈسکریٹ لوگرتھم مسئلہ </ans> اور انٹیجر فیکٹرائزیشن مسئلہ NP-انٹرمیڈیٹ مانے جانے والے مسائل کی مثالیں ہیں۔	ایک این پی انٹرمیڈیٹ مسئلے کی ایک مثال کیا ہے جو پی یا این پی مکمل میں موجود نہیں ہے؟	کون سے گراف اور جر ڈیلٹا کے ساتھ مسائل کے مسائل کے ساتھ مسائل کی وضاحت کرتے ہیں؟	کس قسم کے پودے ایسے مسائل کو ظاہر کرتے ہیں؟
uqa_valid	<ans> گراف isomorphism مسئلہ ، discrete logarithm مسئلہ اور integer factorization مسئلہ </ans> NP-انٹرمیڈیٹ سمجھا جاتا ہے کہ مسائل کی مثالیں ہیں۔	ایک این پی انٹرمیڈیٹ مسئلے کی ایک مثال کیا ہے جو پی یا این پی مکمل میں موجود نہیں ہے؟	Ni-Prusiligi کیا ہے؟	کون سے دو شہروں کو مسائل کے مسائل کی نشاندہی کرنے کی اجازت ہے؟
uqa_valid	<ans> گراف آئسومورفزم مسئلہ </ans> یہ طے کرنے کا کمپیوٹیشنل مسئلہ ہے کہ آیا دو محدود گراف آئسومورفک ہیں۔	کیا مسئلہ دو محدود گراف isomorphic ہیں تو وضاحت کرنے کے لئے منسوب کیا جاتا ہے؟	کون سا مسئلہ پیدا ہو سکتا ہے کہ آیاو محدودومورفکک یافومورفکککککککککک کے ساتھ منسلک ہے؟	کیا محدود ہو سکتا ہے کہ آیاوومورفومورفکفک یافومورفک کے اندر محدود ہو سکتا ہے؟
uqa_valid	<ans> گراف آئسومورفزم </ans> مسئلہ یہ طے کرنے کا کمپیوٹیشنل مسئلہ ہے کہ آیا دو محدود گراف آئسومورفک ہیں۔	کیا مسئلہ دو محدود گراف isomorphic ہیں تو وضاحت کرنے کے لئے منسوب کیا جاتا ہے؟	کون سا مسئلہ ایک محدود دو عوامل کے ساتھ ایک مسئلہ ہے جو دو علیحدہومورفکفکفکک کے ساتھ منسلک ہے؟	کس قسم کا مسئلہ پیدا ہو سکتا ہے کہ آیا دوومورفکفکمورفک کے ساتھ موجود ہو سکتا ہے؟
uqa_valid	پیچیدگی کے نظریہ میں ایک اہم غیر حل شدہ مسئلہ یہ ہے کہ آیا گراف آئسومورفزم کا مسئلہ P ، <ans> NP-complete </ans> ، یا NP-intermediate میں ہے۔	حتمی تعین کے باوجود کس کلاس کو عام طور پر گراف آئسومورفزم کے مسئلے سے منسوب نہیں کیا جاتا ہے؟	ایکو کے نظریہ کے نظریہ کا ایک اہم مسئلہ حل کیا ہے؟	ایک نظریہ کے نظریہ میں ایک اہم مسئلہ حل کیا ہے؟
uqa_valid	اگر گراف آئسومورفزم NP-complete ہے تو ، <ans> polynomial وقت کی درجہ بندی </ans> اس کی دوسری سطح پر گر جاتی ہے۔	کون سا محدود درجہ بندی کا مطلب یہ ہے کہ گراف آئسومورفزم کا مسئلہ این پی مکمل ہے؟	اگر کوئی چیز ہے تو کیا ہوتا ہے؟	اگر کوئی چیز ہوتا ہے تو کیا ہوتا ہے؟
uqa_valid	اگر گراف آئسومورفزم NP-complete ہے تو ، <ans> پولینومل ٹائم </ans> درجہ بندی اپنی دوسری سطح پر گر جاتی ہے۔	کون سا محدود درجہ بندی کا مطلب یہ ہے کہ گراف آئسومورفزم کا مسئلہ این پی مکمل ہے؟	اگر کوئی بھی موجود ہے تو ، کون سا درجہ حرارت موجود ہے؟	کس قسم کی درجہ بندی کی سطح پر درجہ بندی کی جاتی ہے؟
uqa_valid	اگر گراف آئسومورفزم NP-complete ہے تو ، پولینومیئل ٹائم درجہ بندی اس کی <ans> دوسری سطح </ans> پر گر جاتی ہے۔	اگر گراف آئسومورفزم این پی مکمل ہو تو کثیر الجہتی وقت کی درجہ بندی کس سطح پر گر جائے گی؟	اگر کوئی چیز ہو تو اس کی درجہ بندی کہاں ہے؟	اگر کوئی نہ ہو تو کیا ہوتا ہے؟
uqa_valid	اگر گراف آئسومورفزم NP-complete ہے تو ، پولینومل ٹائم درجہ بندی اس کی <ans> دوسری </ans> سطح پر گر جاتی ہے۔	اگر گراف آئسومورفزم این پی مکمل ہو تو کثیر الجہتی وقت کی درجہ بندی کس سطح پر گر جائے گی؟	اگر کوئی چیز ہے تو اس کی درجہ بندی کیا ہے؟	اگر کوئی چیز ہے تو اس کی درجہ بندی کیا ہے؟
uqa_valid	<ans> انٹیجر فیکٹرائزیشن مسئلہ </ans> ایک دیئے گئے انٹیجر کے پرائم فیکٹرائزیشن کا تعین کرنے کا کمپیوٹیشنل مسئلہ ہے۔	کون سا کمپیوٹیشنل مسئلہ عام طور پر پرائم فیکٹرائزیشن سے منسلک ہوتا ہے؟	ایک دیئے گئےجر کے بغیر ایک مسئلہ کیا ہے؟	انٹیگریشن کا ایک اور نام کیا ہے؟
uqa_valid	<ans> انٹیجر فیکٹرائزیشن </ans> مسئلہ ایک دیئے گئے انٹیجر کے پرائم فیکٹرائزیشن کا تعین کرنے کا کمپیوٹیشنل مسئلہ ہے۔	کون سا کمپیوٹیشنل مسئلہ عام طور پر پرائم فیکٹرائزیشن سے منسلک ہوتا ہے؟	ایک دیئے گئےٹیجر کے بغیر ایک مسئلہ کیا ہے؟	ایک دیئے بغیرٹیگریشنائزیشن کا ایک اور نام کیا ہے؟
uqa_valid	) انٹیجر فیکٹرائزیشن کا کوئی موثر الگورتھم معلوم نہیں ہے ، اور یہ حقیقت کئی <ans> جدید کرپٹوگرافک سسٹم </ans> کی بنیاد بناتی ہے۔	کہ فی الحال کوئی مشہور انٹیجر فیکٹرائزیشن مسئلہ موجود نہیں ہے جو عام طور پر استعمال ہونے والے نظام کی حمایت کرتا ہے؟	کون سا نظام اب بھی انٹیجرید کا استعمال کرتا ہے؟	کس قسم کی نظام کی بنیاد رکھی گئی ہے؟
uqa_valid	) انٹیجر فیکٹرائزیشن کا کوئی موثر الگورتھم معلوم نہیں ہے ، اور یہ حقیقت کئی جدید خفیہ کاری کے نظاموں کی بنیاد بناتی ہے ، جیسے <ans> آر ایس اے الگورتھم </ans> ۔	کہ فی الحال کوئی مشہور انٹیجر فیکٹرائزیشن مسئلہ موجود نہیں ہے جو عام طور پر استعمال ہونے والے نظام کی حمایت کرتا ہے؟	جدید کاری کے موجودہ نظام کے طور پر کیا جانا جاتا ہے؟	موجودہ جدید کاری کی بنیاد کیا ہے؟
uqa_valid	انٹیجر فیکٹرائزیشن کا سب سے مشہور الگورتھم <ans> جنرل نمبر فیلڈ سیوی </ans> ہے ، جو وقت لیتا ہے O(64/9)1/3(n2)log1/3(n2)log2 (n2) (n) ایک این فیکٹر تک۔	انٹیجر فیکٹرائزیشن کے مسئلے سے وابستہ سب سے مشہور الگورتھم کیا ہے؟	سب سے زیادہ مشہور ہے جو ایک اور نام ہے؟	سب سے زیادہ مقبول نمبر کیا ہے؟
uqa_valid	) انٹیجر فیکٹرائزیشن کا کوئی موثر الگورتھم معلوم نہیں ہے ، اور یہ حقیقت کئی جدید کرپٹوگرافک سسٹم کی بنیاد بناتی ہے ، جیسے <ans> آر ایس اے </ans> الگورتھم۔	انٹیجر فیکٹرائزیشن کے مسئلے سے وابستہ سب سے مشہور الگورتھم کیا ہے؟	جدید دور میں ایک نیا جدید تصور کیا ہے؟	جدید دور میں کون سا نیا جدید آلہ استعمال کیا جاتا ہے؟
uqa_valid	) انٹیجر فیکٹرائزیشن کے لئے سب سے مشہور الگورتھم <ans> جنرل نمبر فیلڈ سیوی </ans> ہے ، جس میں وقت لگتا ہے O(64/9)1/3(n.	انٹیجر فیکٹرائزیشن کے مسئلے سے وابستہ سب سے مشہور الگورتھم کیا ہے؟	کون سا مشہور جملہ سب سے زیادہ مشہور ہے؟	کون سا مشہور مصنف جون 2009 میں سب سے زیادہ مشہور ہے؟
uqa_valid	بہت سے مشہور پیچیدگی کی کلاسوں پر <ans> تشویش ہے کہ وہ غیر مساوی ہیں </ans> ، لیکن یہ ثابت نہیں ہوا ہے۔	پیچیدگی کی کلاسوں کی قیمت کے لئے عام طور پر منسوب غیر ثابت شدہ مفروضہ کیا ہے؟	بہت سے مشہور مذاہب کی کلاسوں پر کیا اثر پڑتا ہے؟	بہت سے مشہور مذاہب کی کلاسوں پر کیا اثر پڑتا ہے؟
uqa_valid	بہت سے مشہور پیچیدگی کی کلاسوں پر شبہ کیا جاتا ہے کہ وہ <ans> غیر مساوی </ans> ہیں ، لیکن یہ ثابت نہیں ہوا ہے۔	پیچیدگی کی کلاسوں کی قیمت کے لئے عام طور پر منسوب غیر ثابت شدہ مفروضہ کیا ہے؟	بہت سے مشہور الفاظ کی کلاسوں میں کیا ہے؟	بہت سے مشہور الفاظ کیا ہیں؟
uqa_valid	<ans> بہت سے مشہور پیچیدگی کی کلاسوں پر شبہ ہے کہ وہ غیر مساوی ہیں </ans> ، لیکن یہ ثابت نہیں ہوا ہے۔	پیچیدگی کی کلاسوں کی قیمت کے لئے عام طور پر منسوب غیر ثابت شدہ مفروضہ کیا ہے؟	کیا بہت سے مشہور غیر رسمی رہائشی غیر رسمی ہیں؟	کیا یہ ممکن ہے کہ وہ غیر معمولی نہیں ہیں؟
uqa_valid	مثال کے طور پر <ans> P <unk> NP <unk> PP <unk> PSPACE </ans> ، لیکن یہ ممکن ہے کہ P = PSPACE۔	ایک اظہار کیا ہے جو پیچیدگی کی کلاسوں کی مشتبہ عدم مساوات کی وضاحت کرنے کے لئے استعمال کیا جا سکتا ہے؟	کون سا PS3 تھرPPE کا مطلب ہے؟	PVIPE کا مخفف کیا ہے؟
uqa_valid	چونکہ بہت سے مشہور پیچیدگی کی کلاسیں <ans> P اور PSPACE کے درمیان </ans> ہیں ، جیسے RP ، BPP ، PP ، BQP ، MA ، PH ، وغیرہ ، یہ ممکن ہے کہ یہ تمام پیچیدگی کی کلاسیں ایک کلاس میں گر جائیں۔	جہاں پیچیدگی کلاس RP، BPP، PP، BQP، MA، اور PH واقع کیا جا سکتا ہے؟	بہت سے مشہور شخصیات کی کلاسیں کیا ہیں؟	بہت سے مشہور شخصیات کی کلاسیں کیا ہیں؟
uqa_valid	<ans> یہ ثابت کرنا کہ ان میں سے کوئی بھی کلاس غیر مساوی ہے </ans> پیچیدگی کے نظریہ میں ایک بڑی پیشرفت ہوگی۔	پیچیدگی کی کلاسوں کے درمیان اور ان کے درمیان کیا ثبوت پیچیدگی کے نظریہ کے لئے ایک نظریاتی واٹر شیڈ کی نشاندہی کرے گا؟	کیا نظریہ کے نظریہ میں کوئی بڑی تعداد ہے؟	کیا نظریہ کے نظریہ کے بارے میں ایک بڑی تشویش ہے؟
uqa_valid	اسی لائنوں کے ساتھ ، <ans> کو-این پی </ans> وہ کلاس ہے جس میں این پی مسائل کے تکمیل کے مسائل (یعنی ہاں / نہیں جوابات کے ساتھ مسائل کو الٹ دیا گیا ہے) شامل ہیں۔	NP مسائل کے تکمیل کے مسائل کس پیچیدگی کی کلاس میں موجود ہیں؟	این پی این کے مسائل کے مسائل کو کیا کہا جاتا ہے؟	این پی این کے مسائل کے مسائل کو کیا کہا جاتا ہے؟
uqa_valid	اسی لائنوں کے ساتھ ، کو-این پی وہ کلاس ہے جس میں این پی کے مسائل کے تکمیل کے مسائل (یعنی ہاں / نہیں جوابات <ans> ریورس </ans> کے ساتھ مسائل) شامل ہیں۔	NP کے ایک تکمیل کے مسئلے کے ہاں / نہیں کے جوابات کیسے ظاہر ہوتے ہیں؟	این پی این پی کے مسائل کے مسائل کے مسائل کے مسائل کے ساتھ مسائل کے مسائل کے ساتھ مسائل کے مسائل کے ساتھ مسائل کے مسائل کیا ہیں؟	این پی این پی کے مسائل کے مسائل کے مسائل کو کیا کہا جاتا ہے؟
uqa_valid	اسی طرح ، یہ معلوم نہیں ہے کہ آیا <ans> L </ans> (تمام مسائل کا مجموعہ جو لوگرتھمک جگہ میں حل کیا جاسکتا ہے) سختی سے P میں موجود ہے یا P کے برابر ہے۔	لوگرتھمک اسپیس کے اندر حل ہونے والے تمام مسائل کے ساتھ کون سا متغیر منسلک ہے؟	ایک ایسی جگہ کیا ہے جو ایک بارونرتھ میں حل کیا جا سکتا ہے؟	کون سا ادارہ اس مسئلے کو حل کرنے کے لئے استعمال کیا جا سکتا ہے؟
uqa_valid	اسی طرح ، یہ معلوم نہیں ہے کہ آیا ایل (تمام مسائل کا مجموعہ جو لوگرتھمک جگہ میں حل کیا جاسکتا ہے) <ans> پی میں سختی سے موجود ہے یا پی کے برابر ہے۔ </ans>	اگرچہ نامعلوم ہے ، پی کے سلسلے میں ایل کی سب سے زیادہ عام طور پر منسوب خصوصیات کیا ہیں؟	ایلڈروم میں کیا ہوتا ہے؟	ایلڈروم میں کیا ہوتا ہے؟
uqa_valid	اسی طرح ، یہ معلوم نہیں ہے کہ آیا ایل (تمام مسائل کا مجموعہ جو لوگرتھمک جگہ میں حل کیا جاسکتا ہے) سختی سے <ans> پی میں موجود ہے یا پی کے برابر ہے۔ </ans>	اگرچہ نامعلوم ہے ، پی کے سلسلے میں ایل کی سب سے زیادہ عام طور پر منسوب خصوصیات کیا ہیں؟	ایلڈروم میں کیا ہوتا ہے؟	ایل ایتھ کا کیا مطلب ہے؟
uqa_valid	ایک بار پھر ، دونوں کے درمیان بہت سے <ans> پیچیدگی کی کلاسیں </ans> ہیں ، جیسے NL اور NC ، اور یہ معلوم نہیں ہے کہ آیا وہ الگ الگ یا برابر کلاس ہیں۔	L اور P کے درمیان کیا ہے جو L اور P کے درمیان تعلقات کا حتمی تعین کرنے سے روکتا ہے؟	ایک بار کیا کہا جاتا ہے کہ ایک اور ایک اور کیا ہے؟	کس قسم کی کلاسیں ایک الگ الگ الگ ہیں؟
uqa_valid	ایک بار پھر ، دونوں کے مابین <ans> بہت سے پیچیدگی کی کلاسیں </ans> ہیں ، جیسے این ایل اور این سی ، اور یہ معلوم نہیں ہے کہ آیا وہ الگ الگ یا برابر کلاس ہیں۔	L اور P کے درمیان کیا ہے جو L اور P کے درمیان تعلقات کا حتمی تعین کرنے سے روکتا ہے؟	این آربر اور این سی کے درمیان کیا فرق ہے؟	این سی اور این سی این کے درمیان کیا فرق ہے؟
uqa_valid	ایک بار پھر ، دونوں کے مابین بہت سے پیچیدگی کی کلاسیں ہیں ، جیسے <ans> این ایل اور این سی </ans> ، اور یہ معلوم نہیں ہے کہ آیا وہ الگ الگ یا برابر کلاس ہیں۔	L اور P کے درمیان دو پیچیدگی کلاسیں کیا ہیں؟	کون سے دو الفاظ ایک علیحدہ ہونے کے لئے ایک کلاس کی کلاس کی کلاسوں کلاسوں کی کلاسوں کی کلاسیں ہیں؟	کون سی دوائیں دو الگ الگ ہیں؟
uqa_valid	وہ مسائل جو نظریہ میں حل کیے جاسکتے ہیں (مثال کے طور پر ، بڑا لیکن محدود وقت دیا گیا ہے) ، لیکن جو عملی طور پر ان کے حل کے مفید ہونے میں بہت زیادہ وقت لیتے ہیں ، انہیں <ans> ناقابل حل مسائل </ans> کے نام سے جانا جاتا ہے۔	نظریاتی حل کے قابل مسائل لیکن عملی اطلاق میں غیر معقول وقت خرچ کرنے کے طور پر کیا جانا جاتا ہے؟	ڈارون کے حل میں حل کرنے کے حل میں حل کرنے کے لئے کیا اصطلاح استعمال کی جاتی ہے؟	ان مسائل کا حل کرنے کے لئے کیا اصطلاح استعمال کی جا سکتی ہے؟
uqa_valid	وہ مسائل جو نظریہ میں حل کیے جاسکتے ہیں (مثال کے طور پر ، بڑا لیکن محدود وقت دیا گیا ہے) ، لیکن جو عملی طور پر ان کے حل کے مفید ہونے میں بہت زیادہ وقت لیتے ہیں ، انہیں <ans> ناقابل حل </ans> مسائل کے نام سے جانا جاتا ہے۔	نظریاتی حل کے قابل مسائل لیکن عملی اطلاق میں غیر معقول وقت خرچ کرنے کے طور پر کیا جانا جاتا ہے؟	وہ نظریہ جو حل کے حل میں حل نہیں کر سکتے ہیں وہ کیا ہیں؟	کسی بھی حل کے حل کے حل کو حل کرنے کے لئے کیا اصطلاح استعمال کی جاتی ہے؟
uqa_valid	مثال کے طور پر ، <ans> پریسبرگر ریاضی </ans> میں فیصلے کا مسئلہ پی میں نہیں ہونا دکھایا گیا ہے ، پھر بھی الگورتھم لکھے گئے ہیں جو زیادہ تر معاملات میں معقول وقت میں مسئلے کو حل کرتے ہیں۔	ریاضی کی کون سی نامور تغیرات ایک فیصلے کا مسئلہ پیش کرتی ہیں جو پی میں ظاہر نہیں ہوتی ہے؟	کون سا عقیدہ ایک ایسے مسائل کے مسئلے کو حل کرتا ہے؟	کون سا بدھ مت کے مسئلے کو حل نہیں کرتا ہے؟
uqa_valid	مثال کے طور پر ، <ans> پریسبرگر </ans> ریاضی میں فیصلے کا مسئلہ پی میں نہیں ہونا دکھایا گیا ہے ، پھر بھی الگورتھم لکھے گئے ہیں جو زیادہ تر معاملات میں معقول وقت میں مسئلے کو حل کرتے ہیں۔	ریاضی کی کون سی نامور تغیرات ایک فیصلے کا مسئلہ پیش کرتی ہیں جو پی میں ظاہر نہیں ہوتی ہے؟	کون سا ریاضی دان میں مسائل کا مسئلہ حل کرتا ہے؟	کون سا ریاضی دان کے مسائل کو حل کرتا ہے؟
uqa_valid	اسی طرح ، الگورتھم NP-مکمل بیگ کے مسئلے کو سائز کی ایک وسیع رینج پر حل کرسکتے ہیں <ans> کواڈریٹک وقت سے کم میں </ans> اور SAT حل کرنے والے معمول کے مطابق NP-مکمل بولین اطمینان کے مسئلے کے بڑے مثالوں کو سنبھالتے ہیں۔	ایک الگورتھم کتنی جلدی این پی مکمل بیگ کے مسئلے کو حل کرسکتا ہے؟	SN--P-B-P-B-P-B-P-B-P-B-P-B-P-B-P-B-P-B-	SNP-B-P-B-B-B-B-B-B-B-B-B-B-B-B-B-B-B-B-
uqa_valid	اسی طرح ، الگورتھم این پی مکمل بیگ کے مسئلے کو وسیع پیمانے پر سائز میں <ans> کم سے کم مربع وقت </ans> میں حل کرسکتے ہیں اور ایس اے ٹی حل کرنے والے معمول کے مطابق این پی مکمل بولین اطمینان کے مسئلے کے بڑے مثالوں کو سنبھالتے ہیں۔	ایک الگورتھم کتنی جلدی این پی مکمل بیگ کے مسئلے کو حل کرسکتا ہے؟	این پی این بی کے مسئلے کو وسیع پیمانے پر حل کرنے کے مسئلے کو حل کرنے کے مسئلے کو حل کرنے کے مسئلے کو حل کرنے کے مسئلے کو حل کرنے کے مسئلے کو حل کرنے کے مسئلے کو	این این پی بی کے مسئلے کو وسیع پیمانے پر حل کرنے میں کتنا وقت لگتا ہے؟
uqa_valid	الگورتھمک مسائل کی پیچیدگی کے لئے واضح طور پر وقف اصل تحقیق شروع ہونے سے پہلے ، مختلف محققین کی طرف سے متعدد <ans> بنیادیں رکھی گئیں </ans> ۔	محققین نے الگورتھمک مسائل کی پیچیدگی کے ارد گرد کام کے سابقہ خسارے کی تلافی کے لئے کیا حکمت عملی استعمال کی؟	کیا ابتدائی طور پر کام کرنے والے پہلے کام کے لئے وقف کیا جاتا ہے؟	کیا ابتدائی طور پر کام کرنا شروع کرنے کے لئے شروع کیا جاتا ہے؟
uqa_valid	الگورتھمک مسائل کی پیچیدگی کے لئے واضح طور پر وقف اصل تحقیق شروع ہونے سے پہلے، مختلف محققین کی طرف سے <ans> بہت سے بنیادیں رکھی گئیں </ans> .	محققین نے الگورتھمک مسائل کی پیچیدگی کے ارد گرد کام کے سابقہ خسارے کی تلافی کے لئے کیا حکمت عملی استعمال کی؟	ابتدائی طور پر اصل میں اصل میں کیا کام کیا گیا تھا؟	ابتدائی طور پر ابتدائی طور پر اصل میں کیا کام کیا گیا تھا؟
uqa_valid	الگورتھمک مسائل کی پیچیدگی کے لئے واضح طور پر وقف اصل تحقیق شروع ہونے سے پہلے ، <ans> مختلف محققین کی طرف سے متعدد بنیادیں رکھی گئیں </ans> ۔	محققین نے الگورتھمک مسائل کی پیچیدگی کے ارد گرد کام کے سابقہ خسارے کی تلافی کے لئے کیا حکمت عملی استعمال کی؟	کیا ابتدائی طور پر اصل میں اصل میں کام کرنا شروع کیا گیا تھا؟	ابتدائی طور پر اصل میں کیا شروع کیا گیا تھا؟
uqa_valid	ان میں سے سب سے زیادہ بااثر ایلن ٹورنگ کی طرف سے 1936 میں <ans> ٹورنگ مشینوں </ans> کی تعریف تھی، جو ایک کمپیوٹر کی ایک بہت مضبوط اور لچکدار سادگی بن گیا.	ایلن ٹورنگ کو کون سا نظریاتی آلہ منسوب کیا جاتا ہے؟	ٹورنگ ٹورنگ کی طرف سے سب سے زیادہ بااثر آلہ کیا تھا؟	سب سے زیادہ بااثر ایلن ٹورنگ میں سے ایک کیا تھا؟
uqa_valid	ان میں سب سے زیادہ بااثر ایلن ٹورنگ کی طرف سے <ans> 1936 </ans> میں ٹورنگ مشینوں کی تعریف تھی ، جو ایک کمپیوٹر کی ایک بہت ہی مضبوط اور لچکدار سادگی ثابت ہوئی۔	کس سال میں ایک کمپیوٹنگ ڈیوائس کا ایلن ٹورنگ کا تعریفاتی ماڈل موصول ہوا تھا؟	ٹورنگ مشینوں کی ٹورنگ کب ہوئی تھی؟	ٹورنگ مشین کب تشکیل دی گئی تھی؟
uqa_valid	ان میں سے سب سے زیادہ بااثر ایلن ٹورنگ کی طرف سے 1936 میں ٹورنگ مشینوں کی تعریف تھی ، جو <ans> کمپیوٹر </ans> کی ایک بہت ہی مضبوط اور لچکدار سادگی ثابت ہوئی۔	سب سے بنیادی معنوں میں ایک ٹورنگ مشین نے کیا تقلید کی؟	ٹورنگ مشینوں کی ایک ہی مصنوعات کیا تھی؟	ٹورنگ مشین کی تعریف کس نے کی؟
uqa_valid	جیسا کہ فورٹنو اور ہومر (2003) نے نشاندہی کی ہے ، کمپیوٹیشنل پیچیدگی میں منظم مطالعات کا آغاز جورس ہارٹ مینس اور رچرڈ سٹرنز (1965) کے کمپیوٹیشنل پیچیدگی کے بارے میں سیمینار کاغذ سے منسوب کیا جاتا ہے ، جس نے <ans> وقت اور جگہ </ans> کی پیچیدگی کی تعریفیں پیش کیں اور درجہ بندی کے نظریات کو ثابت کیا۔	"""الگورتھم کی کمپیوٹیشنل پیچیدگی پر"" کس پیچیدہ پیمائش کی وضاحت کی گئی تھی؟"	کس قسم کی حد میں لشکرلیشنل نے کیا کیا؟	کون سے دو عوامل نے لپیلیشنل کی حیثیت کی تعریف کی؟
uqa_valid	جیسا کہ فورٹنو اور ہومر (2003) نے نشاندہی کی ہے ، کمپیوٹیشنل پیچیدگی میں منظم مطالعات کا آغاز جورس ہارٹ مینس اور رچرڈ سٹرنز (1965) کے کمپیوٹیشنل پیچیدگی کے بارے میں سیمینار کاغذ سے منسوب کیا جاتا ہے ، جس نے <ans> وقت اور جگہ کی پیچیدگی کی تعریفیں </ans> پیش کیں اور درجہ بندی کے نظریات کو ثابت کیا۔	"""الگورتھم کی کمپیوٹیشنل پیچیدگی پر"" کس پیچیدہ پیمائش کی وضاحت کی گئی تھی؟"	لسٹریشنلیشنل نے کس قسم کی حقیقت کی پیش کش کی؟	کون سے دو عوامل نے لپیوٹلیشنل کے بارے میں بات کی؟
uqa_valid	جیسا کہ فورٹنو اور ہومر (2003) نے نشاندہی کی ہے ، کمپیوٹیشنل پیچیدگی میں منظم مطالعات کا آغاز جورس ہارٹ مینس اور رچرڈ سٹرنز (1965) کے کمپیوٹیشنل پیچیدگی کے بارے میں سیمینار کاغذ سے منسوب کیا جاتا ہے ، جس نے <ans> وقت اور جگہ کی پیچیدگی </ans> کی تعریفیں پیش کیں اور درجہ بندی کے نظریات کو ثابت کیا۔	"""الگورتھم کی کمپیوٹیشنل پیچیدگی پر"" کس پیچیدہ پیمائش کی وضاحت کی گئی تھی؟"	کس قسم کی تعریفیں پیش کی گئیں؟	کس نے استدلال کیا کہ سپیوٹلیشنل کی طرف سے تیار کیا جا رہا ہے؟
uqa_valid	مخصوص محدود وسائل کے ساتھ ٹورنگ مشینوں کے ذریعہ حل ہونے والے مسائل کا مطالعہ کرنے والے ابتدائی کاغذات میں <ans> جان مائی ہل </ans> کی لکیری محدود آٹومیٹس کی تعریف (مائی ہل 1960) ، ریمنڈ سمولین کا ابتدائی سیٹوں کا مطالعہ (1961) ، نیز ہیساو یامادا کا اصل وقت کے حساب کتاب پر کاغذ (1962) شامل ہیں۔	کس نے 1960 میں لکیری محدود آٹومیٹس کی تعریف فراہم کی؟	کون سا مشہور امریکی ٹورنگ نے بیئر میں ایک مسئلہ پیدا کیا؟	کون سا کوئین ٹورنگ مشین کی ایک شاخ ہے؟
uqa_valid	مخصوص محدود وسائل کے ساتھ ٹورنگ مشینوں کے ذریعہ حل ہونے والے مسائل کا مطالعہ کرنے والے ابتدائی مقالوں میں جان مائی ہل کی لکیری محدود آٹومیٹس کی تعریف (مائی ہل 1960) ، ریمنڈ سمولین کا ابتدائی سیٹوں کا مطالعہ (1961) ، نیز <ans> ہیساو یامادا </ans> کا کاغذ ریئل ٹائم کمپیوٹیشنز (1962) پر شامل ہے۔	1962 میں ، ریئل ٹائم کمپیوٹیشنز پر شائع ہونے والے ایک کاغذ کے مصنف کے لئے کون ذمہ دار تھا؟	کون سا نظریہ کم ہے کہ کم از کم کم مقدار میں ایک کم وقت کا کردار ادا کیا جا سکتا ہے؟	کون سے دو عوامل کو کم کیا جا سکتا ہے؟
uqa_valid	اگرچہ پیچیدگی کے نظریاتی تھیوریم کے کچھ ثبوت باقاعدگی سے <ans> ان پٹ انکوڈنگ </ans> کے کچھ ٹھوس انتخاب کو فرض کرتے ہیں ، لیکن کوئی اس بحث کو اتنی خلاصہ رکھنے کی کوشش کرتا ہے کہ انکوڈنگ کے انتخاب سے آزاد ہو۔	سب سے زیادہ پیچیدگی نظریاتی تھیوریم کی طرف سے عام طور پر فرض کیا ٹھوس انتخاب ہے؟	ایک مخصوص بلب کے کچھ ثبوت کے لئے ثبوت کیا ہے؟	کس قسم کی انکوڈنگ کے بارے میں کہا جاتا ہے کہ اس کے انتخاب کا انتخاب کیا جائے گا؟
uqa_valid	اگرچہ پیچیدگی کے نظریاتی تھیوریم کے کچھ ثبوت باقاعدگی سے ان پٹ <ans> کوڈنگ </ans> کے کچھ ٹھوس انتخاب کو فرض کرتے ہیں ، لیکن کسی کو بحث کو اتنی خلاصہ رکھنے کی کوشش کی جاتی ہے کہ کوڈنگ کے انتخاب سے آزاد ہو۔	تجریدی کی ایک سطح کو برقرار رکھنے کی کوشش میں، کیا انتخاب عام طور پر آزاد چھوڑ دیا جاتا ہے؟	ایک نئے انتخاب کے کچھ ثبوت کے کچھ حصوں کو کیا کہا جاتا ہے؟	کس قسم کے کچھ حصوں کو کچھ حد تک محدود کیا جاتا ہے؟
uqa_valid	1967 میں ، <ans> مینوئل بلوم </ans> نے اپنے اصولوں پر مبنی ایکسیومیٹک پیچیدگی کا نظریہ تیار کیا اور ایک اہم نتیجہ ، نام نہاد ، اسپیڈ اپ تھیوریم ثابت کیا۔	axiomatic پیچیدگی کے نظریہ کے لئے ذمہ دار کون ہے؟	1967 میں مبنی ایکسیو ایکسیولوجسٹ کا نظریہ کس نے تیار کیا؟	1967 میں مبنی ایکسیو ایکسیولوجسٹ کا نظریہ کس نے تیار کیا؟
uqa_valid	1967 میں ، مینوئل بلوم نے اپنے axioms کی بنیاد پر ایک axiomatic پیچیدگی کا نظریہ تیار کیا اور ایک اہم نتیجہ ثابت کیا ، جسے <ans> اسپیڈ اپ تھیوریم </ans> کہا جاتا ہے۔	مینوئل بلوم کے اصولوں سے کیا نظریہ ظاہر ہوتا ہے؟	بلوموم نے کیا کہا کہ اس کے نظریہ کا نظریہ تیار کیا گیا تھا؟	بلوموم کا نظریہ کیا تھا؟
uqa_valid	1972 میں ، رچرڈ کارپ نے اس خیال کو اپنے تاریخی کاغذ ، کمبینیٹری مسائل میں کمی کے ساتھ آگے بڑھایا ، جس میں انہوں نے دکھایا کہ <ans> 21 </ans> مختلف کمبینیٹری اور گراف نظریاتی مسائل ، ہر ایک اپنی کمپیوٹیشنل ناقابل حل ہونے کے لئے بدنام ، این پی مکمل ہیں۔	کتنے مجموعہ اور گراف نظریاتی مسائل، پہلے ناقابل حل کی طرف سے plagued کرنے کے لئے خیال کیا جاتا ہے، Karp کے کاغذ ایڈریس کیا؟	رچرڈ کے مطابق، کتنے کم کم بٹی اور چھوٹے کم مسائل ہیں؟	رچرڈ کیپ نے کتنے کم کم بٹی ہیں؟
uqa_valid	جنوبی کیلیفورنیا ، جسے اکثر <ans> سوکیل </ans> کا مخفف کہا جاتا ہے ، ایک جغرافیائی اور ثقافتی علاقہ ہے جو عام طور پر کیلیفورنیا کی جنوبی ترین 10 کاؤنٹیوں پر مشتمل ہوتا ہے۔	جنوبی کیلیفورنیا کو اکثر کس طرح مختصر کیا جاتا ہے؟	جنوبی جنوبی کیرولائنا کی جنوبی کاؤنٹیوں کو کیا کہا جاتا ہے؟	جنوبی کیرولائنا کی جنوبی کاؤنٹیوں کو کیا کہا جاتا ہے؟
uqa_valid	جنوبی کیلیفورنیا ، جسے اکثر مختصر کیا جاتا ہے ، ایک جغرافیائی اور ثقافتی علاقہ ہے جو عام طور پر کیلیفورنیا کی جنوبی ترین <ans> 10 کاؤنٹیوں </ans> پر مشتمل ہے۔	"روایتی طور پر ""آٹھ کاؤنٹیوں"" کے طور پر بیان کرنے کے باوجود، اس خطے میں اصل میں کتنے کاؤنٹی ہیں؟"	جنوبی جنوبی جنوبی ویتنام میں کتنی کاؤنٹیاں ہیں؟	جنوبی نائیجیریا کے جنوبی حصے کا نام کیا ہے؟
uqa_valid	جنوبی کیلیفورنیا ، جسے اکثر مختصر کیا جاتا ہے ، ایک جغرافیائی اور ثقافتی علاقہ ہے جو عام طور پر کیلیفورنیا کی جنوبی ترین <ans> 10 </ans> کاؤنٹیوں پر مشتمل ہوتا ہے۔	"روایتی طور پر ""آٹھ کاؤنٹیوں"" کے طور پر بیان کرنے کے باوجود، اس خطے میں اصل میں کتنے کاؤنٹی ہیں؟"	جنوبی جنوبی جنوبی ویتنام میں کتنی کاؤنٹیوں کی طرف سے زیادہ عام طور پر شامل کیا جاتا ہے؟	جنوبی کیرولائنا میں کتنے کاؤنٹی ہوتے ہیں؟
uqa_valid	جنوبی کیلیفورنیا ریاست کیلیفورنیا اور ریاستہائے متحدہ کا ایک اہم <ans> معاشی مرکز </ans> ہے۔	کیلیفورنیا اور ریاستہائے متحدہ کے سلسلے میں جنوبی کیلیفورنیا کی اہم اہمیت کیا ہے؟	ریاست کے شمالی امریکہ میں اہم زرعی صنعت کیا ہے؟	ریاست کی ریاست کا مقصد کیا ہے؟
uqa_valid	جنوبی کیلیفورنیا ریاست کیلیفورنیا اور ریاستہائے متحدہ کا ایک <ans> بڑا معاشی مرکز </ans> ہے۔	کیلیفورنیا اور ریاستہائے متحدہ کے سلسلے میں جنوبی کیلیفورنیا کی اہم اہمیت کیا ہے؟	ریاست کے کس حصے میں جنوبی امریکہ کے ریاست کے درمیان واقع ہے؟	ریاست کے شمالی حصے میں کیا ہے؟
uqa_valid	اس خطے کو روایتی طور پر آٹھ کاؤنٹیوں کے طور پر بیان کیا جاتا ہے ، جو <ans> آبادیاتی اور معاشی تعلقات </ans> پر مبنی ہے: امپیریل ، لاس اینجلس ، اورنج ، ریورسائیڈ ، سان برنارڈینو ، سان ڈیاگو ، سانتا باربرا ، اور وینٹورا۔	"کون سے تعلقات ہیں جو سب سے بہتر بیان کرتے ہیں کہ ""آٹھ کاؤنٹیز"" کیا پر مبنی ہیں؟"	روایتی طور پر کس قسم کے معاشی نظام ہیں؟	روایتی طور پر کس قسم کی معاشی خصوصیات ہیں؟
uqa_valid	اس خطے کو روایتی طور پر آٹھ کاؤنٹیوں کے طور پر بیان کیا جاتا ہے ، جو آبادی اور <ans> اقتصادی </ans> تعلقات کی بنیاد پر ہے: امپیریل ، لاس اینجلس ، اورنج ، ریورسائیڈ ، سان برنارڈینو ، سان ڈیاگو ، سانٹا باربرا ، اور وینٹورا۔	"کون سے تعلقات ہیں جو سب سے بہتر بیان کرتے ہیں کہ ""آٹھ کاؤنٹیز"" کیا پر مبنی ہیں؟"	کون سا شعبہ ساؤتھمپٹن کے ساتھ روایتی طور پر منسلک ہے؟	کس قسم کی بشریات کی بنیاد رکھی جاتی ہے؟
uqa_valid	اس خطے کو روایتی طور پر آٹھ کاؤنٹیوں کے طور پر بیان کیا جاتا ہے ، جو <ans> تعداداتی اور معاشی </ans> تعلقات کی بنیاد پر ہیں: امپیریل ، لاس اینجلس ، اورنج ، ریورسائیڈ ، سان برنارڈینو ، سان ڈیاگو ، سانتا باربرا ، اور وینٹورا۔	"کون سے تعلقات ہیں جو سب سے بہتر بیان کرتے ہیں کہ ""آٹھ کاؤنٹیز"" کیا پر مبنی ہیں؟"	کون سی معاشی خصوصیات کو روایتی طور پر روایتی طور پر سمجھا جاتا ہے؟	روایتی طور پر کس قسم کے تعلقات ہیں؟
uqa_valid	کیرن اور سان لوئس اوبیسپو کاؤنٹیوں سمیت زیادہ وسیع 10 کاؤنٹی کی تعریف بھی <ans> تاریخی سیاسی تقسیم </ans> کی بنیاد پر استعمال کی جاتی ہے۔	آخری دو کاؤنٹیوں کو شامل کرنے کی وجوہات کس پر مبنی ہیں؟	سان ڈیاگو کیرن اور کاؤنٹی کے درمیان کاؤنٹی کی بنیادی اقسام کیا ہے؟	سان ڈیاگو کی کون سی قسم کی بنیاد پر وسیع پیمانے پر استعمال کی جاتی ہے؟
uqa_valid	8 اور 10 کاؤنٹی کی تعریفیں بڑے <ans> جنوبی کیلیفورنیا میگریجن </ans> کے لئے استعمال نہیں کی جاتی ہیں ، جو ریاستہائے متحدہ کے 11 میگریجنز میں سے ایک ہے۔	اس خطے کا نام کیا ہے جو آٹھ یا 10 کاؤنٹی کی تعریفوں کے ذریعہ بیان نہیں کیا گیا ہے؟	10 اور 10 کی 10یں کس قسم کے ایندھن کے لئے استعمال نہیں کی جاتی ہیں؟	10 اور واشنگٹن کی 10یں کیا ہیں؟
uqa_valid	8 اور 10 کاؤنٹی کی تعریفیں <ans> عظیم جنوبی کیلیفورنیا میگریجن </ans> کے لئے استعمال نہیں کی جاتی ہیں ، جو ریاستہائے متحدہ کے 11 میگریجنز میں سے ایک ہے۔	اس خطے کا نام کیا ہے جو آٹھ یا 10 کاؤنٹی کی تعریفوں کے ذریعہ بیان نہیں کیا گیا ہے؟	10 اور 10s کی 10یں کیا ہیں؟	10 اور واشنگٹن یونیورسٹی کی دوسری تعریفیں کیا ہیں؟
uqa_valid	8 اور 10 کاؤنٹی کی تعریفیں بڑے جنوبی کیلیفورنیا میگریجن کے لئے استعمال نہیں کی جاتی ہیں ، جو ریاستہائے متحدہ کے <ans> 11 </ans> میگریجنوں میں سے ایک ہے۔	ریاستہائے متحدہ میں کتنے میگا ریجنز ہیں؟	ریاستہائے متحدہ میں کتنے پرائمریجنجنجن ہیں؟	ریاستہائے متحدہ میں 10ریجنریوں کی تعداد کتنی ہے؟
uqa_valid	میگریجن کا علاقہ زیادہ وسیع ہے ، جو مشرق میں لاس ویگاس ، <ans> نیواڈا </ans> تک پھیلا ہوا ہے ، اور جنوب میں میکسیکو کی سرحد کے پار تیہوانا تک ہے۔	اس ریاست کا نام کیا ہے جس میں مشرق میں میگا ریجن پھیلتا ہے؟	لاسریجن کا ہیڈکوارٹر کہاں ہے؟	لاسریجن کہاں واقع ہے؟
uqa_valid	میگریجن کا علاقہ زیادہ وسیع ہے ، جو مشرق میں لاس ویگاس ، نیواڈا تک پھیلا ہوا ہے ، اور جنوب میں <ans> میکسیکن </ans> سرحد کے پار تیہوانا تک ہے۔	میگا ریجن کس سرحد پر پھیلا ہوا ہے؟	کون سا دریا سب سے زیادہ rnas تک پہنچ گیا ہے؟	کون سا دریا سب سے زیادہ شمال میں ہے؟
uqa_valid	میگریجن کا علاقہ زیادہ وسیع ہے ، جو مشرق میں لاس ویگاس ، نیواڈا تک پھیلا ہوا ہے ، اور جنوب میں میکسیکو کی سرحد کے پار <ans> ٹیہوانا </ans> تک ہے۔	سرحد کے پیچھے اس علاقے کا نام کیا ہے جس میں میگا ریجن پھیلتا ہے؟	کون سا شہر سب سے زیادہ ہے؟	کون سا پہاڑ شمال کی سرحد پر غلبہ رکھتا ہے؟
uqa_valid	جنوبی کیلیفورنیا میں <ans> پیسیفک </ans> ساحل کے ساتھ ساتھ وینٹورا سے ، گریٹر لاس اینجلس ایریا اور ان لینڈ ایمپائر کے ذریعے ، اور گریٹر سان ڈیاگو تک پھیلا ہوا بھاری تعمیر شدہ شہری علاقہ شامل ہے۔	جنوبی کیلی فورنیا کس ساحل سے ملتا ہے؟	جنوبی ساحل پر کون سا ساحل ہے؟	جنوبی بحر الکاہل میں کون سا ساحل ہے؟
uqa_valid	جنوبی کیلیفورنیا کی آبادی میں <ans> سات </ans> میٹروپولیٹن علاقے ، یا ایم ایس اے شامل ہیں: لاس اینجلس میٹروپولیٹن ایریا ، جو لاس اینجلس اور اورنج کاؤنٹیوں پر مشتمل ہے۔	جنوبی کیلیفورنیا کی آبادی کتنے میٹروپولیٹن علاقوں پر مشتمل ہے؟	جنوبی میٹروپولیٹن علاقے میں کتنے میٹروپولیٹن علاقے ہیں؟	جنوبی میٹروپولیٹن علاقے میں کتنے میٹروپولیٹن علاقے ہیں؟
uqa_valid	ان میں سے ، تین بھاری آبادی والے علاقے ہیں: <ans> 12 ملین </ans> سے زیادہ باشندوں کے ساتھ لاس اینجلس کا علاقہ ، چار ملین سے زیادہ باشندوں کے ساتھ ریورسائیڈ - سان برنارڈینو علاقہ ، اور 3 ملین سے زیادہ باشندوں کے ساتھ سان ڈیاگو علاقہ۔	لاس اینجلس کے علاقے میں کتنے باشندے ہیں؟	لاس اینجلس کے علاقے میں کتنے لوگ رہتے ہیں؟	لاس اینجلس میں کتنے لوگ رہتے ہیں؟
uqa_valid	ان میں سے ، تین بھاری آبادی والے علاقے ہیں: <ans> 12 ملین سے زیادہ باشندوں </ans> کے ساتھ لاس اینجلس کا علاقہ ، چار ملین سے زیادہ باشندوں کے ساتھ ریورسائیڈ - سان برنارڈینو علاقہ ، اور 3 ملین سے زیادہ باشندوں کے ساتھ سان ڈیاگو علاقہ۔	لاس اینجلس کے علاقے میں کتنے باشندے ہیں؟	لاس اینجلس کے علاقے میں کتنے لوگ رہتے ہیں؟	لاس اینجلس کے علاقے میں کتنے لوگ رہتے ہیں؟
uqa_valid	ان میں سے ، تین بھاری آبادی والے علاقے ہیں: 12 ملین سے زیادہ باشندوں کے ساتھ لاس اینجلس کا علاقہ ، چار ملین سے زیادہ باشندوں کے ساتھ ریورسائیڈ-سان برنارڈینو علاقہ ، اور 3 ملین سے زیادہ باشندوں کے ساتھ <ans> سان ڈیاگو </ans> علاقہ۔	تینوں گھنے آبادی والے علاقوں میں سے کون سا کم سے کم باشندوں کی تعداد ہے؟	کون سا علاقہ آبادی کا سب سے بڑا حصہ ہے؟	آبادی کا کون سا علاقہ سب سے زیادہ آبادی رکھتا ہے؟
uqa_valid	ان میں سے ، تین بھاری آبادی والے علاقے ہیں: 12 ملین سے زیادہ باشندوں کے ساتھ لاس اینجلس کا علاقہ ، چار ملین سے زیادہ باشندوں کے ساتھ ریورسائیڈ-سان برنارڈینو علاقہ ، اور 3 ملین سے زیادہ باشندوں کے ساتھ <ans> سان ڈیاگو علاقہ </ans> ۔	تینوں گھنے آبادی والے علاقوں میں سے کون سا کم سے کم باشندوں کی تعداد ہے؟	لاس اینجلس کے ساتھ ساتھ، کون سا علاقہ زیادہ آبادی والے علاقوں سے ملتا جلتا ہے؟	کون سا علاقہ سب سے زیادہ آبادی رکھتا ہے؟
uqa_valid	مشرق میں کولوراڈو صحرا اور ایریزونا کے ساتھ سرحد پر <ans> کولورادو دریا </ans> ہے ، اور ریاست نیواڈا کے ساتھ سرحد پر موجاوی صحرا ہے۔	اس پانی کے جسم کا نام کیا ہے جو مشرق میں پایا جاتا ہے؟	قبرص کے شمال سرحد پر کون سا دریا واقع ہے؟	کون سا دریا دریائے سرحد پر واقع ہے؟
uqa_valid	مشرق میں کولوراڈو صحرا اور ایریزونا کی سرحد پر <ans> کولاڈو دریا </ans> ہے ، اور ریاست نیواڈا کی سرحد پر موجاوی صحرا ہے۔	اس پانی کے جسم کا نام کیا ہے جو مشرق میں پایا جاتا ہے؟	مشرق صحرا اور مشرق کی سرحد پر سرحد پر کیا واقع ہے؟	مشرق کی سرحد پر کون سا دریا واقع ہے؟
uqa_valid	مشرق میں <ans> کولورادو صحرا </ans> اور ایریزونا کی سرحد پر کولوراڈو دریا ، اور ریاست نیواڈا کی سرحد پر موجاوی صحرا ہے۔	ایریزونا کی سرحد پر صحرا کا نام کیا ہے؟	راجستھان کے سرحد پر کون سا صحرا ہے؟	راجستھان کی سرحد پر کون سا صحرا ہے؟
uqa_valid	مشرق میں کولوراڈو صحرا اور کولوراڈو دریا ایریزونا کے ساتھ سرحد پر ، اور نیواڈا ریاست کے ساتھ سرحد پر <ans> موجاوی صحرا </ans> ہے۔	نیواڈا کی سرحد کے قریب صحرا کا نام کیا ہے؟	نیو ہیون ریاست کے ساتھ سرحد پر کون سا دریا ہے؟	نیو ہیون ریاست میں کون سا صحرا ہے؟
uqa_valid	جنوب میں <ans> میکسیکو - ریاستہائے متحدہ کی سرحد </ans> ہے۔	جنوب کی سرحد کا نام کیا ہے؟	جنوب میں سرحد کہاں ہے؟	جنوب میں سرحد کہاں ہے؟
uqa_valid	جنوبی <ans> کیلیفورنیا </ans> کے اندر دو بڑے شہر ہیں ، لاس اینجلس اور سان ڈیاگو ، نیز ملک کے تین سب سے بڑے میٹروپولیٹن علاقوں کے ساتھ۔	لاس اینجلس اور سان ڈیاگو کے شہر کس ریاست کا حصہ ہیں؟	جنوبی ہندوستان کے اندر کون سا شہر بڑے شہر ہے؟	جنوبی شہر کے اندر کون سا شہر بڑے شہر ہے؟
uqa_valid	<ans> 3,792,621،XNUMX </ans> کی آبادی کے ساتھ ، لاس اینجلس کیلیفورنیا کا سب سے زیادہ آبادی والا شہر ہے اور ریاستہائے متحدہ میں دوسرا سب سے زیادہ آبادی والا ہے۔	لاس اینجلس کی آبادی کتنی ہے؟	آبادی میں آبادی کی آبادی کتنی ہے؟	آبادی میں آبادی کی آبادی کتنی ہے؟
uqa_valid	3,792,621،XNUMX کی آبادی کے ساتھ ، <ans> لاس اینجلس </ans> کیلیفورنیا کا سب سے زیادہ آبادی والا شہر اور ریاستہائے متحدہ میں دوسرا سب سے زیادہ آبادی والا شہر ہے۔	کیلیفورنیا کا سب سے زیادہ آبادی والا شہر کون سا ہے؟	آبادی کا سب سے زیادہ آبادی والا شہر کون سا شہر ہے؟	آبادی کا سب سے زیادہ آبادی والا شہر کون سا شہر ہے؟
uqa_valid	جنوب میں اور 1,307,402 کی آبادی کے ساتھ <ans> سان ڈیاگو </ans> ہے ، جو ریاست کا دوسرا سب سے زیادہ آبادی والا شہر اور قوم کا آٹھواں سب سے زیادہ آبادی والا شہر ہے۔	ملک کا آٹھواں سب سے زیادہ آبادی والا شہر کون سا ہے؟	ریاست میں سب سے زیادہ آبادی والا شہر کیا ہے؟	ریاست میں سب سے زیادہ آبادی والا شہر کیا ہے؟
uqa_valid	<ans> جنوب </ans> اور 1,307,402 کی آبادی کے ساتھ سان ڈیاگو ، ریاست کا دوسرا سب سے زیادہ آبادی والا شہر اور قوم کا آٹھواں سب سے زیادہ آبادی والا شہر ہے۔	لاس اینجلس سے سان ڈیاگو کس کارڈینل سمت میں ہے؟	آبادی کا دوسرا سب سے شہر آبادی والا شہر کون سا ہے؟	آبادی کا دوسرا سب سے زیادہ آبادی والا شہر کون سا ہے؟
uqa_valid	اس کی کاؤنٹیاں <ans> لاس اینجلس </ans> ، اورنج ، سان ڈیاگو ، سان برنارڈینو ، اور ریورسائیڈ ریاست کی پانچ سب سے زیادہ آبادی والی کاؤنٹیاں ہیں اور سبھی ریاستہائے متحدہ میں سب سے زیادہ آبادی والی 15 کاؤنٹیاں ہیں۔	اورنج، سان ڈیاگو، ریورسائیڈ اور سان برنارڈینو پانچ کاؤنٹیوں میں سے چار تشکیل دیتے ہیں۔ آخری کاؤنٹی کا نام کیا ہے؟	کون سی کاؤنٹیاں سب سے زیادہ آبادی والی آبادیاں ہیں؟	کون سا کاؤنٹی سب سے زیادہ آبادی والا کاؤنٹی ہے؟
uqa_valid	اس کے کاؤنٹیز لاس اینجلس ، اورنج ، سان ڈیاگو ، سان برنارڈینو ، اور <ans> ریورسائڈ </ans> ریاست میں پانچ سب سے زیادہ آبادی والے ہیں اور سبھی ریاستہائے متحدہ میں سب سے زیادہ آبادی والے 15 کاؤنٹیوں میں ہیں۔	اورنج، سان ڈیاگو، ریورسائیڈ اور سان برنارڈینو پانچ کاؤنٹیوں میں سے چار تشکیل دیتے ہیں۔ آخری کاؤنٹی کا نام کیا ہے؟	اوکلاہوما میں سب سے زیادہ آبادی والے لوگ کون سی ہیں؟	اوکلاہوما میں سب سے زیادہ آبادی والے لوگ کون سی ہیں؟
uqa_valid	اس کی کاؤنٹیز لاس اینجلس ، اورنج ، سان ڈیاگو ، سان برنارڈینو ، اور ریورسائیڈ ریاست میں پانچ سب سے زیادہ آبادی والی ہیں اور سبھی <ans> ریاستہائے متحدہ </ans> میں سب سے زیادہ آبادی والی 15 کاؤنٹیوں میں ہیں۔	تمام کاؤنٹیز کس ملک میں ہیں؟	اوکلاہوما میں سب سے زیادہ آبادی والی آبادی کہاں ہے؟	اوکلاہوما میں سب سے زیادہ آبادی والی آبادی کہاں ہے؟
uqa_valid	اس کی کاؤنٹیاں <ans> لاس اینجلس </ans> ، اورنج ، سان ڈیاگو ، سان برنارڈینو ، اور ریورسائیڈ ریاست کی پانچ سب سے زیادہ آبادی والی کاؤنٹیاں ہیں اور سبھی ریاستہائے متحدہ میں سب سے زیادہ آبادی والی 15 کاؤنٹیاں ہیں۔	تمام کاؤنٹیز کس ملک میں ہیں؟	کون سی کاؤنٹیاں سب سے زیادہ آبادی والی آبادیاں ہیں؟	کون سا کاؤنٹی سب سے زیادہ آبادی والا کاؤنٹی ہے؟
uqa_valid	اس کے <ans> کاؤنٹیز </ans> لاس اینجلس ، اورنج ، سان ڈیاگو ، سان برنارڈینو ، اور ریورسائیڈ ریاست میں پانچ سب سے زیادہ آبادی والے ہیں اور سبھی ریاستہائے متحدہ میں سب سے زیادہ آبادی والے 15 کاؤنٹیوں میں ہیں۔	لاس اینجلس، اورنج، سان ڈیاگو، سان برنارڈینو اور ریورسائیڈ کیا ہیں؟	کون سے کاؤنٹیوں کو سب سے زیادہ آبادی والے آبادی والے آبادی میں سے ایک ہے؟	کون سے کاؤنٹی میں سب سے زیادہ آبادی والے لوگ رہتے ہیں؟
uqa_valid	اس کے کاؤنٹیز لاس اینجلس ، اورنج ، سان ڈیاگو ، سان برنارڈینو ، اور ریورسائیڈ <ans> ریاست میں سب سے زیادہ آبادی والے پانچ </ans> ہیں اور سبھی ریاستہائے متحدہ میں سب سے زیادہ آبادی والے 15 کاؤنٹیوں میں ہیں۔	لاس اینجلس، اورنج، سان ڈیاگو، سان برنارڈینو اور ریورسائیڈ کیا ہیں؟	ریاست کے کاؤنٹی میں سب سے زیادہ آبادی والے لوگ کہاں ہیں؟	سان ڈیاگو میں کتنے لوگ رہتے ہیں؟
uqa_valid	اس کے کاؤنٹیز لاس اینجلس ، اورنج ، سان ڈیاگو ، سان برنارڈینو ، اور ریورسائیڈ ریاست میں پانچ سب سے زیادہ آبادی والے ہیں اور سبھی ریاستہائے متحدہ میں سب سے زیادہ آبادی والے <ans> 15 </ans> کاؤنٹیوں میں ہیں۔	ریاستہائے متحدہ میں سب سے زیادہ آبادی والی کاؤنٹیوں کے لحاظ سے کاؤنٹیوں میں سے ایک کی سب سے کم درجہ بندی کیا ہوسکتی ہے؟	اوکلاہوما میں کاؤنٹی کاؤنٹی میں کتنے کاؤنٹی ہیں؟	اوکلاہوما کاؤنٹی میں کتنے کاؤنٹی رہتے ہیں؟
uqa_valid	اس کے کاؤنٹیز لاس اینجلس ، اورنج ، سان ڈیاگو ، سان برنارڈینو ، اور <ans> ریورسائڈ </ans> ریاست میں پانچ سب سے زیادہ آبادی والے ہیں اور سبھی ریاستہائے متحدہ میں سب سے زیادہ آبادی والے 15 کاؤنٹیوں میں ہیں۔	ریاستہائے متحدہ میں سب سے زیادہ آبادی والی کاؤنٹیوں کے لحاظ سے کاؤنٹیوں میں سے ایک کی سب سے کم درجہ بندی کیا ہوسکتی ہے؟	اوکلاہوما میں سب سے زیادہ آبادی والے لوگ کون سی ہیں؟	اوکلاہوما میں سب سے زیادہ آبادی والے لوگ کون سی ہیں؟
uqa_valid	اس کے <ans> کاؤنٹیز </ans> لاس اینجلس ، اورنج ، سان ڈیاگو ، سان برنارڈینو ، اور ریورسائیڈ ریاست میں پانچ سب سے زیادہ آبادی والے ہیں اور سبھی ریاستہائے متحدہ میں سب سے زیادہ آبادی والے 15 کاؤنٹیوں میں ہیں۔	سب سے چھوٹا جغرافیائی علاقہ کیا ہے؟	کون سے کاؤنٹیوں کو سب سے زیادہ آبادی والے آبادی والے آبادی میں سے ایک ہے؟	کون سے کاؤنٹی میں سب سے زیادہ آبادی والے لوگ رہتے ہیں؟
uqa_valid	اس کے کاؤنٹیز لاس اینجلس ، اورنج ، سان ڈیاگو ، سان برنارڈینو ، اور <ans> ریورسائڈ </ans> ریاست میں پانچ سب سے زیادہ آبادی والے ہیں اور سبھی ریاستہائے متحدہ میں سب سے زیادہ آبادی والے 15 کاؤنٹیوں میں ہیں۔	سب سے چھوٹا جغرافیائی علاقہ کیا ہے؟	اوکلاہوما میں سب سے زیادہ آبادی والے لوگ کون سی ہیں؟	اوکلاہوما میں سب سے زیادہ آبادی والے لوگ کون سی ہیں؟
uqa_valid	<ans> ہالی ووڈ </ans> ، لاس اینجلس کے اندر ایک ضلع ، بھی فلمی صنعت سے وابستہ ایک نام ہے۔	اس ضلع کو کیا نام دیا گیا ہے جو مووی فلم انڈسٹری سے منسلک ہے؟	کون سی مشہور فلم ایک فلم ہے جس میں ایک صنعت ایک صنعت کے طور پر منسلک ہے؟	لاس اینجلس کے ساتھ ساتھ، ایک پب کے ایک ضلع کا نام کیا ہے؟
uqa_valid	ہالی ووڈ ، <ans> لاس اینجلس </ans> کے اندر ایک ضلع ، بھی موشن فلم انڈسٹری سے وابستہ ایک نام ہے۔	ہالی ووڈ ضلع کس شہر سے تعلق رکھتا ہے؟	"ہالی ووڈ کے علاوہ، ہالی ووڈ کے ساتھ ساتھ، ہالی ووڈ کے کس ضلع میں فلم ""مبو"" فلم ""م"" سے منسلک ہے؟"	ہالی ووڈ کس ہالی ووڈ سے منسلک ہے؟
uqa_valid	جنوبی کیلیفورنیا میں ہیڈکوارٹر <ans> دی والٹ ڈزنی کمپنی </ans> (جو اے بی سی کا بھی مالک ہے) ، سونی پکچرز ، یونیورسل ، ایم جی ایم ، پیراماؤنٹ پکچرز ، 20 ویں صدی فاکس ، اور وارنر برادرز ہیں۔	کون سی کمپنی اے بی سی کی مالک ہے؟	جنوبی اے بی سی ہیڈکوارٹر کا ہیڈکوارٹر کیا ہے؟	اے اے بی کا ہیڈکوارٹر کیا ہے؟
uqa_valid	موشن فلم ، ٹیلی ویژن ، اور <ans> موسیقی </ans> کی صنعت جنوبی کیلیفورنیا میں لاس اینجلس پر مرکوز ہے۔	فلم اور ٹیلی ویژن کی صنعت کے علاوہ، کون سی دوسری بڑی صنعت لاس اینجلس میں مرکوز ہے؟	'دیو انڈسٹری' کس صنعت میں واقع ہے؟	کون سی صنعت فلم بندی لاس اینجلس میں واقع ہے؟
uqa_valid	یونیورسل ، وارنر برادرز ، اور سونی بھی <ans> بڑی ریکارڈ کمپنیاں </ans> چلاتے ہیں۔	فلم اور ٹیلی ویژن کی صنعت کے علاوہ، کون سی دوسری بڑی صنعت لاس اینجلس میں مرکوز ہے؟	یونیورسل کے ساتھ ساتھ، یونیورسل کی کون سی خصوصیت یونیورسل انٹرنیشنل اور دیگر خدشات کی میزبانی کرتی ہے؟	یونیورسل، سونی، اور یونیورسل کے ساتھ ساتھ، یونیورسل کی دوسری قسم کیا ہے؟
uqa_valid	یونیورسل ، وارنر برادرز ، اور <ans> سونی </ans> بھی بڑی ریکارڈ کمپنیاں چلاتے ہیں۔	یونیورسل اور وارنر برادرز کے علاوہ، کون سی دوسری کمپنی ایک بڑی ریکارڈ کمپنی چلاتی ہے؟	یونیورسل کے علاوہ، کون سا دوسرا سونی ریکارڈ لیبل کی بڑی تعداد میں ہے؟	یونیورسل کے علاوہ، کون سی دوسری بڑی کمپنیاں بھی پروڈکشن ریکارڈ کرتی ہے؟
uqa_valid	جنوبی کیلیفورنیا ایک بڑے گھریلو سرف اور <ans> اسکیٹ بورڈ </ans> ثقافت کا بھی گھر ہے۔	سرفنگ کے علاوہ، جنوبی کیلی فورنیا میں اور کون سی ثقافت کا گھر ہے؟	جنوبی کیرولائنا میں کون سا بڑا جغرافیائی علاقہ ہے؟	جنوبی کیرولائنا میں کس قسم کی ثقافت ہے؟
uqa_valid	پیشہ ور سکیٹ بورڈر <ans> ٹونی ہاک </ans> ، پیشہ ور سرفر روب ماچادو ، ٹم کران ، بوبی مارٹینیز ، پیٹ او کونل ، ڈین رینالڈس ، اور کرس وارڈ ، اور پیشہ ور سنو بورڈر شان وائٹ جنوبی کیلیفورنیا میں رہتے ہیں۔	جنوبی کیلی فورنیا میں رہنے والے پیشہ ور اسکیٹ بورڈر کا نام کیا ہے؟	پیشہ ور ورر کے پیشہ ور پیشہ ورر کون ہیں؟	پیشہ ور پیشہ ورر کا پیشہ کیا ہے؟
uqa_valid	پیشہ ور اسکیٹ بورڈر ٹونی ہاک ، پیشہ ور سرفرز روب ماچادو ، ٹم کران ، بوبی مارٹینیز ، پیٹ او کونل ، ڈین رینالڈس ، اور کرس وارڈ ، اور پیشہ ور سنو بورڈر <ans> شان وائٹ </ans> جنوبی کیلیفورنیا میں رہتے ہیں۔	جنوبی کیلی فورنیا میں کون سا مشہور سنو بیڈر رہتا ہے؟	پیشہ ورمیر کس قسم کی جنوبی شاخ ہے؟	پیشہ ورمیر کس قسم کی جنوبی کیرولائنا میں رہتے ہیں؟
uqa_valid	اور یہ مشہور سرف بریک کے لحاظ سے <ans> اوہو </ans> جزیرے کے بعد دوسرے نمبر پر ہے۔	جنوبی کیلیفورنیا مشہور سیرف بریک کے لحاظ سے کس جزیرے کے بعد دوسرے نمبر پر ہے؟	سینٹ بارٹس کے کس دوسرے حصے کے بعد دوسرے نمبر پر ہے؟	سینٹ بارٹس کے کس دوسرے حصے کے بعد دوسرے نمبر ایک دوسرے نمبر پر ہے؟
uqa_valid	سالانہ ٹرانس پیسیفک یاٹ ریس ، یا <ans> ٹرانسپیک </ans> ، لاس اینجلس سے ہوائی تک ، یاٹنگ کے اہم واقعات میں سے ایک ہے۔	سالانہ یاٹ ریس کا مختصر نام کیا ہے جو منعقد ہوتا ہے؟	سالانہ یاٹ ریس یاٹ ریسٹ کا ایک اور نام کیا ہے؟	ہرمین کا ایک اور نام کیا ہے؟
uqa_valid	بہت سے مقامی لوگ اور سیاح جنوبی کیلیفورنیا کے ساحل کو اس کے مشہور ساحلوں کے لئے اکثر جاتے ہیں ، اور صحرا کا شہر <ans> پالم اسپرنگس </ans> اس کے ریزورٹ محسوس کرنے اور قریبی کھلی جگہوں کے لئے مشہور ہے۔	صحرا کے شہر کا نام کیا ہے؟	صحرا کے شہر کے قریب کون سا شہر ہے؟	صحرا کا شہر کون سا شہر ہے؟
uqa_valid	بہت سے مقامی لوگ اور سیاح جنوبی کیلیفورنیا کے ساحل کو اس کے مقبول <ans> بیچوں </ans> کے لئے کثرت سے جاتے ہیں ، اور صحرا کا شہر پام اسپرنگس اپنے ریزورٹ کے احساس اور قریبی کھلی جگہوں کے لئے مشہور ہے۔	صحرا شہر کے علاوہ کیوں بہت سے مقامی لوگوں اور سیاحوں جنوبی کیلی فورنیا کثرت سے؟	مقامی لوگ اور مقامیاح کے ساحل کے ساحل کے لئے کس قسم کے لوگ ہیں؟	مقامی لوگ اور مقامیاح کے ساحل کے مقبول کیوں مقبول ہیں؟
uqa_valid	بہت سے مقامی لوگ اور سیاح جنوبی کیلیفورنیا کے ساحل پر <ans> اس کے مشہور ساحلوں کے لئے </ans> جاتے ہیں ، اور صحرا کا شہر پام اسپرنگس اپنے ریزورٹ کے احساس اور قریبی کھلی جگہوں کے لئے مشہور ہے۔	صحرا شہر کے علاوہ کیوں بہت سے مقامی لوگوں اور سیاحوں جنوبی کیلی فورنیا کثرت سے؟	مقامی لوگ کہاں سے ہیں؟	مقامی لوگ کہاں واقع ہیں؟
uqa_valid	بہت سے مقامی لوگ اور سیاح اپنے مشہور ساحلوں کے لئے <ans> جنوبی </ans> کیلیفورنیا کے ساحل پر جاتے ہیں ، اور صحرا کا شہر پام اسپرنگس اپنے ریزورٹ کے احساس اور قریبی کھلی جگہوں کے لئے مشہور ہے۔	کیلیفورنیا کا کون سا علاقہ پام اسپرنگس میں واقع ہے؟	مقامی لوگ کہاں رہتے ہیں؟	مقامی لوگ کہاں رہتے ہیں؟
uqa_valid	بہت سے مقامی لوگ اور سیاح جنوبی کیلیفورنیا کے ساحل کو اس کے مشہور ساحلوں کے لئے اکثر جاتے ہیں ، اور <ans> صحرا </ans> شہر پام اسپرنگس اپنے ریزورٹ کے احساس اور قریبی کھلی جگہوں کے لئے مشہور ہے۔	کیلیفورنیا کا کون سا علاقہ پام اسپرنگس میں واقع ہے؟	شہر کے مرکز کے لئے مشہور اور نام کیا ہے؟	کون سا شہر ساؤتھمپٹن کے لئے جانا جاتا ہے؟
uqa_valid	بہت سے مقامی لوگ اور سیاح جنوبی کیلیفورنیا کے ساحل کو اس کے مشہور ساحلوں کے لئے اکثر جاتے ہیں ، اور صحرا کا شہر پام اسپرنگس اپنے ریزورٹ کے احساس اور قریبی <ans> کھلی جگہوں </ans> کے لئے مشہور ہے۔	اس کے ریزورٹ محسوس کرنے کے علاوہ، کیا پام اسپرنگس کے لئے مقبول ہے؟	صحرا کے شہر کے لئے مشہور اور کیا ہے؟	کچھ لوگ کس شہر کے لئے مشہور ہیں؟
uqa_valid	بہت سے مقامی لوگ اور سیاح جنوبی کیلیفورنیا کے ساحل کو اس کے مشہور ساحلوں کے لئے اکثر جاتے ہیں ، اور صحرا کا شہر پام اسپرنگس اپنے ریزورٹ کے احساس اور <ans> قریبی کھلی جگہوں </ans> کے لئے مشہور ہے۔	اس کے ریزورٹ محسوس کرنے کے علاوہ، کیا پام اسپرنگس کے لئے مقبول ہے؟	صحرا کے لوگ کس چیز کے لئے مشہور ہیں؟	کچھ لوگ کس شہر کے لئے مشہور ہیں؟
uqa_valid	23 عرض البلد پر واقع ہے ، جو سان جوسے کے جنوب میں <ans> 11 </ans> میل (18 کلومیٹر) کے قریب ہے۔	سان جوسے سے کتنے میل جنوب میں شمال - جنوب کا درمیانی نقطہ واقع ہے؟	سانے کے جنوب میں کتنے میل دور ہے؟	سانے کے جنوب میں کتنے میل دور ہے؟
uqa_valid	جب ریاست کو دو علاقوں (شمالی اور جنوبی کیلیفورنیا) میں تقسیم کیا جاتا ہے تو ، جنوبی کیلیفورنیا کی اصطلاح عام طور پر ریاست کی <ans> دس </ans> جنوبی کاؤنٹیوں کا حوالہ دیتی ہے۔	"اصطلاح ""جنوبی"" کیلیفورنیا عام طور پر ریاست کے سب سے جنوبی کاؤنٹیوں میں سے کتنے کا حوالہ دیتا ہے؟"	جنوبی کیرولائنا کی جنوبی کیرولائنا کی جنوبی کیرولائنا کتنی ہے؟	جنوبی کیرولائنا کی جنوبی کیرولائنا کتنی ہے؟
uqa_valid	جنوبی کیلیفورنیا کے لئے ایک اور تعریف پوائنٹ کنکشن اور <ans> ٹیہاچپی پہاڑوں </ans> کو شمالی سرحد کے طور پر استعمال کرتی ہے۔	پوائنٹ کنکشن کے علاوہ، جنوبی کیلی فورنیا کی دوسری تعریف میں کون سا نشان استعمال کیا جاتا ہے؟	جنوبی سرحد کے لئے ایک اور اصطلاح کیا ہے؟	جنوبی سرحد کے لئے ایک اور اصطلاح کیا ہے؟
uqa_valid	جنوبی کیلیفورنیا کے لئے ایک اور تعریف پوائنٹ تصور اور Tehachernapi پہاڑوں کو <ans> شمالی </ans> سرحد کے طور پر استعمال کرتی ہے۔	پوائنٹ کنکشن جنوبی کیلیفورنیا کی کس سرحد کے اندر ایک سنگ میل کی ایک مثال ہے؟	ہنوور کے تصور کے لئے ایک اور تصور کیا ہے؟	ہنوور کے تصور کے لئے ایک اور اصطلاح کیا ہے؟
uqa_valid	جنوبی کیلیفورنیا کے لئے ایک اور تعریف پوائنٹ کنکشن اور <ans> شمالی Tehachapi پہاڑوں </ans> کو ریاست کی سرحد کے طور پر استعمال کرتی ہے۔	پوائنٹ کنکشن جنوبی کیلیفورنیا کی کس سرحد کے اندر ایک سنگ میل کی ایک مثال ہے؟	کون سا پہاڑی سلسلہ ریاست کی سرحد کے طور پر استعمال کیا جاتا ہے؟	کون سا پہاڑی سلسلہ ریاست کی سرحد کے طور پر استعمال کیا جاتا ہے؟
uqa_valid	اگرچہ جنوبی کیلیفورنیا کی شمالی سرحد کے لئے کوئی سرکاری تعریف نہیں ہے ، لیکن اس طرح کی تقسیم اس وقت سے موجود ہے جب <ans> میکسیکو </ans> نے کیلیفورنیا پر حکمرانی کی تھی ، اور بالائی حصے میں مونٹیری کے کیلیفورنیا اور الٹا کیلیفورنیا کے نچلے حصے میں لاس اینجلس کے مابین سیاسی تنازعات پھوٹ پڑے تھے۔	کون سا ملک کیلیفورنیا پر حکمرانی کرتا تھا؟	کیلیفورنیا کے شمالی حصے میں کس ملک نے کیلیفورنیا کی حکمرانی کی؟	کس ملک نے کیلیفورنیا پر حکمرانی کی؟
uqa_valid	اگرچہ جنوبی کیلیفورنیا کی شمالی سرحد کے لئے کوئی سرکاری تعریف نہیں ہے ، لیکن اس طرح کی تقسیم اس وقت سے موجود ہے جب میکسیکو نے کیلیفورنیا پر حکمرانی کی تھی ، اور <ans> الٹا کیلیفورنیا </ans> کے اوپری حصے میں مونٹیری کے کیلیفورنیا اور نچلے حصے میں لاس اینجلس کے مابین سیاسی تنازعات بھڑک اٹھے تھے۔	لاس اینجلس کیا کے نچلے حصے میں ہے؟	میکسیکو کے کس حصے میں کیلیفورنیا کے حصے میں لاس اینجلس اور کالہکہ کے درمیان سیاسی اتحاد تھے؟	میکسیکو کے کس حصے میں کیلیفورنیا اور کیلیفورنیا کے درمیان سیاسی اتحاد کی ضرورت تھی؟
uqa_valid	اگرچہ جنوبی کیلیفورنیا کی شمالی سرحد کے لئے کوئی سرکاری تعریف نہیں ہے ، لیکن اس طرح کی تقسیم اس وقت سے موجود ہے جب میکسیکو نے کیلیفورنیا پر حکمرانی کی تھی ، اور بالائی حصے میں <ans> مونٹیری </ans> کے کیلیفورنیا اور الٹا کیلیفورنیا کے نچلے حصے میں لاس اینجلس کے مابین سیاسی تنازعات بھڑک اٹھے تھے۔	کون سا کیلیفورنیا اوپری حصے میں واقع ہے؟	الٹاٹا کے ساتھ ساتھ، کون سا شہر ریاست کے لئے ایک اور ہھڑکہ تھا؟	الٹاٹا کس شہر میں واقع تھا؟
uqa_valid	ریاستہائے متحدہ کے ذریعہ کیلیفورنیا کے حصول کے بعد ، کئی غلامی کے حامی سیاستدانوں کی طرف سے الٹا کیلیفورنیا کی تقسیم کو 36 ڈگری ، 30 منٹ ، <ans> میسوری سمجھوتہ </ans> کی لائن پر ترتیب دینے کی کوشش کے حصے کے طور پر تقسیم جاری رہی۔	1850 میں منظور ہونے والی قانون سازی کا نام کیا تھا؟	الٹاٹا کی تقسیم کس نے کی؟	الٹاٹا کی تقسیم کس نے کی؟
uqa_valid	اس کے بجائے ، <ans> 1850 کے سمجھوتہ </ans> کے پاس ہونے سے کیلیفورنیا کو ایک آزاد ریاست کے طور پر یونین میں داخل کیا گیا ، جس نے جنوبی کیلیفورنیا کو اپنی الگ غلام ریاست بننے سے روک دیا۔	1850 میں منظور ہونے والی قانون سازی کا نام کیا تھا؟	کیلیفورنیا کے آزاد ریاست کے طور پر کس کو مقرر کیا گیا تھا؟	کس ریاست کے نتیجے میں کیلیفورنیا کے آزاد ریاست کو آزاد ریاست میں داخل کیا گیا تھا؟
uqa_valid	اس کے بجائے ، 1850 کے سمجھوتہ کے پاس ہونے سے کیلیفورنیا کو ایک <ans> آزاد </ans> ریاست کے طور پر یونین میں داخل کیا گیا ، جس نے جنوبی کیلیفورنیا کو اپنی الگ غلام ریاست بننے سے روک دیا۔	قانون سازی نے کیلیفورنیا کو کس قسم کی ریاست کے طور پر یونین میں داخل ہونے کی اجازت دی؟	کون سا ملک ریاست کے بعد ریاست کی تشکیل سے پہلے ریاستہائے متحدہ میں ریاست کے طور پر کام کیا گیا تھا؟	کون سا ملک ایک ریاست کے طور پر ایک ریاست بن گیا؟
uqa_valid	اس کے بجائے ، 1850 کے سمجھوتہ کے پاس ہونے سے کیلیفورنیا کو <ans> ایک آزاد ریاست </ans> کے طور پر یونین میں داخل کیا گیا ، جس سے جنوبی کیلیفورنیا کو اپنی الگ غلام ریاست بننے سے روکا گیا۔	قانون سازی نے کیلیفورنیا کو کس قسم کی ریاست کے طور پر یونین میں داخل ہونے کی اجازت دی؟	ریاستہائے متحدہ میں کیلیفورنیا کے باشندوں کو کیا کہا جاتا تھا؟	ریاستہائے متحدہ کے باشندوں کو کس ریاست میں داخل کیا گیا تھا؟
uqa_valid	اس کے بعد ، کیلیفورنیا (غیر منصفانہ ٹیکسوں اور زمین کے قوانین سے ناراض) اور جنوبی کیلیفورنیا کے ہلکے آبادی والے <ans> کاؤ کاؤنٹیز </ans> میں غلامی کے حامی جنوبی باشندوں نے 1850 کی دہائی میں تین بار شمالی کیلیفورنیا سے علیحدہ ریاست یا علاقائی حیثیت حاصل کرنے کی کوشش کی۔	ان علاقوں کو کیا نام دیا گیا تھا جن میں غلامی کے حامی جنوبی باشندے رہتے تھے۔	جنوبی کیرولائنا جنوبی کیرولائنا کے جنوبی حصے کہاں سے آئے؟	جنوبی کیرولائنا کے جنوبی حصے کی آبادی کہاں تھی؟
uqa_valid	اس کے بعد ، کیلیفورنیا (غیر منصفانہ ٹیکسوں اور زمین کے قوانین سے ناراض) اور جنوبی کیلیفورنیا کی ہلکی آبادی والی گائے کاؤنٹیوں میں غلامی کے حامی جنوبی باشندوں نے 1850 کی دہائی میں <ans> تین </ans> بار شمالی کیلیفورنیا سے علیحدہ ریاست یا علاقائی حیثیت حاصل کرنے کی کوشش کی۔	جنوبی کیلیفورنیا نے کتنی بار ایک علیحدہ ریاست حاصل کرنے کی کوشش کی؟	جنوبی کیرولائنا جنوبی کیرولائنا میں کتنی بار شمالی کیرولائنا کی تقسیم ہوئی؟	جنوبی کیرولائنا جنوبی کیرولائنا میں کتنی بار شمالی کیرولائنا کی تقسیم ہوئی؟
uqa_valid	اسے مجوزہ علاقہ کولوراڈو میں تقریبا <ans> 75 </ans> ٪ ووٹرز نے زبردست اکثریت سے منظور کیا۔	کتنے فیصد لوگوں نے 1859 کے پیکو ایکٹ کے حق میں ووٹ دیا تھا؟	2007 میں، ووٹرز کا کتنا فیصد پیرس سے تھا؟	2007 میں پیرس میں کتنے فیصد ووٹرز نے اکثریت سے گریز کیا؟
uqa_valid	اسے مجوزہ علاقہ کولوراڈو میں تقریبا <ans> 75٪ </ans> ووٹرز نے زبردست اکثریت سے منظور کیا۔	کتنے فیصد لوگوں نے 1859 کے پیکو ایکٹ کے حق میں ووٹ دیا تھا؟	کتنا فیصد ووٹرز کے لئے ووٹ دیا گیا تھا؟	2007 میں، ووٹرز کا کتنا فیصد پیرس سے آیا تھا؟
uqa_valid	یہ تجویز واشنگٹن ، ڈی سی کو <ans> ملٹن لیٹم </ans> میں ایک مضبوط وکیل کے ساتھ بھیجی گئی۔	کون سا سینیٹر پیکو ایکٹ کے لئے ایک مضبوط وکیل تھا؟	ڈی سی ڈی سی ڈی سی ڈی سی ڈی میں کس مضبوط مضبوط مضبوط مضبوط شخصیت کے ساتھ مضبوط تعلقات تھے؟	ڈی سی ڈی سی ڈی کی تجویز کس نے کی؟
uqa_valid	1900 میں ، <ans> لاس اینجلس ٹائمز </ans> نے جنوبی کیلیفورنیا کی وضاحت کی کہ اس میں لاس اینجلس ، سان برنارڈینو ، اورنج ، ریورسائیڈ ، سان ڈیاگو ، وینٹورا اور سانٹا باربرا کی سات کاؤنٹیاں شامل ہیں۔	کون سا اخبار جنوبی کیلیفورنیا کی وضاحت کرتا ہے؟	کون سا اخبار جنوبی کیرولائنا کے لئے ایک اور نام ہے؟	کون سا اخبار سان ڈیاگو میں سب سے زیادہ مشہور ہے؟
uqa_valid	<ans> 1900 </ans> میں ، لاس اینجلس ٹائمز نے جنوبی کیلیفورنیا کی تعریف کی کہ اس میں لاس اینجلس ، سان برنارڈینو ، اورنج ، ریورسائیڈ ، سان ڈیاگو ، وینٹورا اور سانٹا باربرا کی سات کاؤنٹیاں شامل ہیں۔	کس سال اخبار نے جنوبی کیلی فورنیا کی وضاحت کی؟	کس سال ٹائمز نے جنوبی نصف کر کی تعریف کی؟	کس سال لاس ٹائمز نے جنوبی ٹائمز کی تعریف کی؟
uqa_valid	<ans> 1999 </ans> میں ، ٹائمز نے اس فہرست میں ایک نئی کاؤنٹی - امپیریل شامل کی۔	کس سال میں اخبار نے اپنی سابقہ تعریف کو تبدیل کیا؟	ٹائمز نے کس سال ایک نیا کاؤنٹی شامل کیا؟	کس سال ٹائمز نے ایک نیا کاؤنٹی شامل کیا؟
uqa_valid	1999 میں ، ٹائمز نے اس فہرست میں ایک نئی کاؤنٹی - <ans> امپیریل </ans> شامل کی۔	فہرست میں کون سا نیا کاؤنٹی شامل کیا گیا تھا؟	ٹائمز نے 2001 میں کس قسم کی نئی کاؤنٹی شامل کی؟	ٹائمز نے 2001 میں کون سا نیا شعبہ شامل کیا؟
uqa_valid	<ans> 1999 </ans> میں ، ٹائمز نے اس فہرست میں ایک نئی کاؤنٹی - امپیریل شامل کی۔	فہرست میں کون سا نیا کاؤنٹی شامل کیا گیا تھا؟	ٹائمز نے کس سال ایک نیا کاؤنٹی شامل کیا؟	کس سال ٹائمز نے ایک نیا کاؤنٹی شامل کیا؟
uqa_valid	1900 میں ، لاس اینجلس ٹائمز نے جنوبی کیلیفورنیا کی وضاحت کی کہ اس میں لاس اینجلس ، سان برنارڈینو ، اورنج ، ریورسائیڈ ، سان ڈیاگو ، وینٹورا اور سانٹا باربرا کی <ans> سات </ans> کاؤنٹیاں شامل ہیں۔	ابتدائی طور پر کتنے کاؤنٹیوں نے جنوبی کیلیفورنیا کی تعریف کی تھی؟	لاس اینجلس اور سان ڈیاگو کے کتنے کاؤنٹی ہیں؟	سان ڈیاگو میں کتنے کاؤنٹیاں ہیں؟
uqa_valid	ریاست کو سب سے زیادہ عام طور پر اس کے <ans> علاقائی سیاحت کے گروپوں </ans> کے ذریعہ تقسیم اور فروغ دیا جاتا ہے جو شمالی ، وسطی اور جنوبی کیلیفورنیا کے علاقوں پر مشتمل ہے۔	کون سی تنظیمیں عام طور پر ریاست کو تقسیم اور فروغ دیتی ہیں؟	اوکلاہوما کو سب سے زیادہ تقسیم کرنے کے لئے کون ذمہ دار ہے؟	اوکلاہوما کو سب سے زیادہ تقسیم کرنے کے لئے کیا تقسیم کیا جاتا ہے؟
uqa_valid	ایک اور اثر جغرافیائی جملہ ہے <ans> تیہاچاپس </ans> کے جنوب ، جو جنوبی خطے کو اس کراس رینج کی چوٹی پر تقسیم کرے گا ، لیکن اس تعریف میں ، شمالی لاس اینجلس کاؤنٹی اور مشرقی کارن اور سان برنارڈینو کاؤنٹیوں کو جنوبی خطے میں شامل کیا جائے گا۔	کون سا پہاڑی سلسلہ علاقوں کی تقسیم پر اثر انداز ہوا؟	جنوبی خطے اور جنوب مشرقی خطے کو کس خطے میں تقسیم کیا جاتا ہے؟	جنوبی خطے اور جنوب مشرقی خطے کو کس خطے میں تقسیم کیا جاتا ہے؟
uqa_valid	یہ گریٹ لیکس میگالوپولیس اور شمال مشرقی میگالوپولیس کے بعد ریاستہائے متحدہ میں <ans> تیسرا </ans> سب سے زیادہ آبادی والا میگالوپولیس ہے۔	آبادی کے لحاظ سے جنوبی کیلی فورنیا کا میگالوپولس قومی سطح پر کہاں ہے؟	اوکلاہوما کے جنوب مشرقی ٹسکن میں آبادی کا درجہ کیا ہے؟	اوکلاہوما میں سب سے زیادہ آبادی والا شہر کیا ہے؟
uqa_valid	جنوبی کیلیفورنیا ایک انتہائی ترقی یافتہ شہری ماحول پر مشتمل ہے ، جو ریاست کے کچھ سب سے بڑے شہری علاقوں کا گھر ہے ، جس کے ساتھ ساتھ <ans> بڑے علاقوں </ans> کو غیر ترقی یافتہ چھوڑ دیا گیا ہے۔	اگرچہ جنوبی کیلیفورنیا ایک بھاری ترقی یافتہ شہری ماحول پر مشتمل ہے، اس کا کتنا حصہ غیر ترقی یافتہ چھوڑ دیا گیا ہے؟	جنوبی کیرولائنا کے شہری علاقوں میں کس قسم کے علاقوں کو غیر ترقی یافتہ کمیونٹی قرار دیا گیا ہے؟	کون سا علاقہ جنوبی کیرولائنا کے شہری علاقوں میں ترقی یافتہ ہے؟
uqa_valid	جنوبی کیلیفورنیا کا زیادہ تر حصہ اپنی بڑی ، پھیلے ہوئے ، <ans> سبربن </ans> کمیونٹیز اور آٹوموبائلوں اور شاہراہوں کے استعمال کے لئے مشہور ہے۔	جنوبی کیلی فورنیا کی کمیونٹیز بڑے، پھیلے ہوئے ہونے کے لئے اچھی طرح سے جانا جاتا ہے، اور کیا دوسری خصوصیت؟	جنوبی اور جنوبی کیرولائنا کے علاوہ، کون سا دوسرا علاقہ جنوبی اور اوروں کے استعمال کے لئے مشہور ہے؟	جنوبی کیرولائنا کے کس حصے میں جنوبی اور زیادہ استعمال ہوتے ہیں؟
uqa_valid	جنوبی کیلیفورنیا کا زیادہ تر حصہ اپنے بڑے ، پھیلے ہوئے ، <ans> سبربن کمیونٹیز اور آٹوموبائل اور شاہراہوں کے استعمال </ans> کے لئے مشہور ہے۔	جنوبی کیلی فورنیا کی کمیونٹیز بڑے، پھیلے ہوئے ہونے کے لئے اچھی طرح سے جانا جاتا ہے، اور کیا دوسری خصوصیت؟	جنوبی کیلیفورنیا کے زیادہ تر حصے میں کس قسم کے کیڑے کے لئے مشہور ہیں؟	جنوبی نائیجیریا کا زیادہ تر حصہ کس چیز کے لیے مشہور ہے؟
uqa_valid	جنوبی کیلیفورنیا کا زیادہ تر حصہ اپنی بڑی ، پھیلے ہوئے ، مضافاتی کمیونٹیز اور آٹوموبائل اور <ans> ہائی ویز </ans> کے استعمال کے لئے مشہور ہے۔	آٹوموبائل کے استعمال کے علاوہ ، جنوبی کیلیفورنیا اور کیا استعمال کرنے کے لئے مشہور ہے؟	جنوبی افریقہ کے علاوہ، جنوبی میامی کے علاوہ، جنوبی اور جنوبی افریقہ کے علاوہ، جنوبی اور جنوبی کے علاوہ، جنوبی میامی کے کس حصے کے لئے مشہور ہے؟	جنوبی نائیجیریا کا کون سا حصہ زراعت کے لئے مشہور ہے؟
uqa_valid	شہری علاقہ سان ڈیاگو - تیہانا کی شکل میں ایک <ans> بین الاقوامی </ans> میٹروپولیٹن خطے کی بھی میزبانی کرتا ہے۔	جنوبی کیلیفورنیا کے شہری علاقے کے اندر کس قسم کا علاقہ پایا جا سکتا ہے؟	سان ڈیاگو میں سان ڈیاگو کی اونچائی کی شکل کیا ہے؟	سان ڈیاگو کس قسم کی میٹروپولیٹن علاقے کی میزبانی کرتا ہے؟
uqa_valid	شہری علاقہ سان ڈیاگو - تیہوانا کی شکل میں <ans> ایک بین الاقوامی میٹروپولیٹن علاقہ </ans> کی بھی میزبانی کرتا ہے۔	جنوبی کیلیفورنیا کے شہری علاقے کے اندر کس قسم کا علاقہ پایا جا سکتا ہے؟	سان ڈیاگو میں سان ڈیاگو کی میزبانی کی میزبانی کی جاتی ہے؟	سان ڈیاگو میں سان ڈیاگو کی میزبانی کی میزبانی کیا ہے؟
uqa_valid	انٹرسٹیٹ 15 اور انٹرسٹیٹ 215 کے ساتھ ساتھ شہر اور کمیونٹیز اتنا باہمی تعلق رکھتے ہیں کہ ٹیمیکولا اور موریٹا کا سان ڈیاگو میٹروپولیٹن ایریا کے ساتھ اتنا ہی تعلق ہے جتنا وہ <ans> ان لینڈ ایمپائر </ans> کے ساتھ کرتے ہیں۔	سان ڈیاگو میٹروپولیٹن علاقے کے علاوہ، 15 اور 215 انٹرسٹیٹس کے ساتھ ساتھ کمیونٹیز کس دوسرے علاقے سے منسلک ہیں؟	ہسپانوی اور ہسپانویٹا کے ساتھ ساتھ، کون سا میٹروپولیٹن ایریا نیو ہیون میٹروپولیٹن ایریا کے میٹروپولیٹن ایریا کو اپنی طرف متوجہ کرتا ہے؟	ہسپانوی اور ہسپانویٹا سان ڈیاگو کے ساتھ ساتھ، کون سا میٹروپولیٹن ایریا نیو ہیون میٹروپولیٹن ایریا کے میٹروپولیٹن ایریا کے ساتھ بات چیت کرتا ہے؟
uqa_valid	انٹرسٹیٹ 15 اور انٹرسٹیٹ 215 کے ساتھ ساتھ شہر اور کمیونٹیز اتنا باہمی تعلق رکھتے ہیں کہ <ans> ٹیمیکولا اور موریٹا </ans> کا سان ڈیاگو میٹروپولیٹن علاقے کے ساتھ اتنا ہی تعلق ہے جتنا وہ ان لینڈ ایمپائر کے ساتھ کرتے ہیں۔	سان ڈیاگو میٹروپولیٹن علاقے کے علاوہ، 15 اور 215 انٹرسٹیٹس کے ساتھ ساتھ کمیونٹیز کس دوسرے علاقے سے منسلک ہیں؟	کون سے دو علاقے میں سان ڈیاگو کے علاقے کے علاقے کے ساتھ ساتھ، کون سے علاقے میں علاقے کے علاقے کو زیادہ اہمیت دیتے ہیں؟	والنسیا کے علاقے میں کون سے دو علاقے ہیں؟
uqa_valid	مشرق میں ، <ans> ریاستہائے متحدہ امریکہ کے مردم شماری بیورو </ans> سان برنارڈینو اور ریورسائیڈ کاؤنٹی کے علاقوں ، ریورسائیڈ سان برنارڈینو کے علاقے کو لاس اینجلس کاؤنٹی سے ایک علیحدہ میٹروپولیٹن ایریا کے طور پر سمجھتا ہے۔	کون لاس اینجلس کاؤنٹی کو ایک علیحدہ میٹروپولیٹن علاقہ سمجھتا ہے؟	سان ڈیاگو میں کون سا کمیونٹی ہے؟	سان ڈیاگو اور سان ڈیاگوڈ علاقوں کے علاقوں کو کیا کہا جاتا ہے؟
uqa_valid	مشرق میں ، <ans> ریاستہائے متحدہ امریکہ کے مردم شماری بیورو </ans> سان برنارڈینو اور ریورسائیڈ کاؤنٹی کے علاقوں ، ریورسائیڈ سان برنارڈینو کے علاقے کو لاس اینجلس کاؤنٹی سے ایک علیحدہ میٹروپولیٹن علاقے کے طور پر سمجھتا ہے۔	کون لاس اینجلس کاؤنٹی کو ایک علیحدہ میٹروپولیٹن علاقہ سمجھتا ہے؟	سان ڈیاگو میں کون سا کمیونٹی ہے؟	سان ڈیاگو اور سان ڈیاگوڈ علاقوں کے علاقوں کو کیا کہا جاتا ہے؟
uqa_valid	جبکہ بہت سے ایل اے اور <ans> اورنج </ans> کاؤنٹیوں میں سفر کرتے ہیں ، ترقی میں کچھ اختلافات ہیں ، کیونکہ سان برنارڈینو اور ریورسائیڈ کاؤنٹیوں (غیر صحرا حصوں) کا زیادہ تر حصہ 1980 کی دہائی اور 1990 کی دہائی میں تیار کیا گیا تھا۔	ایل اے کے علاوہ کون سا دوسرا کاؤنٹی بہت سے لوگ سفر کرتے ہیں؟	کون سے کاؤنٹیوں میں زیادہ تر ایللز اور کاؤنٹیوں کے سفر کا سفر کرتے ہیں؟	کون سے کاؤنٹیوں میں کاؤنٹی میں سفر کرتے ہیں؟
uqa_valid	جبکہ بہت سے لوگ ایل اے اور <ans> اورنج کاؤنٹیز </ans> جاتے ہیں ، ترقی میں کچھ اختلافات ہیں ، کیونکہ سان برنارڈینو اور ریورسائیڈ کاؤنٹیز (غیر صحرا حصوں) کا زیادہ تر حصہ 1980 اور 1990 کی دہائی میں تیار کیا گیا تھا۔	ایل اے کے علاوہ کون سا دوسرا کاؤنٹی بہت سے لوگ سفر کرتے ہیں؟	بہت سے لوگ ایل اے اور اورائیڈز کے ساتھ ساتھ، کون سا دوسرا اہم حصہ کچھ لوگوں کے لئے تیار کیا گیا تھا؟	بہت سے لوگ ایل اے اور اورائیڈز کے ساتھ ساتھ، کس قسم کے کاؤنٹی میں بہت سے لوگ مارے گئے ہیں؟
uqa_valid	جبکہ بہت سے لوگ ایل اے اور اور اورنج کاؤنٹیوں میں سفر کرتے ہیں ، ترقی میں کچھ اختلافات ہیں ، کیونکہ سان برنارڈینو اور ریورسائیڈ کاؤنٹیوں (غیر صحرا حصوں) کا زیادہ تر حصہ 1980 کی دہائی اور <ans> 1990 کی دہائی </ans> میں تیار کیا گیا تھا۔	1980 کی دہائی کے علاوہ، کون سی دہائی میں سان برنارڈینو اور ریورسائیڈ کاؤنٹیز کی زیادہ تر ترقی ہوئی؟	سان ڈیاگو اور ڈڈڈوں میں کب تیار کیا گیا تھا؟	کس دہائی میں بہت سے لوگ ایل اے اور کاؤنٹیوں میں تیار کیے گئے تھے؟
uqa_valid	جنوبی کیلیفورنیا میں <ans> میڈیٹرینین </ans> آب و ہوا ہوتی ہے ، جس میں شاذ و نادر بارش اور بہت سے دھوپ والے دن ہوتے ہیں۔	جنوبی کیلیفورنیا کس طرح کی آب و ہوا کو برقرار رکھتا ہے؟	جنوبی کیرولائنا میں ساحلی آب و ہوا کیسی ہے؟	جنوبی اوکلاہوما میں ساحلی آب و ہوا کیا ہے؟
uqa_valid	جنوبی کیلیفورنیا میں <ans> ایک بحیرہ روم کی آب و ہوا </ans> ہوتی ہے ، جس میں نایاب بارش اور بہت سے دھوپ والے دن ہوتے ہیں۔	جنوبی کیلیفورنیا کس طرح کی آب و ہوا کو برقرار رکھتا ہے؟	جنوبی کنارے میں کیا آب و ہوا ہے؟	جنوبی اوکلاہوما میں کیا آب و ہوا ہے؟
uqa_valid	جنوبی کیلیفورنیا میں بحیرہ روم کی آب و ہوا ہوتی ہے ، جس میں <ans> کم بارش </ans> اور بہت سے دھوپ والے دن ہوتے ہیں۔	بہت سے دھوپ کے دنوں کے علاوہ، جنوبی کیلیفورنیا میں آب و ہوا کے لئے کیا خصوصیت عام ہے؟	جنوبی ساحل کے ساحل کے ساتھ ساتھ ، جنوبی ساحل میں آب و ہوا کی درجہ بندی کیا ہے؟	بحیرہ روم میں بحیرہ روم کی آب و ہوا کی درجہ بندی کیا ہے؟
uqa_valid	موسم گرما میں ، درجہ حرارت کی حد 90- <ans> 60s </ans> ہوتی ہے جبکہ موسم سرما 70-50s ہوتے ہیں ، عام طور پر پورے جنوبی کیلیفورنیا میں بحیرہ روم کی آب و ہوا ہوتی ہے۔	موسم گرما میں درجہ حرارت کی حد کا نچلا حصہ کیا ہے؟	موسم گرما میں موسم گرما کی درجہ حرارت کیا ہے؟	موسم گرما میں موسم گرما کی درجہ حرارت کیا ہے؟
uqa_valid	لیکن ریاست کے جنوب مغرب میں برف <ans> بہت نایاب </ans> ہوتی ہے ، یہ ریاست کے جنوب مشرق میں ہوتی ہے۔	ریاست کے جنوب مغرب میں کتنی بار برف باری ہوتی ہے؟	ریاست کے جنوب مغرب میں برف کی برف کیا ہے؟	ریاست کے جنوب مغرب میں کیا برف ہے؟
uqa_valid	موسم گرما میں ، درجہ حرارت کی حد 90-60 کی ہوتی ہے جبکہ سردیوں میں <ans> 70 </ans> -50 کی ہوتی ہے ، عام طور پر پورے جنوبی کیلیفورنیا میں بحیرہ روم کی آب و ہوا ہوتی ہے۔	موسم سرما میں درجہ حرارت کی حد کا اونچا اختتام کیا ہے؟	موسم گرما میں موسم کی درجہ حرارت کی نشاندہی کیا ہے؟	موسم گرما میں سرد درجہ حرارت کی درجہ حرارت کیا ہے؟
uqa_valid	جنوبی کیلیفورنیا ریاست اور ملک کے دیگر بڑے علاقوں سے زیادہ تنوع میں ارضیاتی ، ٹاپگرافک اور قدرتی ماحولیاتی نظام کے مناظر کے زیادہ <ans> مختلف </ans> مجموعوں میں سے ایک پر مشتمل ہے۔	کون سا اصطلاح جنوبی کیلیفورنیا کے مناظر کے مجموعہ کو بہترین طور پر بیان کرتی ہے؟	ریاست کے کس حصے میں زیادہ تر حیاتیاتی تنوع اور زیادہ کثرت سے زیادہ کثرت سے زیادہ ہے؟	ریاست میں کس قسم کی آلودگی میں ایک بڑا حصہ ہے؟
uqa_valid	جنوبی کیلیفورنیا جغرافیائی ، ٹاپگرافک ، اور <ans> قدرتی ماحولیاتی نظام </ans> کے مناظر کے سب سے متنوع مجموعوں میں سے ایک پر مشتمل ہے جو ریاست اور ملک کے دیگر بڑے علاقوں سے زیادہ تنوع رکھتا ہے۔	کون سا اصطلاح جنوبی کیلیفورنیا کے مناظر کے مجموعہ کو بہترین طور پر بیان کرتی ہے؟	جنوبی ایسٹونیا کے کس جغرافیائی حصے میں سب سے زیادہ متنوع ہے؟	جنوبی ایسٹونیا کے کس جغرافیائی حصے میں سب سے زیادہ متنوع ہے؟
uqa_valid	یہ علاقہ <ans> پیسیفک اوقیانوس </ans> کے جزیروں ، ساحلوں ، ساحلوں اور ساحلی میدانوں سے لے کر ، ٹرانسورس اور جزیرہ نما رینجوں کے ذریعے ، ان کی چوٹیوں کے ساتھ ، بڑی اور چھوٹی اندرونی وادیوں تک ، کیلیفورنیا کے وسیع صحراؤں تک پھیلا ہوا ہے۔	یہ علاقہ کس پانی کے جسم میں پائے جانے والے جزیروں سے شروع ہوتا ہے؟	سان ڈیاگو دریا ساحل کہاں واقع ہے؟	سان ڈیاگو کس ساحل سے ساحل پر پھیلا ہوا ہے؟
uqa_valid	جنوبی کیلیفورنیا جغرافیائی ، <ans> ٹوپوگرافک </ans> ، اور قدرتی ماحولیاتی نظام کے مناظر کے سب سے متنوع مجموعوں میں سے ایک پر مشتمل ہے جو ریاست اور ملک کے دیگر بڑے علاقوں سے زیادہ تنوع رکھتا ہے۔	جغرافیائی اور قدرتی ماحولیاتی نظام کے مناظر کے علاوہ جنوبی کیلیفورنیا میں کس قسم کے مناظر مل سکتے ہیں؟	جنوبی بحر ہند کے ساتھ ساتھ، جنوبی بحر کے دیگر حصوں میں سے ایک کیا ہے؟	کون سا جنوبی وسطی ایسٹونیا کے سب سے بڑے حصوں میں سے ایک ہے؟
uqa_valid	یہ علاقہ بحر الکاہل کے جزیروں ، ساحلوں ، ساحلوں اور ساحلی میدانوں سے لے کر ، ٹرانسورس اور <ans> پیننسولر </ans> رینجز کے ذریعے ، ان کی چوٹیوں کے ساتھ ، بڑی اور چھوٹی اندرونی وادیوں تک ، کیلیفورنیا کے وسیع صحراؤں تک پھیلا ہوا ہے۔	یہ علاقہ ٹرانسورس رینج کے علاوہ کون سے پہاڑوں پر محیط ہے؟	کون سا رینج گائیڈ کے اندرونی حصے کے قریب ہے؟	کون سا رینج پانی کے اندرونی حصے کے قریب ہے؟
uqa_valid	یہ علاقہ بحر الکاہل کے جزیروں ، ساحلوں ، ساحلوں اور ساحلی میدانوں سے لے کر ، ٹرانسورس اور <ans> پیننسولر رینجز </ans> کے ذریعے ، ان کی چوٹیوں کے ساتھ ، بڑی اور چھوٹی اندرونی وادیوں تک ، کیلیفورنیا کے وسیع صحراؤں تک پھیلا ہوا ہے۔	یہ علاقہ ٹرانسورس رینج کے علاوہ کون سے پہاڑوں پر محیط ہے؟	ساحلوں کے ساحلوں کے ساحلوں کے ساحلوں کے ساتھ کس قسم کی زمینیں ہیں؟	ساحلوں کے ساحلوں کے ساحلوں کے ساحلوں میں کس قسم کی گاڑیاں استعمال کی جاتی ہے؟
uqa_valid	یہ علاقہ بحر الکاہل کے جزیروں ، ساحلوں ، ساحلوں اور ساحلی میدانوں سے لے کر ، ٹرانسورس اور جزیرہ نما رینجوں کے ذریعے ، ان کی چوٹیوں کے ساتھ ، بڑی اور چھوٹی اندرونی <ans> وادیوں </ans> تک ، کیلیفورنیا کے وسیع صحراؤں تک پھیلا ہوا ہے۔	پہاڑی سلسلے کس قسم کی جغرافیائی تشکیل میں ختم ہوجاتے ہیں؟	کون سا اندرونی پانی کی اندرونی سطح پر صحرا کے صحرا کے طور پر پھیلا ہوا ہے؟	کون سا اندرونی پانی کی اندرونی سطح پر مشتمل ہے؟
uqa_valid	یہ علاقہ بحر الکاہل کے جزیروں ، ساحلوں ، ساحلوں اور ساحلی میدانی علاقوں سے لے کر ٹرانسورس اور جزیرہ نما رینجوں کے ذریعے ، ان کی چوٹیوں کے ساتھ ، بڑی اور چھوٹی <ans> اندرونی وادیوں </ans> تک ، کیلیفورنیا کے وسیع صحراؤں تک پھیلا ہوا ہے۔	پہاڑی سلسلے کس قسم کی جغرافیائی تشکیل میں ختم ہوجاتے ہیں؟	کون سا اندرونی پانی کی اندرونی پانی کی وسیع پیمانے پر پھیلا ہوا ہے؟	کون سا اندرونی پانی انٹارکٹیکا کی وسیع پیمانے پر پھیلا ہوا ہے؟
uqa_valid	ہر سال ، جنوبی کیلیفورنیا کے علاقے میں تقریبا <ans> 10,000 </ans> زلزلے ہوتے ہیں۔	جنوبی کیلی فورنیا میں ایک سال میں کتنے زلزلے آتے ہیں؟	ہر سال کتنے زلزلے ہوتے ہیں؟	ہر سال ہر سال کتنے زلزلے ہوتے ہیں؟
uqa_valid	ان میں سے تقریبا all تمام اتنے <ans> چھوٹے </ans> ہوتے ہیں کہ انہیں محسوس نہیں کیا جاتا ہے۔	عام طور پر بات کرتے ہوئے، جنوبی کیلیفورنیا میں آنے والے زلزلے کتنے بڑے ہوتے ہیں؟	کیا تمام حقہ میں سے زیادہ تر ہیں؟	کون سی اصطلاح زیادہ تر نہیں ہے؟
uqa_valid	اس نے امریکہ کی تاریخ میں کسی بھی زلزلے کا سب سے زیادہ <ans> املاک کا نقصان </ans> کیا ، جس کا تخمینہ 20 ارب ڈالر سے زیادہ ہے۔	امریکی تاریخ میں 1994 کے زلزلے نے کس قسم کی تباہی کا سب سے زیادہ سبب بنا؟	امریکہ کی تاریخ میں امریکہ میں زلزلے کا سب سے زیادہ نقصان کیا ہے؟	امریکہ کی تاریخ میں امریکہ میں زلزلے کا سب سے زیادہ نقصان کیا ہے؟
uqa_valid	اس سے امریکہ کی تاریخ میں کسی بھی زلزلے کا سب سے زیادہ املاک کا نقصان ہوا ، جس کا تخمینہ <ans> 20 بلین ڈالر </ans> سے زیادہ ہے۔	1994 کے زلزلے کی لاگت کا تخمینہ کتنا تھا؟	امریکہ میں زلزلے کی تخمینہ شدہ رقم کتنی ہے؟	امریکہ میں زلزلے کی تخمینہ شدہ رقم کتنی ہے؟
uqa_valid	اس نے امریکی تاریخ میں کسی بھی زلزلے کا سب سے زیادہ املاک کا نقصان کیا ، جس کا تخمینہ <ans> 20 ارب ڈالر سے زیادہ </ans> ہے۔	1994 کے زلزلے کی لاگت کا تخمینہ کتنا تھا؟	امریکی تاریخ میں زلزلے کی تخمینہ شدہ قیمت کتنی ہے؟	امریکی تاریخ میں زلزلے کے زلزلے کا تخمینہ کیا ہے؟
uqa_valid	7+ شدت کے زلزلے پیدا کرنے کے قابل ہیں ، جیسے <ans> سان اینڈریاس </ans> فالٹ ، جو 8.	کون سا فالٹ 8.0 کی شدت کا زلزلہ پیدا کر سکتا ہے؟	سان ڈیاگو میں زلزلے کی زلزلے کے لئے کون سا مشہور استعمال کیا جا سکتا ہے؟	سان ڈیاگو میں زلزلے کے زلزلے کی وجہ کیا ہے؟
uqa_valid	7+ شدت کے زلزلے پیدا کرنے کے قابل ہیں ، جیسے <ans> سان اینڈریاس فالٹ </ans> ، جو 8.	کون سا فالٹ 8.0 کی شدت کا زلزلہ پیدا کر سکتا ہے؟	زلزلے کے زلزلے کے زلزلے کی وجہ کیا ہے؟	زلزلے کے زلزلے کے زلزلے کی وجہ کیا ہے؟
uqa_valid	دیگر فالٹ میں سان جاکنٹو فالٹ ، <ans> پونٹی ہلز </ans> فالٹ ، اور ایلسینور فالٹ زون شامل ہیں۔	سان Jacinto خرابی کے علاوہ، اور Elsinore خرابی، ایک اور خرابی کا نام.	ٹٹٹٹٹٹٹٹٹٹٹٹٹٹٹٹٹٹٹٹٹٹٹٹٹٹٹٹٹٹٹٹٹٹٹٹٹٹٹٹ	ٹٹٹٹٹٹٹٹٹٹٹٹٹٹٹٹٹٹٹٹٹٹٹٹٹٹٹٹٹٹٹٹٹٹٹٹٹٹٹٹ
uqa_valid	دیگر فالٹ میں سان جاکنٹو فالٹ ، <ans> پونٹی ہلز فالٹ </ans> ، اور ایلسینور فالٹ زون شامل ہیں۔	سان Jacinto خرابی کے علاوہ، اور Elsinore خرابی، ایک اور خرابی کا نام.	سانٹٹٹٹٹٹٹٹٹٹٹٹٹٹٹٹٹٹٹٹٹٹٹٹٹٹٹٹٹٹٹٹٹٹٹٹٹٹٹ	سانٹوٹٹٹٹٹٹٹٹٹٹٹٹٹٹٹٹٹٹٹٹٹٹٹٹٹٹٹٹٹٹٹٹٹٹٹٹٹٹ
uqa_valid	<ans> یو ایس جی ایس </ans> نے کیلیفورنیا زلزلے کی پیش گوئی جاری کی ہے جو کیلیفورنیا میں زلزلے کے واقع ہونے کی ماڈلنگ کرتی ہے۔	کس تنظیم نے کیلیفورنیا کے زلزلے کی پیش گوئی جاری کی؟	زلزلے کے زلزلے کی حوصلہ افزائی کس نے کی؟	زلزلے کے زلزلے کی حوصلہ افزائی کس نے کی؟
uqa_valid	یو ایس جی ایس نے کیلیفورنیا زلزلے کی پیش گوئی جاری کی ہے جو کیلیفورنیا میں زلزلے کے <ans> واقعے </ans> کی ماڈلنگ کرتی ہے۔	زلزلے کی پیش گوئی کیلی فورنیا میں زلزلے کی کون سی خصوصیات کی ماڈلنگ کرتی ہے؟	زلزلے کے زلزلے کے زلزلے میں زلزلے کی پیش گوئی کی حوصلہ افزائی کیا ہے؟	زلزلے کے زلزلے میں زلزلے کی پیش گوئی کی حوصلہ افزائی کیا ہے؟
uqa_valid	<ans> 2010 </ans> ریاستہائے متحدہ کی مردم شماری کے مطابق ، جنوبی کیلیفورنیا کی آبادی 22,680,010 ہے۔	جنوبی کیلیفورنیا کی آبادی 22،680،010 تھی کس سال کی مردم شماری کے مطابق؟	جنوبی امریکہ کی مردم شماری کے مطابق، جنوبی امریکہ کی آبادی میں تقریباً کتنے لوگ رہتے ہیں؟	ریاستہائے متحدہ کی مردم شماری کی مردم شماری کے مطابق، جنوبی ریاستہائے متحدہ کی مردم شماری کب شروع ہوئی؟
uqa_valid	<ans> اعلی ترقی کی شرح </ans> کی ساکھ کے باوجود ، جنوبی کیلیفورنیا کی شرح 2000 کی دہائی میں 10.	جنوبی کیلی فورنیا کی ساکھ کس چیز کے لیے ہے؟	جنوبی یورپ کی شرح میں اضافے کی شرح کیا ہے؟	جنوبی اٹلانٹک کی شرح میں اضافے کی شرح کیا ہے؟
uqa_valid	0٪ کی ریاستی اوسط سے کم بڑھ گئی کیونکہ خلیج کے علاقے میں ایک مضبوط ، <ans> ٹیکنالوجی پر مبنی </ans> معیشت اور ایک ابھرتی ہوئی گریٹر سیکرمینٹو خطے کی وجہ سے کیلیفورنیا کی ترقی ریاست کے شمالی حصے میں مرکوز ہوگئی۔	شمالی کیلیفورنیا نے 2000 کی دہائی میں کس قسم کی معیشت میں ترقی کرنا شروع کی؟	اوکلاہوما کے علاقے میں کون سی معاشی ترقی ہوئی؟	اوکلاہوما کے علاقے میں کس قسم کی معیشت کا استعمال کیا گیا تھا؟
uqa_valid	0٪ کی ریاستی اوسط سے کم بڑھ گئی کیونکہ خلیج کے علاقے میں ایک مضبوط ، ٹیک پر مبنی معیشت اور ایک ابھرتی ہوئی <ans> گریٹر سیکرمینٹو </ans> خطے کی وجہ سے کیلیفورنیا کی ترقی ریاست کے شمالی حصے میں مرکوز ہوگئی۔	کون سا علاقہ 2000 کی دہائی میں بڑھنا اور خود کو ثابت کرنا شروع ہوا؟	کون سی ریاست نے شمالی کیرولائنا کی ریاست کو شمالی کیرولائنا میں تبدیل کرنے کی اجازت دی؟	ریاست کی ریاست کے شمالی حصے میں سے ایک کیا ہے؟
uqa_valid	جنوبی کیلیفورنیا میں ایک مشترکہ شماریاتی علاقہ ، آٹھ <ans> میٹرو پولیٹن شماریاتی علاقے </ans> ، ایک بین الاقوامی میٹروپولیٹن علاقہ ، اور متعدد میٹروپولیٹن ڈویژن شامل ہیں۔	جنوبی کیلیفورنیا کا حصہ بننے والے آٹھ علاقوں کے ساتھ کیا نام منسلک ہے؟	جنوبی اوکلاہوما میں ایک علاقہ کا علاقہ کیا ہے؟	جنوبی اوکلاہوما میں کون سا علاقہ واقع ہے؟
uqa_valid	یہ خطہ <ans> دو </ans> توسیع شدہ میٹروپولیٹن علاقوں کا گھر ہے جن کی آبادی پانچ ملین سے زیادہ ہے۔	وہاں کتنے وسیع میٹروپولیٹن علاقے ہیں؟	میٹروپولیٹن علاقے میں کتنے توسیع میٹروپولیٹن علاقے ہیں؟	میٹروپولیٹن علاقے میں کتنے توسیع میٹروپولیٹن علاقے ہیں؟
uqa_valid	یہ خطہ دو توسیع شدہ میٹروپولیٹن علاقوں کا گھر ہے جن کی آبادی <ans> پانچ ملین </ans> سے زیادہ ہے۔	توسیع شدہ میٹروپولیٹن علاقوں میں سے ہر ایک کی آبادی کتنی تعداد سے زیادہ ہے؟	میٹروپولیٹن علاقے میں میٹروپولیٹن علاقے میں کتنے لوگ رہتے ہیں؟	اس علاقے میں کتنے لوگ رہتے ہیں؟
uqa_valid	جبکہ ایل سینٹر میٹروپولیٹن علاقہ اور سان ڈیاگو - کارلس باڈ - سان مارکوس میٹروپولیٹن علاقہ <ans> جنوبی سرحدی علاقہ </ans> تشکیل دیتے ہیں۔	ایل سنٹرو میٹروپولیٹن ایریا اور سان ڈیاگو-کارسلباد-سان مارکوس میٹروپولیٹن ایریا کیا تشکیل دیتے ہیں؟	سان ڈیاگو میٹروپولیٹن علاقے میں سان ڈیاگو کے علاقے میں کون سا علاقہ تشکیل پایا جا سکتا ہے؟	سان ڈیاگو میٹروپولیٹن علاقے کہاں واقع ہے؟
uqa_valid	یہ گریٹر لاس اینجلس ایریا <ans> 17,786,419 </ans> اور سان ڈیاگو-ٹیجوانا 5,105,768 پر ہیں۔	گریٹر لاس اینجلس کے علاقے کی آبادی کتنی ہے؟	سان ڈیاگو کی قومی سطح پر کتنے لوگ رہتے ہیں؟	سان ڈیاگو میں سان ڈیاگو کی تعداد کتنی ہے؟
uqa_valid	<ans> لاس اینجلس </ans> (3.	پورے کیلی فورنیا کا سب سے بڑا شہر کیا ہے؟	برک کے مطابق، کون سا دوسرا ملک سب سے زیادہ مقبول ہے؟	برک کے مطابق، کون سا ملک سب سے زیادہ مقبول ہے؟
uqa_valid	7 ملین افراد) اور <ans> سان ڈیاگو </ans> (1.	کیلیفورنیا کے دوسرے سب سے بڑے شہر کی آبادی کتنی ہے؟	سان ڈیاگو میں سان ڈیاگو کی آبادی کا سب سے بڑا حصہ سان ڈیاگو میں سان ڈیاگو میں سان ڈیاگو میں سان ڈیاگو کا نام کیا ہے؟	سان ڈیاگو میں سان ڈیاگو کی سب سے بڑی تعداد کیا ہے؟
uqa_valid	جنوبی کیلیفورنیا میں 200،000 سے زیادہ باشندوں والے <ans> بارہ </ans> شہر اور 100،000 سے زیادہ آبادی والے 34 شہر بھی ہیں۔	جنوبی کیلیفورنیا کے کتنے شہروں میں 200،000 سے زیادہ باشندے ہیں؟	جنوبی شہر میں کتنے لوگ رہتے ہیں؟	جنوبی شہر میں کتنے لوگ رہتے ہیں؟
uqa_valid	جنوبی کیلیفورنیا میں بارہ شہر بھی ہیں جن میں 200،000 سے زیادہ باشندے اور 34 شہر ہیں جن کی آبادی <ans> 100،000 </ans> سے زیادہ ہے۔	جنوبی کیلیفورنیا میں 34 شہر ہیں جن کی آبادی کتنی تعداد سے زیادہ ہے؟	جنوبی شہر میں کتنے لوگ رہتے ہیں؟	جنوبی شہر میں کتنے لوگ رہتے ہیں؟
uqa_valid	جنوبی کیلیفورنیا کے بہت سے ترقی یافتہ شہر ساحل کے ساتھ یا اس کے قریب واقع ہیں ، سوائے سان برنارڈینو اور <ans> ریورسائڈ </ans> کے۔	سان برنارڈینو کے علاوہ، کون سا دوسرا ترقی یافتہ جنوبی کیلیفورنیا کا شہر ساحل کے قریب نہیں ہے؟	سان برنارڈینو اور سان ڈیاگو کے علاوہ، سان ڈیاگو کے علاقے کے ساتھ ساتھ، کون سا شہر سان ڈیاگو کے ساحل کے قریب واقع ہے؟	سان برنارڈینو کے علاوہ، سان ڈیاگو میں کون سا دوسرا شہر ہے؟
uqa_valid	یہ <ans> پٹرولیم </ans> کی کثرت پر غلبہ رکھتی ہے اور اس پر بہت زیادہ انحصار کرتی ہے ، اس کے برعکس دوسرے علاقوں میں جہاں آٹوموبائل تقریبا اتنے غالب نہیں ہیں ، نقل و حمل کی اکثریت اس ایندھن پر چلتی ہے۔	جنوبی کیلی فورنیا کی معیشت کس وسائل پر منحصر ہے؟	نقل و حمل کی بنیادی وجہ کیا ہے؟	نقل و حمل کا بنیادی فرق کیا ہے؟
uqa_valid	جنوبی کیلیفورنیا سیاحت اور <ans> ہالی ووڈ </ans> (فلم ، ٹیلی ویژن اور موسیقی) کے لئے مشہور ہے۔	جنوبی کیلی فورنیا سیاحت کے لئے سب سے زیادہ مشہور ہے اور خاص طور پر کس ضلع کا نام ہے؟	جنوبی اور جنوبی موسیقی کے لئے ایک مقبول نام کیا ہے؟	جنوبی وسطی کے ساتھ ساتھ، جنوبی اٹلانٹک اور جنوبی موسیقی کے لئے ایک اور نام کیا ہے؟
uqa_valid	یہ خطہ 2001-2007 میں <ans> ہاؤسنگ بلبل </ans> میں ایک رہنما تھا ، اور ہاؤسنگ حادثے سے بہت متاثر ہوا ہے۔	یہ خطہ 2001 - 2007 کے درمیان کس ایونٹ میں ایک رہنما تھا؟	کس سال میں ایک خط میں ایک بڑا رہنما تھا جس نے ایک عہلہ میں حصہ لیا؟	سینٹ مارک انتون کس گاؤں میں واقع تھا؟
uqa_valid	یہ خطہ 2001-2007 میں ہاؤسنگ بلبل میں ایک رہنما تھا ، اور ہاؤسنگ کریش سے <ans> بہت متاثر </ans> ہوا ہے۔	اس خطے پر ہاؤسنگ کریش کا کیا اثر تھا؟	ہاؤسنگ کے ہاؤسنگ بلب میں سے ایک کیا ہے؟	ہاؤسنگ کے ہاؤسنگ بلب میں سے ایک کیا ہے؟
uqa_valid	<ans> 1920 کی دہائی </ans> کے بعد سے ، موشن فلمیں ، پٹرولیم اور ہوائی جہاز کی تیاری اہم صنعتیں رہی ہیں۔	فلمیں، پٹرولیم اور ہوائی جہاز کی تیاری کس دہائی سے اہم صنعتیں رہی ہیں؟	کس دہائی کے دوران، میکسیکو سٹی ہوائی جہاز اور ہوائی جہاز صنعت کی صنعت صنعت صنعت میں اہم صنعت بن رہی ہے؟	کس دہائی میں کامکس اور ہوائی جہاز کی صنعتیں ہیں؟
uqa_valid	امریکہ کے <ans> سب سے امیر </ans> زرعی علاقوں میں سے ایک میں ، مویشیوں اور ھٹیوں کو اہم صنعتیں تھیں جب تک کہ زرعی زمینوں کو مضافاتی علاقوں میں تبدیل نہیں کیا گیا۔	کون سی خصوصیت زرعی علاقوں کی بہترین وضاحت کرتی ہے جو پایا جا سکتا ہے؟	امریکہ میں امریکہ میں کون سا ملک زراعت میں زرعی علاقوں میں تبدیل ہوا؟	امریکہ کے علاقوں میں زرعی علاقوں میں کس قسم کی زراعت کا استعمال کیا گیا تھا؟
uqa_valid	امریکہ کے سب سے <ans> امیر </ans> زرعی علاقوں میں سے ایک میں ، مویشیوں اور ھٹیوں کو اہم صنعتیں تھیں جب تک کہ زرعی زمینوں کو مضافاتی علاقوں میں تبدیل نہیں کیا گیا۔	کون سی خصوصیت زرعی علاقوں کی بہترین وضاحت کرتی ہے جو پایا جا سکتا ہے؟	امریکہ کے سب سے بڑے علاقوں میں سے کچھ علاقوں میں سے کچھ علاقوں میں سے کچھ علاقوں میں سے کچھ کیا تھے؟	امریکہ کے سب سے بڑے علاقوں میں سے ایک کیا ہے؟
uqa_valid	امریکہ کے <ans> سب سے امیر </ans> زرعی علاقوں میں ، مویشیوں اور ھٹیوں کی بڑی صنعتیں تھیں جب تک کہ زرعی زمینوں کو مضافاتی علاقوں میں تبدیل نہیں کیا گیا۔	کون سی خصوصیت زرعی علاقوں کی بہترین وضاحت کرتی ہے جو پایا جا سکتا ہے؟	امریکہ کے علاقوں میں زرعی علاقوں میں کس قسم کی زراعت بڑی ہے؟	امریکہ کے علاقوں میں زرعی علاقوں میں کس قسم کے علاقوں میں کمی آئی؟
uqa_valid	امریکہ کے سب سے امیر زرعی علاقوں میں سے ایک میں ، <ans> گائے </ans> اور ھٹیوں کو اہم صنعتیں تھیں جب تک کہ زرعی زمینوں کو مضافاتی علاقوں میں تبدیل نہیں کیا گیا۔	زرعی علاقہ کس قسم کے مویشیوں کے لئے جانا جاتا تھا؟	امریکہ میں سب سے زیادہ زرعی علاقوں میں سے ایک کیا ہے؟	امریکہ میں سب سے زیادہ زرعی علاقوں میں سے ایک کیا ہے؟
uqa_valid	امریکہ کے سب سے امیر زرعی علاقوں میں سے ایک میں ، مویشی اور <ans> سٹریس </ans> اہم صنعتیں تھیں جب تک کہ زرعی زمینوں کو مضافاتی علاقوں میں تبدیل نہیں کیا گیا۔	مویشی پالنے کے علاوہ، زراعت کے علاقوں میں اور کیا ایک اہم صنعت سمجھا جاتا تھا؟	امریکہ میں سب سے زیادہ زرعی علاقوں میں سے ایک کیا ہے؟	امریکہ میں سب سے زیادہ زرعی علاقوں میں سے ایک کیا ہے؟
uqa_valid	اگرچہ فوجی اخراجات میں کمی کا اثر پڑا ہے ، <ans> ایرو اسپیس </ans> ایک اہم عنصر ہے۔	کون سی صنعت فوجی اخراجات میں بڑی کٹوتیوں سے بچنے میں کامیاب رہی ہے؟	فوجی اخراجات میں کمی کا سبب کیا ہے؟	فوجی اخراجات میں کمی کا سبب کیا ہے؟
uqa_valid	جنوبی کیلیفورنیا بہت سے بڑے <ans> کاروباری </ans> اضلاع کا گھر ہے۔	کس قسم کا ضلع جنوبی کیلیفورنیا میں بہت سے لوگوں کا گھر ہے؟	جنوبی کیرولائنا کے بڑے پیمانے پر کس قسم کا اضلاع ہے؟	جنوبی بڑے پیمانے پر کس قسم کا اضلاع ہے؟
uqa_valid	جنوبی کیلیفورنیا بہت سے <ans> بڑے کاروباری </ans> اضلاع کا گھر ہے۔	کس قسم کا ضلع جنوبی کیلیفورنیا میں بہت سے لوگوں کا گھر ہے؟	جنوبی کیمپس میں واقع اضلاع کا گھر کیا ہے؟	جنوبی کیمپس کا گھر کیا ہے؟
uqa_valid	<ans> مرکزی کاروباری اضلاع </ans> (سی بی ڈی) میں ڈاون ٹاؤن لاس اینجلس ، ڈاون ٹاؤن سان ڈیاگو ، ڈاون ٹاؤن سان برنارڈینو ، ڈاون ٹاؤن بیکرز فیلڈ ، ساؤتھ کوسٹ میٹرو اور ڈاون ٹاؤن ریورسائیڈ شامل ہیں۔	سی بی ڈی کا مطلب کیا ہے؟	ہیوسٹن میں کون سا علاقہ ہے؟	ہیوسٹن کا کون سا علاقہ سان ڈیاگو میں واقع ہے؟
uqa_valid	مرکزی کاروباری اضلاع (سی بی ڈی) میں ڈاون ٹاؤن لاس اینجلس ، ڈاون ٹاؤن سان ڈیاگو ، ڈاون ٹاؤن سان برنارڈینو ، ڈاون ٹاؤن بیکرز فیلڈ ، <ans> ساؤتھ کوسٹ میٹرو </ans> اور ڈاون ٹاؤن ریورسائیڈ شامل ہیں۔	"سی بی ڈی میں کون سا واحد ضلع ہے جس کے نام میں ""ڈاؤن ٹاؤن"" نہیں ہے؟"	شہر ٹاؤن سان ڈیاگو کے ساتھ ساتھ، سان ٹاؤن سان ڈیاگو میں کون سا شہر ہیڈکوارٹر ہے؟	سان ٹاؤن سان ڈیاگو کے ساتھ ساتھ، سان ٹاؤن سان ڈیاگو میں کون سا شہر ہیڈکوارٹر ہے؟
uqa_valid	لاس اینجلس کے علاقے کے اندر ڈاون ٹاؤن بربینک ، ڈاون ٹاؤن سانٹا مونیکا ، ڈاون ٹاؤن گلینڈل اور ڈاون ٹاؤن لانگ بیچ کے بڑے <ans> کاروباری </ans> اضلاع ہیں۔	Downtown Burbank کس قسم کے ضلع کی ایک مثال ہے؟	ٹاؤن کے مرکز کے مرکز میں، شہر کے مرکز کے مرکز کے بڑے شہر کے بڑے شہر کے بڑے شہر کے بڑے شہر کے بڑے حصے کیا ہیں؟	شہر کے مرکز کے مرکز میں، شہر کے مرکز کے مرکز میں کیا ہے؟
uqa_valid	لاس اینجلس کے علاقے کے اندر ڈاون ٹاؤن بربینک ، ڈاون ٹاؤن سانٹا مونیکا ، ڈاون ٹاؤن گلینڈل اور ڈاون ٹاؤن لانگ بیچ کے <ans> بڑے کاروباری اضلاع </ans> ہیں۔	Downtown Burbank کس قسم کے ضلع کی ایک مثال ہے؟	شہر کے مرکز کے مرکز کے مرکز میں، شہر کے مرکز کے مرکز کے علاقے میں کیا ہے؟	شہر کے مرکز کے مرکز کے مرکز کے علاقے میں کیا ہے؟
uqa_valid	لاس اینجلس کے علاقے کے اندر ڈاون ٹاؤن بربینک ، ڈاون ٹاؤن سانٹا مونیکا ، ڈاون ٹاؤن گلینڈل اور ڈاون ٹاؤن لانگ بیچ کے <ans> بڑے کاروباری </ans> اضلاع ہیں۔	Downtown Burbank کس قسم کے ضلع کی ایک مثال ہے؟	شہر کے مرکز کے مرکز میں، شہر کے مرکز کے مرکز میں کیا ہے؟	شہر کے مرکز کے مرکز میں، شہر کے مرکز کے مرکز میں کیا ہے؟
uqa_valid	<ans> لاس اینجلس ایریا </ans> کے اندر ڈاون ٹاؤن بربینک ، ڈاون ٹاؤن سانٹا مونیکا ، ڈاون ٹاؤن گلینڈل اور ڈاون ٹاؤن لانگ بیچ کے بڑے کاروباری اضلاع ہیں۔	ڈاون ٹاؤن سانٹا مونیکا اور ڈاون ٹاؤن گلینڈل کس علاقے کا حصہ ہیں؟	ٹاؤن ٹاؤن ٹاؤن کس شہر کے اندر واقع ہے؟	کون سا شہر انٹرسٹیٹ ٹاؤن کے مرکز ٹاؤن سے بڑے ہے؟
uqa_valid	لاس اینجلس کے علاقے کے اندر ڈاون ٹاؤن بربینک ، ڈاون ٹاؤن سانٹا مونیکا ، ڈاون ٹاؤن گلینڈل اور ڈاون ٹاؤن لانگ بیچ کے <ans> بڑے کاروباری </ans> اضلاع ہیں۔	ڈاون ٹاؤن سانٹا مونیکا اور ڈاون ٹاؤن گلینڈل کس علاقے کا حصہ ہیں؟	شہر کے مرکز کے مرکز میں، شہر کے مرکز کے مرکز میں کیا ہے؟	شہر کے مرکز کے مرکز میں، شہر کے مرکز کے مرکز میں کیا ہے؟
uqa_valid	لاس اینجلس میں خود بہت سے کاروباری اضلاع ہیں جن میں ڈاون ٹاؤن لاس اینجلس سنٹرل بزنس ڈسٹرکٹ کے ساتھ ساتھ <ans> سان فرنینڈو ویلی </ans> میں سنچری سٹی ، ویسٹ ووڈ اور وارنر سینٹر سمیت ولشیر بلیوارڈ معجزہ میل پر مشتمل ہیں۔	وارنر سینٹر کس علاقے میں واقع ہے؟	سنچریچ کہاں واقع ہے؟	سنچریچ کہاں واقع ہے؟
uqa_valid	<ans> لاس اینجلس </ans> میں خود بہت سے کاروباری اضلاع ہیں جن میں ڈاون ٹاؤن لاس اینجلس سنٹرل بزنس ڈسٹرکٹ کے ساتھ ساتھ سان فرنینڈو ویلی میں سنچری سٹی ، ویسٹ ووڈ اور وارنر سینٹر سمیت ولشیر بلیوارڈ میریکل میل پر مشتمل ہیں۔	سنچری سٹی ایک ضلع کی ایک مثال ہے جو کس شہر سے تعلق رکھتی ہے؟	سان ڈیاگو کے مرکز میں کس قسم کی سرگرمی ہے؟	نیو یارک شہر میں کس شہر میں بہت سے اضلاع ہیں؟
uqa_valid	سان برنارڈینو - ریورسائڈ علاقہ ڈاون ٹاؤن سان برنارڈینو ، ہاسپٹلٹی بزنس / فنانشل سینٹر ، یونیورسٹی ٹاؤن کے <ans> کاروباری </ans> اضلاع کو برقرار رکھتا ہے جو سان برنارڈینو اور ڈاون ٹاؤن ریورسائڈ میں ہیں۔	سینڈ برنارڈینو - ریورسائیڈ علاقہ کس طرح کے ضلع کو برقرار رکھتا ہے؟	سان برنارڈینو سینٹر کس قسم کے اضلاع کو برقرار رکھتا ہے؟	سان برنارڈینو اسپورٹس سینٹر کس قسم کے اضلاع کو برقرار رکھتا ہے؟
uqa_valid	سان برنارڈینو - ریورسائڈ علاقہ ڈاون ٹاؤن سان برنارڈینو ، ہاسپٹلٹی بزنس / فنانشل سینٹر ، یونیورسٹی ٹاؤن کے <ans> کاروباری اضلاع </ans> کو برقرار رکھتا ہے جو سان برنارڈینو اور ڈاون ٹاؤن ریورسائڈ میں ہیں۔	سینڈ برنارڈینو - ریورسائیڈ علاقہ کس طرح کے ضلع کو برقرار رکھتا ہے؟	سان برنارڈینو سینٹر کہاں واقع ہے؟	سان برنارڈینو سینٹر کہاں واقع ہے؟
uqa_valid	سان برنارڈینو <ans> ریورسائڈ </ans> علاقہ ڈاون ٹاؤن سان برنارڈینو ، ہاسپٹلٹی بزنس / فنانشل سینٹر ، یونیورسٹی ٹاؤن کے کاروباری اضلاع کو برقرار رکھتا ہے جو سان برنارڈینو اور ڈاون ٹاؤن ریورسائڈ میں ہیں۔	سان برنارڈینو کے علاوہ، دوسرے شہر کا نام کیا ہے جو یونیورسٹی ٹاؤن سمیت اضلاع کو برقرار رکھتا ہے؟	سان سان سان برنارڈینو سینٹر کہاں واقع ہے؟	سان سان سان برنارڈینو کہاں واقع ہے؟
uqa_valid	سان برنارڈینو-ریورسائڈ علاقہ ڈاون ٹاؤن سان برنارڈینو ، ہاسپٹلٹی بزنس / فنانشل سینٹر ، یونیورسٹی ٹاؤن کے کاروباری اضلاع کو برقرار رکھتا ہے جو سان برنارڈینو اور <ans> ڈاون ٹاؤن ریورسائڈ </ans> میں ہیں۔	سان برنارڈینو کے علاوہ، دوسرے شہر کا نام کیا ہے جو یونیورسٹی ٹاؤن سمیت اضلاع کو برقرار رکھتا ہے؟	سان سان برنارڈینو کہاں ہے؟	سان برنارڈینو کہاں ہے؟
uqa_valid	سان برنارڈینو-ریورسائڈ علاقہ ڈاون ٹاؤن سان برنارڈینو ، <ans> ہاسپٹلٹی بزنس / فنانشل سینٹر </ans> ، یونیورسٹی ٹاؤن کے کاروباری اضلاع کو برقرار رکھتا ہے جو سان برنارڈینو اور ڈاون ٹاؤن ریورسائڈ میں ہیں۔	ڈاون ٹاؤن سان برنارڈینو ، اور یونیورسٹی ٹاؤن کے علاوہ ، سان برنارڈینو - ریورسائڈ علاقے میں ایک اور کاروباری ضلع کا نام کیا ہے؟	سان ڈیاگو سان ڈیاگو میں کون سا بڑا شہر ہے؟	سان ٹاؤن سان برنارڈینو کا سابقہ نام کیا ہے؟
uqa_valid	سان برنارڈینو-ریورسائڈ علاقہ ڈاون ٹاؤن سان برنارڈینو ، ہاسپٹلٹی بزنس / فنانشل سینٹر ، یونیورسٹی ٹاؤن کے کاروباری اضلاع کو برقرار رکھتا ہے جو سان برنارڈینو اور <ans> ڈاون ٹاؤن ریورسائڈ </ans> میں ہیں۔	ڈاون ٹاؤن سان برنارڈینو ، اور یونیورسٹی ٹاؤن کے علاوہ ، سان برنارڈینو - ریورسائڈ علاقے میں ایک اور کاروباری ضلع کا نام کیا ہے؟	سان سان برنارڈینو کہاں ہے؟	سان برنارڈینو کہاں ہے؟
uqa_valid	<ans> اورنج </ans> کاؤنٹی ایک تیزی سے ترقی پذیر کاروباری مرکز ہے جس میں ڈاون ٹاؤن سانٹا انا ، ساؤتھ کوسٹ میٹرو اور نیوپورٹ سینٹر اضلاع شامل ہیں۔	کون سا کاؤنٹی اپنے کاروباری مرکز کو ترقی دے رہا ہے؟	کون سا کاؤنٹی ساؤتھ سائیڈ چلاتا ہے؟	کون سا کاؤنٹی ساؤتھ سائیڈ چلاتا ہے؟
uqa_valid	<ans> اورنج کاؤنٹی </ans> ایک تیزی سے ترقی پذیر کاروباری مرکز ہے جس میں ڈاون ٹاؤن سانٹا انا ، ساؤتھ کوسٹ میٹرو اور نیوپورٹ سینٹر اضلاع شامل ہیں۔	کون سا کاؤنٹی اپنے کاروباری مرکز کو ترقی دے رہا ہے؟	کون سا کاؤنٹی ساؤتھ سائیڈ چلاتا ہے؟	کون سا کاؤنٹی ساؤتھ سائیڈ چلاتا ہے؟
uqa_valid	اس کے ساتھ ساتھ ارون اسپیکٹرم ، ویسٹ ارون ، اور بین الاقوامی کارپوریشنز کا صدر دفتر <ans> یونیورسٹی آف کیلیفورنیا ، ارون </ans> میں ہے۔	بین الاقوامی کارپوریشنوں کا ہیڈکوارٹر کہاں ہے؟	بین الاقوامی آرٹ کا ہیڈکوارٹر کہاں ہے؟	کینے ویسٹ بین الاقوامی اور بین الاقوامی کارپوریشنز کا صدر دفتر کہاں ہے؟
uqa_valid	اس کے ساتھ ساتھ ارون اسپیکٹرم ، ویسٹ ارون ، اور بین الاقوامی کارپوریشنز کا صدر دفتر <ans> یونیورسٹی آف کیلیفورنیا </ans> ، ارون میں ہے۔	بین الاقوامی کارپوریشنوں کا ہیڈکوارٹر کہاں ہے؟	بین الاقوامی اور بین الاقوامی کارپوریشنز کا صدر دفتر کس ادارے میں ہے؟	بین الاقوامی اور بین الاقوامی کارپوریشنز کا صدر دفتر کیا ہے؟
uqa_valid	<ans> ویسٹ ارون </ans> میں ارون ٹیک سینٹر اور جامبوری بزنس پارکس شامل ہیں۔	جیمبوری بزنس پارکس کس بزنس سینٹر سے تعلق رکھتا ہے؟	ویسٹ ٹیک سینٹر اور پارکمونٹ پارک پارک کہاں واقع ہے؟	ویسٹ ٹیک سینٹر کہاں واقع ہے؟
uqa_valid	اورنج کاؤنٹی ایک تیزی سے ترقی پذیر کاروباری مرکز ہے جس میں ڈاون ٹاؤن سانٹا انا ، <ans> ساؤتھ کوسٹ میٹرو </ans> اور نیوپورٹ سینٹر اضلاع شامل ہیں۔	کون سا دوسرا کاروباری ضلع اورنج کاؤنٹی ڈاون ٹاؤن سانٹا انا اور نیوپورٹ سینٹر کے باہر احاطہ کرتا ہے؟	نیو ٹاؤن سینٹر کے ساتھ ساتھ ، کون سا شہر نیو ہیون سینٹر کے مرکز میں واقع ہے؟	نیو ٹاؤن سینٹر کے ساتھ ساتھ ، کون سا شہر نیو ہیون سینٹر میں مقیم ہے؟
uqa_valid	اورنج کاؤنٹی ایک <ans> تیزی سے </ans> ترقی پذیر کاروباری مرکز ہے جس میں ڈاون ٹاؤن سانٹا انا ، ساؤتھ کوسٹ میٹرو اور نیوپورٹ سینٹر اضلاع شامل ہیں۔	اورنج کاؤنٹی اپنے کاروباری مراکز کو کس شرح سے ترقی دے رہا ہے؟	نیو ہیون کے مرکز میں کتنے لوگ رہتے ہیں؟	ڈاون ٹاؤن کس قسم کے ترقی سے منسلک ہے؟
uqa_valid	<ans> ڈاؤن ٹاؤن سان ڈیاگو </ans> سان ڈیاگو کا مرکزی کاروباری ضلع ہے ، حالانکہ شہر کاروباری اضلاع سے بھرا ہوا ہے۔	سان ڈیاگو کا مرکزی کاروباری ضلع کیا ہے؟	سان ڈیاگو کا کون سا شہر سان ڈیاگو سے تعلق رکھتا ہے؟	سان ڈیاگو کا سب سے بڑا کاروباری ضلع کون سا ہے؟
uqa_valid	<ans> ڈاؤن ٹاؤن </ans> سان ڈیاگو سان ڈیاگو کا مرکزی کاروباری ضلع ہے ، حالانکہ شہر کاروباری اضلاع سے بھرا ہوا ہے۔	سان ڈیاگو کا مرکزی کاروباری ضلع کیا ہے؟	سان ڈیاگو شہر کا کون سا شہر سان ڈیاگو شہر کا سب سے بڑا شہر ہے؟	سان ڈیاگو سان ڈیاگو کا کون سا شہر سان ڈیاگو میں واقع ہے؟
uqa_valid	ان اضلاع میں سے زیادہ تر <ans> شمالی سان ڈیاگو </ans> اور کچھ نارتھ کاؤنٹی علاقوں میں واقع ہیں۔	اس کے مرکزی مرکزی کاروباری ضلع کے علاوہ ، سان ڈیاگو کے بیشتر کاروباری اضلاع کہاں واقع ہیں؟	کون سے سان ڈیاگو کاؤنٹی میں واقع ہیں؟	کون سے سان ڈیاگو کاؤنٹی میں واقع ہیں؟
uqa_valid	ان اضلاع میں سے زیادہ تر شمالی سان ڈیاگو میں واقع ہیں اور کچھ <ans> نارتھ کاؤنٹی </ans> علاقوں کے اندر ہیں۔	شمالی سان ڈیاگو کے باہر، کون سا دوسرا علاقہ کاروباری اضلاع پر مشتمل ہے؟	سان ڈیاگو کاؤنٹی میں کچھ علاقوں میں کس قسم کے علاقوں کے اندر واقع ہیں؟	سان ڈیاگو کاؤنٹی میں کس قسم کے علاقوں کے اندر واقع ہے؟
uqa_valid	ان اضلاع میں سے زیادہ تر شمالی سان ڈیاگو میں واقع ہیں اور کچھ <ans> نارتھ کاؤنٹی علاقوں </ans> کے اندر ہیں۔	شمالی سان ڈیاگو کے باہر، کون سا دوسرا علاقہ کاروباری اضلاع پر مشتمل ہے؟	سان ڈیاگو میں کچھ علاقوں میں کس قسم کے علاقوں کے اندر واقع ہے؟	سان ڈیاگو کاؤنٹی میں کس قسم کے علاقوں کے اندر واقع ہے؟
uqa_valid	ڈاون ٹاؤن سان ڈیاگو <ans> سان ڈیاگو </ans> کا مرکزی کاروباری ضلع ہے ، حالانکہ شہر کاروباری اضلاع سے بھرا ہوا ہے۔	یونیورسٹی سٹی کس شہر میں واقع ایک کاروباری ضلع کی ایک مثال ہے؟	شہر شہر سان ڈیاگو شہر کا مرکز کہاں ہے؟	شہر سان ڈیاگو کس شہر کا مرکزی شہر ہے؟
uqa_valid	مسافر ریل سسٹم کی سات لائنوں میں سے چھ ، <ans> میٹرو لنک </ans> ، ڈاون ٹاؤن لاس اینجلس سے باہر چلتی ہے ، جو لاس اینجلس ، وینٹورا ، سان برنارڈینو ، ریورسائیڈ ، اورنج ، اور سان ڈیاگو کاؤنٹیوں کو براہ راست سان برنارڈینو ، ریورسائیڈ ، اور اورنج کاؤنٹیوں کو جوڑنے والی دوسری لائن سے جوڑتی ہے۔	مسافر ریل کے نظام کا نام کیا ہے؟	شہر میں کون سا شہر ریل سروس سے باہر چلتا ہے؟	شہر کا کون سا حصہ لاس اینجلس سے باہر چلتا ہے؟
uqa_valid	مسافر ریل سسٹم کی <ans> سات </ans> لائنوں میں سے چھ ، میٹرو لنک ، ڈاون ٹاؤن لاس اینجلس سے باہر چلتی ہیں ، جو لاس اینجلس ، وینٹورا ، سان برنارڈینو ، ریورسائیڈ ، اورنج ، اور سان ڈیاگو کاؤنٹیوں کو براہ راست سان برنارڈینو ، ریورسائیڈ ، اور اورنج کاؤنٹیوں کو جوڑنے والی دوسری لائن سے جوڑتی ہیں۔	مسافر ریل سسٹم میں کتنی لائنیں ہیں؟	میٹرو ریل سسٹم کتنے لائنوں سے چلتی ہے؟	میٹرو ریل سسٹم میں کتنے لائنوں ہیں؟
uqa_valid	مسافر ریل سسٹم کی سات لائنوں میں سے <ans> چھ </ans> ، میٹرو لنک ، ڈاون ٹاؤن لاس اینجلس سے باہر چلتی ہے ، جو لاس اینجلس ، وینٹورا ، سان برنارڈینو ، ریورسائیڈ ، اورنج ، اور سان ڈیاگو کاؤنٹیوں کو براہ راست سان برنارڈینو ، ریورسائیڈ ، اور اورنج کاؤنٹیوں کو جوڑنے والی دوسری لائن سے جوڑتی ہے۔	کتنی لائنیں ڈاون ٹاؤن لاس اینجلس سے باہر چلتی ہیں؟	میٹرو ریل سسٹم کی لائنوں میں کتنے لوگ میٹروپولس ہیں؟	میٹرو سسٹم میں کتنے میٹرو ریل سروس چلتی ہیں؟
uqa_valid	مسافر ریل سسٹم کی سات لائنوں میں سے چھ ، میٹرو لنک ، ڈاون ٹاؤن لاس اینجلس سے باہر چلتی ہیں ، جو لاس اینجلس ، وینٹورا ، سان برنارڈینو ، ریورسائیڈ ، اورنج ، اور سان ڈیاگو کاؤنٹیوں کو براہ راست سان برنارڈینو ، ریورسائیڈ ، اور <ans> اورنج </ans> کاؤنٹیوں کو جوڑنے والی دوسری لائن سے جوڑتی ہیں۔	ایک واحد لائن سان برنارڈینو، ریورسائیڈ اور کس دوسرے کاؤنٹی کو جوڑتی ہے؟	میٹرو ریل سروس کس کاؤنٹی سے منسلک ہے؟	میٹرو ریل سروس کس کاؤنٹی سے منسلک ہے؟
uqa_valid	جنوبی کیلیفورنیا <ans> پورٹ آف لاس اینجلس </ans> کا بھی گھر ہے ، جو ریاستہائے متحدہ کا سب سے مصروف تجارتی بندرگاہ ہے۔	ریاستہائے متحدہ کی سب سے مصروف تجارتی بندرگاہ کیا ہے؟	ریاستہائے متحدہ کا سب سے مصروف تجارتی بندرگاہ کون سا ہے؟	ریاستہائے متحدہ کا سب سے مصروف تجارتی بندرگاہ کون سا ہے؟
uqa_valid	اور <ans> سان ڈیاگو کی بندرگاہ </ans> ۔	ریاستہائے متحدہ میں دوسرا مصروف ترین کنٹینر بندرگاہ کیا ہے؟	سان ڈیاگو کے علاوہ اور سان ڈیاگو کے علاوہ، سان ڈیاگو میں سان ڈیاگو کی بندرگاہ کے علاوہ اور کیا ہوا؟	سان ڈیاگو کے علاوہ اور سان ڈیاگو کے علاوہ، سان ڈیاگو کے علاوہ اور سان ڈیاگو کے علاوہ، سان ڈیاگو اور سان ڈیاگو کے ساتھ ساتھ سان ڈیاگو کی بندرگاہ کے علاوہ اور کیا ہوا؟
uqa_valid	ملحقہ <ans> پورٹ آف لانگ بیچ </ans> ، ریاستہائے متحدہ کا دوسرا مصروف ترین کنٹینر بندرگاہ۔	ریاستہائے متحدہ میں دوسرا مصروف ترین کنٹینر بندرگاہ کیا ہے؟	امریکہ کا دوسرا مصروف ترین بندرگاہ کون سا ہے؟	امریکہ کا دوسرا مصروف ترین بندرگاہ کیا ہے؟
uqa_valid	<ans> جنوبی </ans> کیلیفورنیا بھی لاس اینجلس کی بندرگاہ کا گھر ہے ، جو ریاستہائے متحدہ کا سب سے مصروف تجارتی بندرگاہ ہے۔	لانگ بیچ کی بندرگاہ کیلیفورنیا کے کس علاقے سے تعلق رکھتی ہے؟	ریاستہائے متحدہ کی بندرگاہ کا ہیڈکوارٹر کہاں ہے؟	امریکہ کا سب سے مصروف تجارتی بندرگاہ کون سا ہے؟
uqa_valid	<ans> جنوبی کیلیفورنیا </ans> بھی لاس اینجلس کی بندرگاہ کا گھر ہے ، جو ریاستہائے متحدہ کا سب سے مصروف تجارتی بندرگاہ ہے۔	لانگ بیچ کی بندرگاہ کیلیفورنیا کے کس علاقے سے تعلق رکھتی ہے؟	امریکہ کا سب سے مصروف تجارتی بندرگاہ کون سا ہے؟	امریکہ کا سب سے مصروف تجارتی بندرگاہ کون سا ہے؟
uqa_valid	<ans> ٹیک کوسٹ </ans> ایک عرفی نام ہے جس نے خطے کی متنوع ٹکنالوجی اور صنعتی بنیاد کے ساتھ ساتھ اس کی مشہور اور عالمی شہرت یافتہ تحقیقی یونیورسٹیوں اور دیگر سرکاری اور نجی اداروں کی کثرت کے لئے ایک وصف کے طور پر استعمال حاصل کیا ہے۔	اس خطے کی متنوع ٹیکنالوجی کو بیان کرنے کے لئے کون سا عرفی نام استعمال کیا جارہا ہے؟	"کون سا عرفی نام ""صفائٹ"" اور "" اداروں"" کے لئے ایک متبادل نام ہے؟"	اس خطے کا نام کیا ہے جو ہیوسٹن کی تعلیم کے لئے جانا جاتا ہے؟
uqa_valid	ٹیک کوسٹ ایک ایسا لقب ہے جس نے خطے کی متنوع ٹکنالوجی اور صنعتی بنیاد کے ساتھ ساتھ اس کی بہت سی مائشٹھیت اور عالمی شہرت یافتہ <ans> ریسرچ </ans> یونیورسٹیوں اور دیگر سرکاری اور نجی اداروں کی وضاحت کے طور پر استعمال حاصل کیا ہے۔	یہ علاقہ کس طرح کی یونیورسٹیوں کے لئے مشہور ہے؟	کون سی یونیورسٹی نے یونیورسٹی کی یونیورسٹیوں اور وضاحت کی وضاحت کی؟	ٹیک انڈسٹریسٹ کس قسم کی یونیورسٹی کی وضاحت کرتا ہے؟
uqa_valid	ان میں <ans> 5 </ans> یونیورسٹی آف کیلیفورنیا کیمپس (ایروین ، لاس اینجلس ، ریورسائیڈ ، سانتا باربرا ، اور سان ڈیاگو) شامل ہیں۔	یونیورسٹی آف کیلیفورنیا کے کتنے کیمپس ہیں؟	یونیورسٹی آف کیمپس میں کتنے یونیورسٹی کیمپس ہیں؟	یونیورسٹی آف کیمپس میں کتنے یونیورسٹی ہیں؟
uqa_valid	جنوبی کیلیفورنیا میں پیشہ ورانہ کھیلوں کی ٹیموں میں <ans> این ایف ایل </ans> (لوس اینجلس رامز ، سان ڈیاگو چارجرز) کی ٹیمیں شامل ہیں۔	لاس اینجلس ریمز کس قسم کی کھیلوں کی ٹیم کی ایک مثال ہے؟	جنوبی کیرولائنا میں پیشہ ورانہ کھیلوں کی کھیلوں کی ٹیمیں کون سی ہیں؟	جنوبی کیرولائنا میں پیشہ ورانہ کھیلوں کی کھیلوں کی ٹیمیں کیا ہیں؟
uqa_valid	جنوبی کیلیفورنیا میں <ans> پروفیشنل </ans> کھیلوں کی ٹیموں میں این ایف ایل (لوس اینجلس رامز ، سان ڈیاگو چارجرز) کی ٹیمیں شامل ہیں۔	لاس اینجلس ریمز کس قسم کی کھیلوں کی ٹیم کی ایک مثال ہے؟	کون سا کھیلوں این ایف ایل کھیلوں کی ٹیمیں ہے؟	این ایف ایل کا پیشہ کیا ہے؟
uqa_valid	<ans> این بی اے </ans> (لوس اینجلس لیکرز ، لاس اینجلس کلیپرز) ؛ ایم ایل بی (لوس اینجلس ڈوجرز ، لاس اینجلس اینجلز آف اینہائیم ، سان ڈیاگو پیڈرز) ؛ این ایچ ایل (لوس اینجلس کنگز ، اینہائیم ڈکس) ؛ اور ایم ایل ایس (لا گلیکسی) ۔	لاس اینجلس کلیپرز کس کھیل سے تعلق رکھنے والی ایک ٹیم ہے؟	ایم ایل ای کا مخفف کیا ہے؟	این ایم ایل کا مخفف کیا ہے؟
uqa_valid	این بی اے (لوس اینجلس لیکرز ، لاس اینجلس کلیپرز) ؛ <ans> ایم ایل بی </ans> (لوس اینجلس ڈوجرز ، لاس اینجلس اینجلز آف اینہائیم ، سان ڈیاگو پیڈرز) ؛ این ایچ ایل (لوس اینجلس کنگز ، اینہائیم ڈکس) ؛ اور ایم ایل ایس (لا گلیکسی) ۔	اینہائیم کے لاس اینجلس فرشتے کس کھیل سے ہیں؟	این بی اے کا مخفف کیا ہے؟	این بی اے کا مخفف کیا ہے؟
uqa_valid	این بی اے (لوس اینجلس لیکرز ، لاس اینجلس کلیپرز) ؛ ایم ایل بی (لوس اینجلس ڈوجرز ، لاس اینجلس اینجلز آف اینہائیم ، سان ڈیاگو پیڈرز) ؛ این ایچ ایل ( <ans> لوس اینجلس کنگز </ans> ، اینہائیم ڈکس) ؛ اور ایم ایل ایس (لا گلیکسی) ۔	جنوبی کیلی فورنیا میں رہائش پذیر ہونے کے لئے اینہائیم ڈکس کے علاوہ دوسری ایچ ایل ٹیم کیا ہے؟	این این ایل کا مخفف کیا ہے؟	این این ایل کا مخفف کیا ہے؟
uqa_valid	این بی اے (لوس اینجلس لیکرز ، لاس اینجلس کلیپرز) ؛ ایم ایل بی (لوس اینجلس ڈوجرز ، لاس اینجلس اینجلز آف اینہائیم ، سان ڈیاگو پیڈرز) ؛ این ایچ ایل (لوس اینجلس کنگز ، اینہائیم ڈکس) ؛ اور ایم ایل ایس ( <ans> ایل اے گلیکسی </ans> ).	جنوبی کیلی فورنیا سے تعلق رکھنے والی واحد ایم ایل ایس ٹیم کیا ہے؟	ایم ایل اے ایس کا مخفف کیا ہے؟	ایم ایل اے کا مخفف کیا ہے؟
uqa_valid	2005 سے 2014 تک ، لاس اینجلس میں دو میجر لیگ فٹ بال ٹیمیں تھیں - ایل اے گلیکسی اور <ans> چیواس یو ایس اے </ans> - جو دونوں اسٹب ہب سینٹر میں کھیلتی تھیں اور مقامی حریف تھیں۔	کس ٹیم کو ایم ایل ایس سے معطل کیا گیا تھا؟	ایل اے سی اے کے علاوہ ، ایل اے اے کے علاوہ ، ایل اے اے اور اے اے کے علاوہ ، کون سی لیگ ٹیم نے 2005 میں اپنا دوسرا لیگ بیس بال کھیلا؟	ایل اے سی اے کا نام کیا ہے؟
uqa_valid	تاہم ، <ans> چیواس </ans> کو 2014 کے ایم ایل ایس سیزن کے بعد معطل کردیا گیا تھا ، جبکہ ایک دوسری ایم ایل ایس ٹیم 2018 میں واپس آنے کا ارادہ رکھتی تھی۔	کس ٹیم کو ایم ایل ایس سے معطل کیا گیا تھا؟	ایل ایم ایس ایس کے بعد کون سا کھیل دستیاب ہوا؟	ایم ایل ایس ٹیموں کو کس نے معطل کیا؟
uqa_valid	2005 سے 2014 تک ، لاس اینجلس میں <ans> دو </ans> میجر لیگ فٹ بال ٹیمیں تھیں - ایل اے گلیکسی اور چیواس یو ایس اے - جو دونوں اسٹب ہب سینٹر میں کھیلتی تھیں اور مقامی حریف تھیں۔	لاس اینجلس میں کتنی ٹیمیں ہوتی تھیں؟	2005 میں، کتنے میجر لیگ ٹیموں نے لیگ میں فٹ بال لیگ میں حصہ لیا؟	2005 میں 2005 میں کتنے میجر لیگ فٹ بال لیگ تھے؟
uqa_valid	2005 سے <ans> 2014 </ans> تک ، لاس اینجلس میں دو میجر لیگ فٹ بال ٹیمیں تھیں - ایل اے گلیکسی اور چیواس یو ایس اے - جو دونوں اسٹب ہب سینٹر میں کھیلتی تھیں اور مقامی حریف تھیں۔	کس سال دو فٹ بال ٹیموں میں سے ایک کی معطلی کا نتیجہ نکلا؟	اے اے اے اے ایل اے نے 2005 میں فٹ بال لیگ میں کب کھیلا؟	کس سال میں فٹ بال لیگ نے فٹ بال لیگ میں فٹ بال کھیلا؟
uqa_valid	2005 سے 2014 تک ، لاس اینجلس میں دو میجر لیگ فٹ بال ٹیمیں تھیں - ایل اے گلیکسی اور چیواس یو ایس اے - جو دونوں <ans> اسٹب ہب سینٹر </ans> میں کھیلتی تھیں اور مقامی حریف تھیں۔	اس اسٹیڈیم کا نام کیا تھا جس میں ٹیمیں کھیلتی تھیں؟	ایل اے اے اور اے ایس اے ایس اے کے ساتھ ساتھ ، کون سا فٹ بال لیگ ایل اے اے اے ایل اے اے ایل اے اے اے میں مقیم تھا؟	فٹ بال لیگ اور ایل ایس اے یو ایس اے کا نام کیا تھا؟
uqa_valid	تاہم ، چیواس کو 2014 کے ایم ایل ایس سیزن کے بعد معطل کردیا گیا تھا ، جس میں دوسری ایم ایل ایس ٹیم کی واپسی <ans> 2018 </ans> میں طے کی گئی تھی۔	معطل ٹیم کب واپس آنے کا ارادہ رکھتی ہے؟	چیوا ایس ایس ایس ایس کی عارضی ٹیم کب کھولی گئی؟	چیوا ایس ایس ایس ایس کی پہلی ٹیم کب تھی؟
uqa_valid	تاہم ، چیواس کو 2014 کے ایم ایل ایس سیزن کے بعد معطل کردیا گیا تھا ، جس میں دوسری ایم ایل ایس ٹیم کی واپسی <ans> 2018 میں </ans> طے کی گئی تھی۔	معطل ٹیم کب واپس آنے کا ارادہ رکھتی ہے؟	چیوا ایس ایس ایس ایس کی پہلی ٹیم کب تھی؟	چیوا ایس ایس ایس ایس ایس ایس کب قائم کیا گیا تھا؟
uqa_valid	<ans> کالج </ans> کھیل جنوبی کیلیفورنیا میں بھی مقبول ہیں۔	جنوبی کیلی فورنیا میں کس قسم کا دوسرا کھیل مقبول ہے؟	کون سا کالج جنوبی کیرولائنا میں مقبول ہے؟	نارتھ ویسٹرن میں کون سا کالج مقبول ہے؟
uqa_valid	<ans> یو سی ایل اے </ans> بروئنز اور یو ایس سی ٹروجنز دونوں NCAA ڈویژن I میں پی اے سی 12 کانفرنس میں فیلڈ ٹیمیں ہیں ، اور اسکولوں کے مابین طویل عرصے سے دشمنی ہے۔	بروئنز کس کالج سے تعلق رکھتے ہیں؟	کون سی کمپنی نے یو اے سی سی اے کانفرنس میں فیلڈ کی؟	کون سی کمپنی AsCA اور CACA کے لحاظ سے چلتی ہے؟
uqa_valid	UCLA Bruins اور USC <ans> Trojans </ans> دونوں NCAA ڈویژن I میں Pac-12 کانفرنس میں فیلڈ ٹیمیں ہیں ، اور اسکولوں کے مابین طویل عرصے سے دشمنی ہے۔	یو ایس سی کی ٹیم کا نام کیا ہے؟	CAAA ڈویژن کا مخفف کیا ہے؟	NCAA کا مخفف کیا ہے؟
uqa_valid	UCLA Bruins اور USC Trojans دونوں NCAA ڈویژن I میں <ans> پیک 12 </ans> کانفرنس میں فیلڈ ٹیمیں ہیں ، اور اسکولوں کے مابین طویل عرصے سے دشمنی ہے۔	جنوبی کیلی فورنیا کی ٹیمیں کس کانفرنس میں کھیلتی ہیں؟	UCAAA اور CAAA میں کتنے پب ہیں؟	UCAA اور CAAA میں کتنے پب ہیں؟
uqa_valid	UCLA Bruins اور USC Trojans دونوں NCAA ڈویژن I میں <ans> پی اے سی 12 </ans> کانفرنس میں فیلڈ ٹیمیں ہیں ، اور اسکولوں کے مابین طویل عرصے سے دشمنی ہے۔	جنوبی کیلی فورنیا کی ٹیمیں کس کانفرنس میں کھیلتی ہیں؟	UCAAA اور CACA کس قسم کے کھیلوں میں فیلڈ ہے؟	UCAA ڈویژن کس ڈویژن میں واقع ہے؟
uqa_valid	UCLA Bruins اور USC Trojans دونوں NCAA <ans> ڈویژن I </ans> میں Pac-12 کانفرنس میں فیلڈ ٹیمیں ہیں ، اور اسکولوں کے مابین طویل عرصے سے دشمنی ہے۔	درج دو ٹیمیں کس این سی اے اے گروپ کے لئے کھیلتی ہیں؟	UCAAA کا سابقہ نام کیا ہے؟	UCAAA کس شہر میں واقع ہے؟
uqa_valid	<ans> رگبی </ans> جنوبی کیلیفورنیا میں بھی ایک بڑھتا ہوا کھیل ہے ، خاص طور پر ہائی اسکول کی سطح پر ، اسکولوں کی بڑھتی ہوئی تعداد میں رگبی کو سرکاری اسکول کھیل کے طور پر شامل کیا گیا ہے۔	جنوبی کیلی فورنیا میں ایک بڑھتی ہوئی کھیل کیا ہے؟	جنوبی امریکہ میں کون سا سیکشن کھیل کھیلا جاتا ہے؟	واشنگٹن یونیورسٹی میں کون سا کھیل کھیلا جاتا ہے؟
uqa_valid	رگبی جنوبی کیلیفورنیا میں بھی ایک بڑھتا ہوا کھیل ہے ، خاص طور پر <ans> ہائی اسکول </ans> کی سطح پر ، اسکولوں کی بڑھتی ہوئی تعداد میں رگبی کو سرکاری اسکول کھیل کے طور پر شامل کیا گیا ہے۔	تعلیم کی کس سطح پر یہ کھیل زیادہ مقبول ہو رہا ہے؟	کون سا اسکول فٹ بال کے لئے سرکاری اسکولوں کے طور پر شامل کیا گیا ہے؟	کون سا اسکول سرکاری اسکولوں کو سرکاری اسکولوں کے طور پر شامل کرتا ہے؟
uqa_valid	رگبی جنوبی کیلیفورنیا میں بھی ایک بڑھتا ہوا کھیل ہے ، خاص طور پر ہائی اسکول کی سطح پر ، اسکولوں کی بڑھتی ہوئی تعداد میں رگبی کو <ans> سرکاری اسکول کھیل </ans> کے طور پر شامل کیا گیا ہے۔	ہائی اسکولوں کے ساتھ رگبی تیزی سے کیا بن رہا ہے؟	کون سا سرکاری اسکولوں میں نارتھ ویسٹ کی تعداد میں اضافہ ہوا ہے؟	کس قسم کی سرکاری اسکولوں کو ہائی اسکول میں شامل کیا گیا ہے؟
uqa_valid	جنوبی کیلیفورنیا میں رگبی بھی ایک بڑھتا ہوا کھیل ہے ، خاص طور پر ہائی اسکول کی سطح پر ، اسکولوں کی بڑھتی ہوئی تعداد میں رگبی کو <ans> سرکاری اسکول </ans> کھیل کے طور پر شامل کیا گیا ہے۔	ہائی اسکولوں کے ساتھ رگبی تیزی سے کیا بن رہا ہے؟	اسکولوں میں کس قسم کی سرکاری اسکول شامل ہے؟	کس قسم کی سرکاری اسکولوں کو ہائی اسکول میں شامل کیا گیا ہے؟
uqa_valid	نومبر 1990 میں اسکائی ٹیلی ویژن اور برٹش سیٹلائٹ براڈکاسٹنگ کے مساوی انضمام کے ذریعہ تشکیل دیا گیا ، <ans> بی ایس اسکائی بی </ans> برطانیہ کی سب سے بڑی ڈیجیٹل سبسکرپشن ٹیلی ویژن کمپنی بن گئی۔	اسکائی ٹیلی ویژن اور برٹش سیٹلائٹ براڈکاسٹنگ کے انضمام سے کون سی کمپنی تشکیل دی گئی؟	کون سا کوئین ممبر سب سے بڑی ڈیجیٹل ٹیلی ویژن نیٹ ورک بن گیا؟	سب سے بڑی ڈیجیٹل ٹیلی ویژن کمپنی کون سی تھی؟
uqa_valid	نومبر 1990 میں اسکائی ٹیلی ویژن اور برٹش سیٹلائٹ براڈکاسٹنگ کے مساوی انضمام کے ذریعہ تشکیل دیا گیا ، <ans> بی ایس اسکائی بی </ans> برطانیہ کی سب سے بڑی ڈیجیٹل سبسکرپشن ٹیلی ویژن کمپنی بن گئی۔	برطانیہ کی سب سے بڑی ڈیجیٹل سبسکرپشن ٹیلی ویژن کمپنی کون ہے؟	کون سا کوئین ممبر سب سے بڑی ڈیجیٹل ٹیلی ویژن نیٹ ورک بن گیا؟	سب سے بڑی ڈیجیٹل ٹیلی ویژن کمپنی کون سی تھی؟
uqa_valid	اسکائی اٹلیہ کے بی ایس کے بی کے <ans> 2014 </ans> حصول اور نومبر 2014 میں اسکائی ڈوئچلینڈ میں اکثریت 90.	کس سال BSkyB نے اسکائی اٹلی کا حصول کیا؟	اسکائی کے کتنے بی ایس بی کے پاس تھے؟	اسکائیہہ کے بی ایس بی کے بی ایس بی کے کتنے ممبر تھے؟
uqa_valid	04% اکثریت کے مفاد کے بعد ، اس کی ہولڈنگ کمپنی برٹش اسکائی براڈکاسٹنگ گروپ پی ایل سی نے اپنا نام <ans> اسکائی پی ایل سی </ans> میں تبدیل کردیا۔	BSkyB کے لئے ہولڈنگ کمپنی کا نام کیا ہے؟	پی سی ایل پی سی نے اپنا نام تبدیل کر دیا؟	پی سی ایل پی سی نے اپنا نام کس نام سے تبدیل کیا؟
uqa_valid	04% اکثریت کے مفاد کے بعد ، اس کی ہولڈنگ کمپنی <ans> برٹش اسکائی براڈکاسٹنگ گروپ پی ایل سی </ans> نے اپنا نام اسکائی پی ایل سی میں تبدیل کردیا۔	BSkyB کے لئے ہولڈنگ کمپنی کا نام کیا ہے؟	کون سی کمپنی نے اپنا نام پی سی پی سی کے نام پر تبدیل کر لیا؟	کون سی کمپنی کمپنی نے اپنا نام پی سی پی سی میں تبدیل کر دیا؟
uqa_valid	برطانیہ کی کارروائیوں نے کمپنی کا نام برٹش اسکائی براڈکاسٹنگ لمیٹڈ سے <ans> اسکائی یوکے لمیٹڈ </ans> میں تبدیل کردیا ، جو اب بھی اسکائی کے طور پر تجارت کرتی ہے۔	BSkyB کے لئے برطانیہ کے آپریشن کا نام کیا ہے؟	برطانیہ نے برطانوی کمپنی کے نام سے کیا تبدیل کیا؟	برطانیہ نے برطانوی کمپنی کے نام سے کیا تبدیل کیا؟
uqa_valid	مئی <ans> 2006 </ans> میں ، آئرش براڈکاسٹر سیٹنٹا اسپورٹس کو چھ پریمیئر لیگ پیکجوں میں سے دو سے نوازا گیا جو انگریزی ایف اے نے براڈکاسٹروں کو پیش کیا۔	کس سال سیٹانتا اسپورٹس کو براڈکاسٹ کرنے کے لئے پرائمیر لیگ کے حقوق سے نوازا گیا تھا؟	کس سال میں آئرش رگبی کلب نے ایرینا فٹ بال لیگوں کو شکست دی؟	اے ایف سیٹا کس سال تشکیل دیا گیا تھا؟
uqa_valid	مئی 2006 میں ، آئرش براڈکاسٹر سیٹنٹا اسپورٹس کو چھ پریمیئر لیگ پیکجوں میں سے <ans> دو </ans> سے نوازا گیا جو انگریزی ایف اے نے براڈکاسٹروں کو پیش کیا۔	نشریاتی اداروں کے لئے دستیاب چھ کل پیکجوں میں سے کتنے سیٹانٹا کو دیا گیا تھا؟	2006 میں آئرش ایف سی نے کتنے فٹ بال کلب کو عبور کیا؟	2006 میں آئرش ایف سی نے کتنے فٹ بال لیگوں کو عبور کیا؟
uqa_valid	<ans> اسکائی </ans> نے باقی چار کو £ 1.	براڈکاسٹروں کے لئے دستیاب باقی 4 پیکجوں کو کس نے خریدا؟	کس نے باقی چار کو باقی حصوں کو آزاد کرنے کے لئے چارلوی کو اپنایا؟	کس نے باقی حصوں کو آزاد کیا؟
uqa_valid	اکتوبر 2005 سے پہلے ، اس پلیٹ فارم پر <ans> تین </ans> BSkyB چینلز دستیاب تھے: اسکائی نیوز ، اسکائی تھری ، اور اسکائی اسپورٹس نیوز۔	کتنے BSkyB چینلز اکتوبر 2005 سے پہلے گاہکوں کے لئے دستیاب تھے؟	2005 میں پہلے کتنے فارمز تھے؟	2005 کے پہلے ہفتے میں کتنے فارمولا تھے؟
uqa_valid	تاہم ، اس کی جگہ 31 اکتوبر 2005 کو <ans> سکائی تھری </ans> نے لے لی ، جسے بعد میں 2011 میں 'پک ٹی وی' کے نام سے دوبارہ برانڈ کیا گیا۔	کس چینل نے اسکائی ٹریول کی جگہ لے لی؟	2011 میں کینے کی جگہ کس نے لے لی؟	2011 میں کینے کی جگہ کس نے لے لی؟
uqa_valid	تاہم ، اس کی جگہ 31 اکتوبر 2005 کو اسکائی تھری نے لے لی ، جسے بعد میں 2011 میں <ans> پک ٹی وی </ans> کے نام سے دوبارہ برانڈ کیا گیا تھا۔	اسکائی ٹریول کو بعد میں کس نام سے تبدیل کیا گیا؟	2005 میں اسکائی کی جگہ کس نے لے لی؟	2005 میں اسکائی کو کس نام سے دوبارہ برانڈ کیا گیا تھا؟
uqa_valid	BSkyB نے ابتدائی طور پر اپنی خدمت کے ساتھ <ans> اسکائی + PVR </ans> استعمال کرنے کے لئے اضافی سبسکرپشن فیس وصول کی۔	BSkyB نے کس سروس کے لئے اضافی سبسکرپشن فیس چارج کی؟	تخفیک نے ابتدائی طور پر کس قسم کے میڈیا کے لئے سب سے زیادہ قرض لیا؟	SSSkyny نے ابتدائی طور پر کیا استعمال کیا؟
uqa_valid	<ans> ستمبر 2007 </ans> میں ، اسکائی اسکائی نے اسکائی + کے طور پر خواتین کو نشانہ بنانے کے لئے ایک نئی ٹی وی مہم کا آغاز کیا۔	اسکائی نے خواتین کی طرف نشانہ بنانے والی ٹی وی اشتہاری مہم کب شروع کی؟	اسکائی نے اسکائی کے لئے نئے منصوبے کے آغاز کے آغاز کے آغاز میں کب ایک نئے ٹی وی وی شروع کیا؟	اسکائی نے اسکائی کے لئے ایک نئے ٹی وی مہم کا آغاز کب کیا؟
uqa_valid	<ans> مارچ 3 ، 2008 اسکائی + ایچ ڈی </ans> کے طور پر اسکائی + ایچ ڈی کو معیاری کے طور پر جاری کیا۔	اسکائی نے خواتین کی طرف نشانہ بنانے والی ٹی وی اشتہاری مہم کب شروع کی؟	اسکائی ایچ ڈی کو معیاری طور پر کس طرح دیکھا گیا تھا؟	اسکائی ایچ ڈی کو معیاری طور پر کس طرح دیکھا گیا تھا؟
uqa_valid	اسکائی + کے چینلز کو سبسکرپٹ نہ کرنے والے صارفین اب بھی اسکائی + کے افعال کو چالو کرنے کے لئے <ans> ماہانہ فیس </ans> ادا کرسکتے ہیں۔	اگر وہ BSkyB کے چینلز کو سبسکرائب نہیں کرتے ہیں تو صارفین کو اسکائی + افعال حاصل کرنے کی اجازت دیتا ہے؟	اسکائی کے لئے سب سے زیادہ استعمال ہونے والے صارفین کو کیا کہا جاتا ہے؟	کسی بھی شخص کو سب سے زیادہکرسکر کے اختیارات کے طور پر کیا ادا کیا جاتا ہے؟
uqa_valid	<ans> جنوری 2010 </ans> میں BSkyB نے اسکائی + باکس کو بند کردیا ، معیاری اسکائی + باکس کو صرف ملٹی روم اپ گریڈ تک محدود کردیا اور اسکائی + ایچ ڈی کو معیاری کے طور پر جاری کرنا شروع کردیا ، اس طرح تمام نئے صارفین کو اسکائی + کے افعال فراہم کیے۔	BSkyB نے اسکائی + باکس کو کب بند کردیا؟	کس سال میں NMShays نے اسکائی لائن کو بند کر دیا؟	کس سال میں صارفین نے اسکائی فال بیک کو بند کر دیا؟
uqa_valid	<ans> جنوری 2010 میں </ans> BSkyB نے اسکائی + باکس کو بند کردیا ، معیاری اسکائی + باکس کو صرف ملٹی روم اپ گریڈ تک محدود کردیا اور اسکائی + ایچ ڈی کو معیاری کے طور پر جاری کرنا شروع کردیا ، اس طرح تمام نئے صارفین کو اسکائی + کے افعال فراہم کیے۔	BSkyB نے اسکائی + باکس کو کب بند کردیا؟	کس سال میں HMSyM کو بند کر دیا گیا تھا؟	کس سال میں HMSyM کو بند کر دیا گیا تھا؟
uqa_valid	<ans> فروری 2011 </ans> میں ، BSkyB نے اپنے ملٹی بوکس کے غیر ایچ ڈی ورژن کو بند کردیا ، جس میں اسکائی + ایچ ڈی باکس کا ایک چھوٹا ورژن پیش کیا گیا تھا جس میں اسکائی + کی فعالیت نہیں تھی۔	BSkyB نے اسکائی + باکس کو کب بند کردیا؟	جب sksksks کے ساتھ ایک ایچ ڈی ورژن بند کر دیا؟	کس سال میں SSkys کے لئے ایچ ڈی ورژن کا استعمال کیا گیا تھا؟
uqa_valid	جنوری 2010 میں BSkyB نے اسکائی + باکس کو بند کردیا ، معیاری اسکائی باکس کو صرف ملٹی روم اپ گریڈ تک محدود کردیا اور <ans> اسکائی + ایچ ڈی </ans> کو معیاری کے طور پر جاری کرنا شروع کردیا ، اس طرح تمام نئے صارفین کو اسکائی + کے افعال ملتے ہیں۔	اسکائی پلس باکس کی جگہ کیا لے لیا؟	کون سی کمپنی نے 2010 میں اسکائی فال کو معیاری بنایا؟	کون سی کمپنی نے 2010 میں اسکائی فال کو معیاری بنایا؟
uqa_valid	BSkyB NDS ، سسکو سسٹمز کمپنی کی ملکیت <ans> ویڈیو گارڈ </ans> پے ٹی وی سکریبلنگ سسٹم کا استعمال کرتا ہے۔	بی ایس کائی بی کے ذریعہ استعمال ہونے والے ٹی وی سکریبلنگ سسٹم کا نام کیا ہے؟	سپ سسٹمز کس قسم کا پے سسٹم استعمال کرتا ہے؟	کون سا ویڈیو کانفرنسنگ سسٹم چلاتا ہے؟
uqa_valid	BSkyB NDS ، سسکو سسٹمز کمپنی کی ملکیت <ans> ویڈیو گارڈ پے ٹی وی </ans> سکریبلنگ سسٹم کا استعمال کرتا ہے۔	بی ایس کائی بی کے ذریعہ استعمال ہونے والے ٹی وی سکریبلنگ سسٹم کا نام کیا ہے؟	S سسٹم کا مخفف کیا ہے؟	ESS سسٹم کا مخفف کیا ہے؟
uqa_valid	BSkyB <ans> NDS </ans> ، سسکو سسٹمز کمپنی کی ملکیت میں ویڈیو گارڈ پے ٹی وی سکریبلنگ سسٹم کا استعمال کرتا ہے۔	ویڈیو گارڈ کی ملکیت کس کی ہے؟	سفا سسٹم کس قسم کا ادارہ ہے؟	ASI سسٹم کس قسم کی ٹیکنالوجی کا استعمال کرتا ہے؟
uqa_valid	BSkyB <ans> سسکو سسٹمز </ans> کمپنی این ڈی ایس کی ملکیت میں ویڈیو گارڈ پے ٹی وی سکریبلنگ سسٹم کا استعمال کرتا ہے۔	این ڈی ایس کی پیرنٹ کمپنی کون ہے؟	کون سا نظام NARS سسٹم کی ملکیت میں استعمال کیا جاتا ہے؟	SNS کا مخفف کیا ہے؟
uqa_valid	BSkyB NDS ، ایک <ans> سسکو سسٹمز کمپنی </ans> کی ملکیت میں ویڈیو گارڈ پے ٹی وی سکریبلنگ سسٹم کا استعمال کرتا ہے۔	این ڈی ایس کی پیرنٹ کمپنی کون ہے؟	SRSASS سسٹم کس کمپنی کی ملکیت ہے؟	WSSky کس قسم کی کمپنی کا استعمال کرتا ہے؟
uqa_valid	<ans> BSkyB </ans> کے پاس ان کی خدمت وصول کرنے کے قابل تمام ڈیجیٹل سیٹلائٹ ریسیورز پر ڈیزائن اتھارٹی ہے۔	ان کے سروس کو استعمال کرنے کے قابل تمام ڈیجیٹل سیٹلائٹ ریسیورز پر ڈیزائن اتھارٹی کون ہے؟	ڈیجیٹل سروسز کے پاس کون سا نظام دستیاب ہے؟	BeiDou نیویگیشن سیٹلائٹ کے پاس کون سی کمپنی ذمہ دار ہے؟
uqa_valid	یہ ذاتی ویڈیو ریکارڈر (پی وی آر) کی پیش کش (برانڈڈ <ans> اسکائی + </ans> ) تک پھیلا ہوا ہے۔	ذاتی ویڈیو ریکارڈر کا نام برانڈ کیا ہے جو BSkyB پیش کرتا ہے؟	'آرڈ ریکارڈنگ میڈیم' کس گانے کی پیش کش کی گئی ہے؟	ویڈیو ریکارڈر کی پیش کش کیا ہے؟
uqa_valid	یہ ذاتی ویڈیو ریکارڈر ( <ans> پی وی آر </ans> ) کی پیش کش (برانڈڈ اسکائی +) تک پھیلا ہوا ہے۔	ذاتی ویڈیو ریکارڈر کا نام برانڈ کیا ہے جو BSkyB پیش کرتا ہے؟	ویڈیو ریکارڈر کس چیز کی پیش کش کی گئی ہے؟	ویڈیو ریکارڈر کا مخفف کیا ہے؟
uqa_valid	<ans> 2007 میں </ans> ، BSkyB اور ورجن میڈیا کیبل ٹی وی پر اسکائی چینلز کی نقل و حمل پر تنازعہ میں ملوث ہوگئے۔	کس سال BSkyB اور ورجن میڈیا نے کیبل ٹی وی پر اسکائی چینلز کی نقل و حمل پر تنازعہ کیا تھا؟	کس سال میں BSkyM اور W میڈیا اکاؤنٹ پر میڈیا کی نقل و حمل کی تنازعہ میں تنازعہ میں کمی آئی؟	کس سال میں BSSky اور WhyMavil پر نشر کیا گیا تھا؟
uqa_valid	این ٹی ایل اور ٹیلی ویسٹ کے ساتھ طے شدہ موجودہ نقل و حمل کے معاہدوں کی تجدید میں ناکامی کے نتیجے میں ورجن میڈیا نے 1 مارچ 2007 کو نیٹ ورک سے <ans> بنیادی چینلز </ans> کو ہٹا دیا۔	مارچ 2007 میں کن چینلز کو نیٹ ورک سے ہٹا دیا گیا تھا؟	نیشنل ٹیلی ویژن نیٹ ورک نے کس نیٹ ورک کو ہٹا دیا؟	نیشنل ٹیلی ویژن نیٹ ورک نے کس نیٹ ورک کو ہٹا دیا؟
uqa_valid	<ans> جولائی 2013 </ans> میں ، انگریزی ہائی کورٹ آف جسٹس نے پایا کہ مائیکروسافٹ نے اسکائی ڈرائیو کی اصطلاح کے استعمال سے اسکائی ٹریڈ مارک کے اسکائی کے حق کی خلاف ورزی کی ہے۔	"انگریزی ہائی کورٹ نے کب مائیکروسافٹ کے اصطلاح ""اسکائی ڈرائیو"" کے استعمال کو اسکائی کے حق کی خلاف ورزی قرار دیا؟"	ہائی وے نے ہائی اسکائی کے اسکائی کے اسکائی کے خلاف اسکائی کے اسکائی کے خلاف کب فیصلہ کیا؟	ہائی وے نے ہائی اسکائی کے اسکائی کے اسکائی کے خلاف کب فیصلہ کیا؟
uqa_valid	<ans> جولائی 2013 میں </ans> ، انگریزی ہائی کورٹ آف جسٹس نے پایا کہ مائیکروسافٹ نے اسکائی ڈرائیو کی اصطلاح کے استعمال نے اسکائی ٹریڈ مارک کے اسکائی کے حق کی خلاف ورزی کی۔	"انگریزی ہائی کورٹ نے کب مائیکروسافٹ کے اصطلاح ""اسکائی ڈرائیو"" کے استعمال کو اسکائی کے حق کی خلاف ورزی قرار دیا؟"	ہائیٹ نے اسکائی کے اسکائی کے اسکائی کے خلاف فیصلہ کب کیا؟	یہ ہائی کورٹ نے اسکائی کے اسکائی کے خلاف فیصلہ کب کیا؟
uqa_valid	27 جنوری 2014 کو ، مائیکروسافٹ نے اعلان کیا کہ اسکائی ڈرائیو جلد ہی <ans> ون ڈرائیو </ans> بن جائے گی اور اسکائی ڈرائیو پرو ون ڈرائیو فار بزنس بن جائے گی۔	مائیکروسافٹ نے کیا اعلان کیا کہ وہ اسکائی ڈرائیو کا نام تبدیل کر دے گا؟	مائیکروسافٹ نے کون سا ڈرائیو بن ڈرائیو، ڈرائیو ڈرائیو، ڈرائیو ڈرائیو، اسکائی ڈرائیو اور ڈرائیو ڈرائیو کے ساتھ ساتھ، کون سا ڈرائیو قابل اعتماد ڈرائیو بن جائے گا؟	مائیکروسافٹ کے ساتھ ساتھ، اسکائی ڈرائیوز نے کون سا عہدہ سنبھالا؟
uqa_valid	27 جنوری 2014 کو ، مائیکروسافٹ نے اعلان کیا کہ اسکائی ڈرائیو جلد ہی ون ڈرائیو بن جائے گی اور اسکائی ڈرائیو پرو <ans> ون ڈرائیو فار بزنس </ans> بن جائے گی۔	مائیکروسافٹ نے کیا اعلان کیا کہ وہ اسکائی ڈرائیو پرو کا نام تبدیل کر دے گا؟	مائیکروسافٹ نے اسکائی ڈرائیو ڈرائیو ڈرائیو ڈرائیو اور ڈرائیو ڈرائیو ڈرائیو ڈرائیو کے ساتھ ڈرائیونگ کے ساتھ کیا کیا؟	مائیکروسافٹ نے اسکائی ڈرائیو ڈرائیو کے ساتھ کیا کیا؟
uqa_valid	سروس 1 ستمبر 1993 کو اس وقت کے چیف ایگزیکٹو آفیسر ، <ans> سم چیشولم </ans> اور روپرٹ مرڈوک کے خیال کی بنیاد پر شروع ہوئی ، جس میں کمپنی کی کاروباری حکمت عملی کو مکمل طور پر فیس پر مبنی تصور میں تبدیل کرنے کا خیال تھا۔	سروس شروع ہونے پر چیف ایگزیکٹو آفیسر کون تھا؟	کس نے ٹائمز کو ڈیل کے طور پر مبنی کرنے کے لئے ایک ایگزیکٹو تصور کی؟	جی ایٹک کی بنیاد کس نے رکھی؟
uqa_valid	سروس 1 ستمبر 1993 کو اس وقت کے چیف ایگزیکٹو آفیسر ، <ans> سم چیشولم اور روپرٹ مرڈوک </ans> کے خیال کی بنیاد پر شروع ہوئی ، جس میں کمپنی کی کاروباری حکمت عملی کو مکمل طور پر فیس پر مبنی تصور میں تبدیل کرنے کا خیال تھا۔	سروس شروع ہونے پر چیف ایگزیکٹو آفیسر کون تھا؟	کون سے دو ایگزیکٹو نے اس وقت کی بنیاد پر مبنی کیا؟	کون سی کمپنی نے ڈیل کی بنیاد حکمت عملی کو متاثر کیا؟
uqa_valid	نئے پیکیج میں چار چینلز شامل تھے جو پہلے مفت میں دستیاب تھے ، <ans> اسٹرا </ans> کے سیٹلائٹ پر نشریات کے ساتھ ساتھ نئے چینلز متعارف کروائے گئے۔	نئے فری ٹو ایئر چینلز کس کے سیٹلائٹ سے نشر کیے جائیں گے؟	نئے نئے 360 کے ساتھ ساتھ، نئے نئے اسٹیشنوں میں نئے اضافے کے نئے نئے ورژن کے ساتھ ساتھ ، نئی نئے فارمیٹ میں نئے اضافے کے نئے نئے فارمیٹ میں نئے اضافے کا نیا نام کیا تھا؟	نئے 360 کے ساتھ ساتھ، کون سا نئے 360 نئے نئے اسٹیشنوں پر نئے متعارف کرایا گیا تھا؟
uqa_valid	نئے پیکیج میں چار چینلز شامل تھے جو پہلے مفت میں دستیاب تھے ، <ans> اسٹرا کے سیٹلائٹ </ans> پر نشریات کے ساتھ ساتھ نئے چینلز متعارف کروائے گئے۔	نئے فری ٹو ایئر چینلز کس کے سیٹلائٹ سے نشر کیے جائیں گے؟	نئے نئے سیٹلائٹ کے ساتھ ساتھ ، نئی نئے فارمیٹ میں نئے نشریات کے نئے نئے نظام میں کیا شامل تھا؟	نئے 360 میں نئے متعارف کرائے گئے تھے جو سیٹلائٹ کے ساتھ سیٹلائٹ کے ساتھ ساتھ ، کون سا فارمیٹ نئے متعارف کرایا گیا تھا؟
uqa_valid	اسکائی ڈیجیٹل پلیٹ فارم کے آغاز اور توسیع کی وجہ سے <ans> 27 ستمبر 2001 </ans> کو بی ایس کی بی کی ینالاگ سروس بند ہونے تک سروس جاری رہی۔	BSkyB نے اپنی ینالاگ سروس کب ختم کی؟	اسکائی بی ایس بی کی بی سروس بند سروس کب بند ہوئی؟	بی ایس بی کی بی سروس بند سروس کب بند ہوئی؟
uqa_valid	اسکائی ڈیجیٹل پلیٹ فارم کے آغاز اور توسیع کی وجہ سے 27 <ans> ستمبر 2001 </ans> کو بی ایس کی بی کی ینالاگ سروس بند ہونے تک سروس جاری رہی۔	BSkyB نے اپنی ینالاگ سروس کب ختم کی؟	اسکائی ایس بی کی بی سروس کی سروس سروس کب بند ہوئی؟	اسکائی ایس بی کی بی سروس کی تقسیم سروس کب بند ہوئی؟
uqa_valid	سروس 27 ستمبر 2001 کو <ans> اسکائی ڈیجیٹل </ans> پلیٹ فارم کے آغاز اور توسیع کی وجہ سے BSkyB کی ینالاگ سروس کے بند ہونے تک جاری رہی۔	کس پلیٹ فارم نے BSkyB کو اپنی ینالاگ سروس ختم کرنے کا سبب بنایا؟	پلیٹ فارم کس پلیٹ فارم پلیٹ فارم پلیٹ فارم کے پلیٹ فارم کے لئے دستیاب تھا؟	پلیٹ فارم کس پلیٹ فارم پلیٹ فارم پلیٹ فارم کے پلیٹ فارم تک جاری رہا؟
uqa_valid	سروس 27 ستمبر 2001 کو <ans> اسکائی ڈیجیٹل پلیٹ فارم </ans> کے آغاز اور توسیع کی وجہ سے BSkyB کی ینالاگ سروس کے بند ہونے تک جاری رہی۔	کس پلیٹ فارم نے BSkyB کو اپنی ینالاگ سروس ختم کرنے کا سبب بنایا؟	کس کمپنی نے 1979 میں توسیع کی؟	کون سی پلیٹ فارماسی کمپنی کے لئے ذمہ دار تھی؟
uqa_valid	اسکائی یوکے لمیٹڈ (سابقہ برٹش اسکائی براڈکاسٹنگ یا <ans> بی ایس اسکائی بی </ans> ) ایک برطانوی ٹیلی کمیونیکیشن کمپنی ہے جو برطانیہ کی خدمت کرتی ہے۔	اسکائی یوکے لمیٹڈ پہلے کس نام سے جانا جاتا تھا؟	اسکائی یو یو کا مخفف کیا ہے؟	یو بی یو کا مخفف کیا ہے؟
uqa_valid	اسکائی یوکے لمیٹڈ (پہلے <ans> برطانوی اسکائی براڈکاسٹنگ </ans> یا بی ایس کی بی) ایک برطانوی ٹیلی کمیونیکیشن کمپنی ہے جو برطانیہ کی خدمت کرتی ہے۔	اسکائی یوکے لمیٹڈ پہلے کس نام سے جانا جاتا تھا؟	بی یو یو کا مخفف کیا ہے؟	بی یو یو کا مخفف کیا ہے؟
uqa_valid	اسکائی یوکے لمیٹڈ (سابقہ برٹش اسکائی براڈکاسٹنگ یا بی ایس کی بی) ایک برطانوی <ans> ٹیلی کمیونیکیشن </ans> کمپنی ہے جو برطانیہ کی خدمت کرتی ہے۔	اسکائی یوکے لمیٹڈ کس قسم کی کمپنی ہے؟	بی یو یو کس قسم کا کمپنی ہے؟	بی آئی یو کا مخفف کیا ہے؟
uqa_valid	اسکائی یوکے لمیٹڈ (سابقہ برٹش اسکائی براڈکاسٹنگ یا بی ایس کی بی) ایک <ans> برطانوی ٹیلی کمیونیکیشن کمپنی </ans> ہے جو برطانیہ کی خدمت کرتی ہے۔	اسکائی یوکے لمیٹڈ کس قسم کی کمپنی ہے؟	اسکائی یو یو کے ساتھ ساتھ ، یو ایس بی یو بی بی کا مخفف کیا ہے؟	اسکائی یو یو کا مخفف کیا ہے؟
uqa_valid	یہ برطانیہ کا سب سے بڑا پے ٹی وی براڈکاسٹر ہے جس میں <ans> 11 ملین </ans> صارفین ہیں۔	اسکائی یوکے لمیٹڈ کے کتنے گاہک ہیں جو 2015 تک پے ٹی وی براڈکاسٹر ہیں؟	برطانیہ میں سب سے بڑا پے والا ٹیلی ویژن نیٹ ورک کتنا ہے؟	برطانیہ میں سب سے بڑا پے والا ٹیلی ویژن نیٹ ورک کتنا ہے؟
uqa_valid	یہ برطانیہ کا سب سے بڑا پے ٹی وی براڈکاسٹر ہے جس میں <ans> 11 ملین صارفین </ans> ہیں۔	اسکائی یوکے لمیٹڈ کے کتنے گاہک ہیں جو 2015 تک پے ٹی وی براڈکاسٹر ہیں؟	برطانیہ میں سب سے بڑا پے والا ٹی وی شو کتنا ہے؟	برطانیہ کا سب سے بڑا پے والا کتنا ہے؟
uqa_valid	اپریل 2007 میں <ans> فری ویو </ans> نے اسے پیچھے چھوڑنے تک یہ برطانیہ کی سب سے مشہور ڈیجیٹل ٹی وی سروس تھی۔	کون سی دوسری ڈیجیٹل ٹی وی سروس نے اسکائی یوکے لمیٹڈ کی سب سے مشہور جگہ لے لی؟	کس نے الزبتھ کو برطانیہ میں سب سے مشہور ڈیجیٹل ٹی وی سروس فراہم کیا؟	برطانیہ میں سب سے مشہور ڈیجیٹل ٹی وی سروس کیا تھی؟
uqa_valid	اسکائی کیو رینج میں تین سیٹ ٹاپ باکس (اسکائی کیو ، اسکائی کیو سلور اور اسکائی کیو منی) ، ایک براڈ بینڈ روٹر ( <ans> اسکائی کیو ہب </ans> ) اور موبائل ایپلی کیشنز شامل ہیں۔	اسکائی کیو کے براڈ بینڈ روٹر کا نام کیا ہے؟	بینڈ بینڈ کا ایک اور نام کیا ہے؟	بینڈ بینڈ کا ایک اور نام کیا ہے؟
uqa_valid	اسکائی کیو منی سیٹ ٹاپ باکسز <ans> اسکائی کیو سلور سیٹ ٹاپ باکسز </ans> سے وائی فائی یا پاور لائن کنکشن کے ساتھ منسلک ہوتے ہیں بجائے اپنے سیٹلائٹ فیڈ وصول کریں۔	اسکائی کیو منی سیٹ ٹاپ بکس کس سے جڑنے کے قابل ہیں؟	اسکائی فالو کے ساتھ ساتھ ، کون سے دوسرے نیٹ ورک کو اکثر اپنے آپ کو منسلک کرنے کے لئے تیار کیا جاتا ہے؟	اسکائی فالو کے ساتھ ساتھ ، کون سی دوسری کیبل کمپنی کے ساتھ منسلک ہے؟
uqa_valid	اسکائی کیو منی سیٹ ٹاپ باکسز <ans> اسکائی کیو سلور سیٹ ٹاپ باکسز </ans> سے منسلک ہوتے ہیں جس میں وائی فائی یا پاور لائن کنکشن ہوتا ہے بجائے اس کے کہ وہ اپنے سیٹلائٹ فیڈ وصول کریں۔	اسکائی کیو منی سیٹ ٹاپ بکس کس سے جڑنے کے قابل ہیں؟	اسکائیوز کس چیز سے منسلک ہوتے ہیں؟	اسکائی فالوز کس چیز سے منسلک ہوتے ہیں؟
uqa_valid	اسکائی کیو منی سیٹ ٹاپ باکسز <ans> اسکائی کیو سلور </ans> سیٹ ٹاپ باکسز سے وائی فائی یا پاور لائن کنکشن کے ساتھ منسلک ہوتے ہیں بجائے اپنے سیٹلائٹ فیڈ وصول کریں۔	اسکائی کیو منی سیٹ ٹاپ بکس کس سے جڑنے کے قابل ہیں؟	اسکائی ڈرائیوز کے ساتھ ساتھ ، کون سی دوسری خصوصیت یونیورسل کے ساتھ منسلک ہے؟	اسکائی ڈرائیوز کے ساتھ ساتھ ، کون سے سیٹ اپز کے ساتھ منسلک ہوتے ہیں؟
uqa_valid	اس سے گھر کے تمام سیٹ ٹاپ باکسز کو <ans> ریکارڈنگز </ans> اور دیگر میڈیا کا اشتراک کرنے کی اجازت ملتی ہے۔	مختلف اسکائی کیو بکسوں کو جوڑنے سے وہ کیا کر سکتے ہیں؟	تمام مدمقابلوں کے ساتھ تمام مدمقابلوں کو کیا کرنے کی اجازت ہے؟	گھر کے تمام مدمقابلوں کے ساتھ ساتھ، کون سے دوسرے فرقوں کو گھر کے ساتھ کھیلنے کی اجازت ہے؟
uqa_valid	اس سے گھر میں تمام سیٹ ٹاپ باکسز <ans> ریکارڈنگ اور دیگر میڈیا کا اشتراک </ans> کرسکتے ہیں۔	مختلف اسکائی کیو بکسوں کو جوڑنے سے وہ کیا کر سکتے ہیں؟	تمام سامورائیوں کے پاس کیا ہے؟	تمام سامورائیوں میں سے تمام کیا ہیں؟
uqa_valid	اسکائی کیو سلور سیٹ ٹاپ باکس یو ایچ ڈی نشریات وصول کرنے اور ظاہر کرنے کے قابل ہے ، جسے اسکائی بعد میں <ans> 2016 </ans> متعارف کرائے گا۔	اسکائی کب یو ایچ ڈی نشریات متعارف کرانے جا رہا ہے؟	اسکائی کیوشوو ڈی کی نشریات کس سال متعارف کرایا گیا تھا؟	اسکائی فالو کی طرف سے متعارف کرایا گیا تھا کہ اسکائی ورژن کس سال متعارف کرایا گیا تھا؟
uqa_valid	18 نومبر 2015 کو ، اسکائی نے اسکائی کیو کا اعلان کیا ، جو مصنوعات اور خدمات کی ایک رینج ہے جو <ans> 2016 </ans> میں دستیاب ہوگی۔	اسکائی کیو کی نئی مصنوعات کب دستیاب ہوں گی؟	اسکائی کیو کیو کا اعلان کب دستیاب کیا گیا تھا؟	اسکائی نے کس سال دستیابو دستیابو کا اعلان کیا؟
uqa_valid	18 نومبر 2015 کو ، اسکائی نے اسکائی کیو ، مصنوعات اور خدمات کی ایک رینج کا اعلان کیا جو <ans> 2016 میں </ans> دستیاب ہوگا۔	اسکائی کیو کی نئی مصنوعات کب دستیاب ہوں گی؟	اسکائی نے کس سال دستیابو کی خدمات حاصل کی؟	اسکائی نے خدمات کی خدمات کو کب دستیاب کیا؟
uqa_valid	BSkyB کی معیاری تعریف نشریات <ans> DVB-compliant MPEG-2 </ans> میں ہیں ، جس میں اسکائی موویز اور اسکائی باکس آفس چینلز میں حالیہ فلموں کے لئے اختیاری ڈولبی ڈیجیٹل ساؤنڈ ٹریک شامل ہیں ، حالانکہ یہ صرف اسکائی + باکس کے ساتھ قابل رسائی ہیں۔	BSkyB کی سٹینڈرڈ ڈیفی نشریات کس کے مطابق ہیں؟	موجودہ سیٹ کہاں سیٹ کی جاتی ہے؟	VSkylky کی معیاری تعریف کیا ہے؟
uqa_valid	BSkyB کی معیاری تعریف نشریات DVB کے مطابق <ans> MPEG-2 </ans> میں ہیں ، جس میں اسکائی موویز اور اسکائی باکس آفس چینلز میں حالیہ فلموں کے لئے اختیاری ڈولبی ڈیجیٹل ساؤنڈ ٹریک شامل ہیں ، حالانکہ یہ صرف اسکائی + باکس کے ساتھ قابل رسائی ہیں۔	BSkyB کی سٹینڈرڈ ڈیفی نشریات کس کے مطابق ہیں؟	ACSkylky کی وضاحت معیاری کیا ہے؟	VSkylky کی وضاحت معیاری کیا ہے؟
uqa_valid	BSkyB کی معیاری تعریف نشریات DVB-compliant MPEG-2 میں ہیں ، جس میں اسکائی موویز اور اسکائی باکس آفس چینلز میں حالیہ فلموں کے لئے اختیاری <ans> ڈولبی ڈیجیٹل </ans> ساؤنڈ ٹریک شامل ہیں ، حالانکہ یہ صرف اسکائی + باکس کے ساتھ قابل رسائی ہیں۔	اسکائی موویز اور اسکائی باکس آفس میں کیا اختیاری ساؤنڈ ٹریک بھی شامل ہیں؟	کون سی مشہور فلم میں ٹی بی ایم ٹی وی کی خصوصیت ہے؟	کس قسم کے ساؤنڈ ٹریک میں ٹی وی اے ٹی وی کے ساتھ کام کیا جاتا ہے؟
uqa_valid	اسکائی + ایچ ڈی مواد <ans> MPEG-4 </ans> کا استعمال کرتے ہوئے نشر کیا جاتا ہے اور زیادہ تر ایچ ڈی مواد DVB-S2 معیار کا استعمال کرتا ہے۔	اسکائی + ایچ ڈی مواد کی نشریات کیا استعمال کر رہی ہے؟	ڈی ایچ ڈی مواد کس مواد کا استعمال کرتے ہوئے استعمال کیا جاتا ہے؟	ڈی ایچ ڈی مواد کا استعمال کرتے ہوئے کیا استعمال کیا جاتا ہے؟
uqa_valid	انٹرایکٹو خدمات اور 7 دن کا ای پی جی ملکیتی <ans> اوپن ٹی وی </ans> سسٹم کا استعمال کرتے ہیں ، جس میں واپسی کے راستے کے لئے موڈیم سمیت سیٹ ٹاپ باکس شامل ہیں۔	اسکائی + ایچ ڈی کون سا ملکیتی نظام استعمال کرتا ہے؟	انٹرسٹیلر اور جی پی جی پی کا استعمال کس نظام کے نظام کا استعمال کرتا ہے؟	انٹرسٹیلر کا استعمال کرنے کے لئے کون سا آلہ استعمال کیا جاتا ہے؟
uqa_valid	اسکائی + ایچ ڈی مواد MPEG-4 کا استعمال کرتے ہوئے نشر کیا جاتا ہے اور زیادہ تر ایچ ڈی مواد <ans> DVB-S2 </ans> معیار کا استعمال کرتا ہے۔	زیادہ تر ایچ ڈی مواد معیاری کے طور پر کیا استعمال کرتا ہے؟	ایچ ڈی مواد کس قسم کا معیار استعمال کرتا ہے؟	ایچ ڈی مواد کس قسم کا معیار استعمال کرتا ہے؟
uqa_valid	BSkyB کی معیاری تعریف نشریات <ans> DVB-compliant MPEG-2 </ans> میں ہیں ، جس میں اسکائی موویز اور اسکائی باکس آفس چینلز میں حالیہ فلموں کے لئے اختیاری ڈولبی ڈیجیٹل ساؤنڈ ٹریک شامل ہیں ، حالانکہ یہ صرف اسکائی + باکس کے ساتھ قابل رسائی ہیں۔	زیادہ تر ایچ ڈی مواد معیاری کے طور پر کیا استعمال کرتا ہے؟	موجودہ سیٹ کہاں سیٹ کی جاتی ہے؟	VSkylky کی معیاری تعریف کیا ہے؟
uqa_valid	جب اسکائی ڈیجیٹل کو <ans> 1998 </ans> میں لانچ کیا گیا تھا تو نئی سروس نے آسٹرا 2 اے سیٹلائٹ کا استعمال کیا جو 28.	اسکائی ڈیجیٹل کب شروع کیا گیا تھا؟	اسکائی ڈیجیٹل کو کس سال لانچ کیا گیا تھا؟	اسکائی ڈیجیٹل کو کس سال لانچ کیا گیا تھا؟
uqa_valid	جب اسکائی ڈیجیٹل کو 1998 میں لانچ کیا گیا تو نئی سروس نے <ans> اسٹرا 2 اے </ans> سیٹلائٹ کا استعمال کیا جو 28.	اسکائی ڈیجیٹل کو لانچ کرتے وقت کون سا سیٹلائٹ استعمال کیا گیا تھا؟	اسکائی ڈیجیٹل کو لانچ کرنے کے لئے کون سا نیا استعمال استعمال کیا گیا تھا؟	اسکائی سروس کو لانچ کرنے کے لئے کیا استعمال کیا گیا تھا؟
uqa_valid	اس کے بعد مزید آسٹرا سیٹلائٹ کے ساتھ ساتھ <ans> Eutelsat's Eurobird 1 </ans> (اب Eutelsat 33C) 28.	کس سیٹلائٹ نے اسکائی ڈیجیٹل کو ایک بالکل نئی ڈیجیٹل سروس شروع کرنے کے قابل بنایا؟	پلیٹ کے ارد گرد سیٹلائٹ کے ساتھ کیا ہوا؟	BeiDou-1 کے ساتھ ساتھ، آسٹرا کے ارد گرد کیا ہے؟
uqa_valid	5 ° E پر ، کمپنی کو ایک نئی مکمل ڈیجیٹل سروس ، اسکائی لانچ کرنے کے قابل بنایا ، جس میں <ans> سینکڑوں </ans> ٹیلی ویژن اور ریڈیو چینلز کو لے جانے کی صلاحیت تھی۔	نئی ڈیجیٹل سروس کتنے ٹیلی ویژن اور ریڈیو چینلز لے سکتی ہے؟	کمپنی کے لانچ کے لئے کتنے ٹیلی ویژن ریڈیو نشریات دستیاب تھے؟	نئی ٹیلی ویژن سروس میں کتنے ٹیلی ویژن اسٹیشن نشر کیے گئے تھے؟
uqa_valid	BSkyB نے اپنی ایچ ڈی ٹی وی سروس ، اسکائی + ایچ ڈی ، کو <ans> 22 مئی 2006 </ans> کو لانچ کیا۔	BSkyB نے اپنی ایچ ڈی ٹی وی سروس کب شروع کی؟	ایچ ڈی ٹی وی ایچ ڈی ایچ ڈی ایچ ڈی ایچ ڈی کب لانچ کیا گیا تھا؟	ایچ ڈی ٹی وی ایچ ڈی ایچ ڈی کب لانچ کیا گیا تھا؟
uqa_valid	BSkyB نے اپنی ایچ ڈی ٹی وی سروس ، اسکائی + ایچ ڈی ، <ans> 22 مئی 2006 کو </ans> لانچ کی۔	BSkyB نے اپنی ایچ ڈی ٹی وی سروس کب شروع کی؟	جب ایچ ڈی Wer Wer Wer Wer Wer Wer Wer Wer Wer Wer Wer Wer Wer Wer Wer Wer Wer Wer W	ایچ ڈی ٹی وی نے ایچ ڈی ایچ ڈی سروس کب لانچ کی؟
uqa_valid	اس کے لانچ سے پہلے ، BSkyB نے دعویٰ کیا کہ <ans> 40،000 </ans> لوگوں نے ایچ ڈی سروس حاصل کرنے کے لئے رجسٹر کیا تھا۔	لانچ سے پہلے ایچ ڈی سروس حاصل کرنے کے لئے کتنے لوگ رجسٹرڈ تھے؟	پہلے لوگوں نے ایچ ڈی کے لئے کتنے لوگوں کو ایچ ڈی سروس حاصل کیا؟	کتنے لوگوں نے ایچ ڈی کے لئے ایچ ڈی سروس حاصل کرنے کی امید کی تھی؟
uqa_valid	لانچ سے ایک ہفتہ پہلے ، افواہیں سامنے آنے لگیں کہ BSkyB کو اپنے سیٹ ٹاپ باکس ( <ans> ایس ٹی بی </ans> ) کے ساتھ سپلائی کے مسائل درپیش ہیں۔	سیٹ ٹاپ باکس کارخانہ دار کا نام کیا تھا جس کے ساتھ بی ایس کائی بی کے مسائل تھے؟	ایک revilllyl کے لئے ایک اور نام کیا ہے؟	XBoyl کے ساتھ ساتھ، کون سا دوسرا سیٹ اپنے آپ کو اپنے سیٹ کے ساتھ ہم آہنگ کرتا ہے؟
uqa_valid	31 مارچ 2012 کو ، اسکائی نے اسکائی + ایچ ڈی کے ساتھ گھروں کی کل تعداد <ans> 4،222،000 </ans> تھی۔	اسکائی نے اعلان کیا کہ مارچ 2012 میں اسکائی + ایچ ڈی والے گھروں کی کل تعداد کتنی تھی؟	اسکائی نے 2012 میں اسکائی کے لئے کتنے لوگوں کی تعداد کی؟	2012-2013 میں اسکائی نے ڈی ایچ ڈی کے درمیان کتنے لوگ رہتے تھے؟
uqa_valid	<ans> 8 فروری 2007 </ans> کو ، بی ایس کے بی نے اپنے تین فری ٹو ایئر ڈیجیٹل زمینی چینلز کو چار سبسکرپشن چینلز کے ساتھ تبدیل کرنے کے اپنے ارادے کا اعلان کیا۔	BSkyB نے کب اعلان کیا کہ وہ اپنے فری ٹو ایئر ڈیجیٹل چینلز کی جگہ لینے کا ارادہ رکھتا ہے؟	بی ایس بی نے اپنے فری نیٹ ورک کو دوبارہ کھولنے کے لئے اپنے آپ کو تبدیل کرنے کا اعلان کب کیا؟	کس تاریخ پر بی ایس بی نے اپنے فری نیٹ ورک کو دوبارہ فروخت کرنے کا اعلان کیا؟
uqa_valid	<ans> 8 فروری 2007 کو </ans> ، بی ایس کے بی نے اپنے تین فری ٹو ایئر ڈیجیٹل زمینی چینلز کو چار سبسکرپشن چینلز کے ساتھ تبدیل کرنے کے اپنے ارادے کا اعلان کیا۔	BSkyB نے کب اعلان کیا کہ وہ اپنے فری ٹو ایئر ڈیجیٹل چینلز کی جگہ لینے کا ارادہ رکھتا ہے؟	بی ایس بی نے اپنے ٹوپشن کو دوبارہ چھشنشنشن کے ساتھ کب تبدیل کیا؟	کس تاریخ پر بی ایس بی نے اپنے فری نیٹ ورک کے ساتھ اپنے تعلقات کو تبدیل کرنے کا اعلان کیا؟
uqa_valid	یہ اعلان ایک دن بعد آیا سیٹنٹا اسپورٹس نے تصدیق کی کہ وہ ڈیجیٹل زمینی پلیٹ فارم پر سبسکرپشن سروس کے طور پر <ans> مارچ </ans> میں لانچ کرے گا ، اور اسی دن این ٹی ایل کی خدمات کو ورجن میڈیا کے طور پر دوبارہ برانڈ کیا گیا۔	سیٹنٹا اسپورٹس نے کہا کہ یہ سبسکرپشن سروس کے طور پر کب لانچ کیا جائے گا؟	کس سال میں ایک دن کے لئے ایک پلیٹ فارم سروس کے طور پر لانچ کیا گیا تھا؟	کس سال میں سونی نے ڈیجیٹل پلیٹ فارم پلیٹ فارم سروس کے طور پر لانچ کیا؟
uqa_valid	یہ اعلان ایک دن بعد آیا سیٹنٹا اسپورٹس نے تصدیق کی کہ وہ ڈیجیٹل زمینی پلیٹ فارم پر سبسکرپشن سروس کے طور پر <ans> مارچ میں </ans> لانچ کرے گا ، اور اسی دن جب این ٹی ایل کی خدمات کو ورجن میڈیا کے نام سے دوبارہ برانڈ کیا گیا۔	سیٹنٹا اسپورٹس نے کہا کہ یہ سبسکرپشن سروس کے طور پر کب لانچ کیا جائے گا؟	ٹی سی ایم نے کس مہینے میں اپنا پلیٹ فارم لانچ کیا؟	ٹی سی نے کس مہینے میں ٹی بی ایم سروس کے طور پر لانچ کیا؟
uqa_valid	یہ اعلان ایک دن بعد آیا سیٹنٹا اسپورٹس نے تصدیق کی کہ وہ مارچ میں <ans> ڈیجیٹل زمینی </ans> پلیٹ فارم پر سبسکرپشن سروس کے طور پر لانچ کرے گا ، اور اسی دن جب این ٹی ایل کی خدمات کو ورجن میڈیا کے نام سے دوبارہ برانڈ کیا گیا۔	سینٹینٹا اسپورٹس کس پلیٹ فارم پر لانچ کرنے کی منصوبہ بندی کر رہا تھا؟	ٹی سی ٹی نے کس پلیٹ فارم سروس کو سروس کے طور پر لانچ کیا؟	کون سا پلیٹ فارم پلیٹ فارم سروس کے طور پر لانچ کیا گیا تھا؟
uqa_valid	یہ اعلان ایک دن بعد آیا سیٹنٹا اسپورٹس نے تصدیق کی کہ وہ مارچ میں ڈیجیٹل زمینی پلیٹ فارم پر سبسکرپشن سروس کے طور پر لانچ کرے گا ، اور اسی دن جب این ٹی ایل کی خدمات کو <ans> ورجن میڈیا </ans> کے نام سے دوبارہ برانڈ کیا گیا۔	این ٹی ایل کی خدمات کو کس کے نام سے تبدیل کیا گیا؟	جب این ٹی سی اسپورٹس کی طرف سے دوبارہ شروع کیا گیا تھا تو این ٹی ایل کی خدمات کو کیا کہا جاتا تھا؟	جب این ٹی سی اسپورٹس کو لانچ کیا گیا تو اس کے لئے کیا دوبارہ استعمال کیا گیا تھا؟
uqa_valid	یہ تجویز کیا گیا تھا کہ یہ چینلز بی ایس کے بی پورٹ فولیو سے کھیلوں (بشمول <ans> انگریزی پریمیر لیگ فٹ بال </ans> ) ، فلموں ، تفریح اور خبروں سمیت مواد کی ایک رینج پیش کریں گے۔	BSkyB کے کھیلوں کے پورٹ فولیو میں کیا شامل ہے؟	بی بی بیو کے بی بیو کا نام کیا ہے؟	بی بی بی کے بی بیو کے بی بیو کا نام کیا ہے؟
uqa_valid	یہ تجویز کیا گیا تھا کہ یہ چینلز بی ایس کائی بی پورٹ فولیو سے مواد کی ایک رینج پیش کریں گے جس میں <ans> کھیل (بشمول انگریزی پریمیر لیگ فٹ بال) ، فلمیں ، تفریح اور خبریں </ans> شامل ہیں۔	BSkyB کے کھیلوں کے پورٹ فولیو میں کیا شامل ہے؟	بی بی ایس بی کی کون سی خصوصیت ایک بی بیو کے لئے پیش کردہ کھیل کی پیش گوئی کی گئی تھی؟	بی بی ایس کا کون سا حصہ بی بی ایس سے پتہ چلتا ہے؟
uqa_valid	کچھ نشریات فری ٹو ایئر اور غیر خفیہ کردہ ہیں ، کچھ خفیہ کردہ ہیں لیکن ماہانہ سبسکرپشن کی ضرورت نہیں ہے (جسے <ans> فری ٹو ویو </ans> کہا جاتا ہے) ، کچھ خفیہ کردہ ہیں اور ماہانہ سبسکرپشن کی ضرورت ہے ، اور کچھ پے فی ویو خدمات ہیں۔	فری ٹو ایئر خفیہ کردہ نشریات کو کیا کہا جاتا ہے؟	کبھی کبھی کبھی کبھی کبھی کبھی کبھی کبھی کبھی کیا نہیں ہوتا؟	کبھی کبھی کبھی کبھی کبھی کبھی کیا ہوتا ہے؟
uqa_valid	کچھ نشریات <ans> فری ٹو ایئر </ans> اور غیر خفیہ کردہ ہیں ، کچھ خفیہ کردہ ہیں لیکن ماہانہ سبسکرپشن کی ضرورت نہیں ہے (جسے مفت دیکھنے کے طور پر جانا جاتا ہے) ، کچھ خفیہ کردہ ہیں اور ماہانہ سبسکرپشن کی ضرورت ہے ، اور کچھ پے فی ویو خدمات ہیں۔	فری ٹو ایئر خفیہ کردہ نشریات کو کیا کہا جاتا ہے؟	کون سا گروپ کچھ خفیہ طور پر سب سے زیادہ نقصان ہوتا ہے؟	کبھی کبھی کبھی کبھی کیا ہوتا ہے؟
uqa_valid	کچھ نشریات فری ٹو ایئر اور غیر خفیہ کردہ ہیں ، کچھ خفیہ کردہ ہیں لیکن ماہانہ سبسکرپشن کی ضرورت نہیں ہے (جسے فری ٹو ویو کے طور پر جانا جاتا ہے) ، کچھ خفیہ کردہ ہیں اور <ans> ماہانہ سبسکرپشن </ans> کی ضرورت ہے ، اور کچھ پے فی ویو خدمات ہیں۔	کچھ خفیہ کردہ نشریات کو دیکھنے کے لئے کیا ضرورت ہوتی ہے؟	کون سا دوسرا گروپ کبھی کبھی کبھی کبھی کبھی بھی کچھ خفیہ سپتا ہے؟	کبھی کبھی کبھی کبھی کس قسم کی ضرورت ہوتی ہے؟
uqa_valid	خفیہ کردہ مواد کو دیکھنے کے لئے ایک <ans> ویڈیو گارڈ یوکے </ans> لیس ریسیور کا استعمال کرنے کی ضرورت ہے (جن میں سے تمام اسکائی سروس کے لئے وقف ہیں ، اور دیگر خدمات کو ڈیکریپ کرنے کے لئے استعمال نہیں ہوسکتے ہیں۔	خفیہ کردہ مواد کو دیکھنے کے لئے ایک وصول کنندہ کو کیا لیس ہونا ضروری ہے؟	ایک قسم کے مواد کو مواد دیکھنے کے لئے کیا استعمال کیا جاتا ہے؟	ایک قسم کے مواد کو دیکھنے کے لئے کیا استعمال کیا جا سکتا ہے؟
uqa_valid	فراہم کردہ ایک عالمگیر <ans> کو بینڈ </ans> ایل این بی (9.	یونیورسل بینڈ کیا ہے جس پر ڈیجیٹل ریسیورز فری ٹو ایئر چینلز وصول کریں گے؟	ایل بی ایل نے کس قسم کی ایل بی ایل کا استعمال کیا؟	ایل بی ایل کا پیشہ کیا تھا؟
uqa_valid	فراہم کردہ ایک <ans> عالمی کو بینڈ </ans> ایل این بی (9.	یونیورسل بینڈ کیا ہے جس پر ڈیجیٹل ریسیورز فری ٹو ایئر چینلز وصول کریں گے؟	ایل بی ایل نے کس قسم کی ایل بی بی کا استعمال کیا؟	"کس قسم کے ایل این بی ایل نے ""N این بی"" کو ""N"" کہا؟"
uqa_valid	خفیہ کردہ مواد کو دیکھنے کے لئے ویڈیو گارڈ برطانیہ لیس ریسیور کا استعمال کرنے کی ضرورت ہے (جن میں سے سبھی <ans> اسکائی </ans> سروس کے لئے وقف ہیں ، اور دیگر خدمات کو ڈیکریپ کرنے کے لئے استعمال نہیں ہوسکتے ہیں۔	کیا سروس ایک VideoGuard برطانیہ لیس ریسیور decrypt کرنے کے لئے وقف ہے؟	کون سا جانور اپنے آپ کو یوٹیوب کے لئے استعمال کرنے کے لئے استعمال کیا جاتا ہے؟	ویب سائٹ کے لئے استعمال ہونے والے مواد کے لئے ایک اور اصطلاح کیا ہے؟
uqa_valid	خفیہ کردہ مواد کو دیکھنے کے لئے ویڈیو گارڈ یوکے لیس ریسیور کا استعمال کرنے کی ضرورت ہے (جن میں سے سبھی <ans> اسکائی سروس </ans> کے لئے وقف ہیں ، اور دیگر خدمات کو ڈیکریپ کرنے کے لئے استعمال نہیں ہوسکتے ہیں۔	کیا سروس ایک VideoGuard برطانیہ لیس ریسیور decrypt کرنے کے لئے وقف ہے؟	ویڈیو کے لئے ویڈیو کانفرنسنگ کے لئے استعمال ہونے والی ایک قسم کی طرف سے کیا استعمال کیا جاتا ہے؟	ویڈیو کے لئے استعمال ہونے والا مواد کیا ہے؟
uqa_valid	<ans> 1991 </ans> کے موسم خزاں میں ، 1992 کے سیزن سے ، پانچ سال کی مدت کے لئے پریمیئر لیگ کے براڈکاسٹنگ حقوق کے لئے بات چیت کی گئی۔	1992 کے سیزن سے پانچ سال کی مدت کے لئے پریمیر لیگ کو براڈکاسٹ کرنے کے لئے بات چیت کب کی گئی تھی؟	کس سال میں پریمیئر لیگ کے حقوق حقوق کے حقوق حقوق کے لئے حقوق کے لئے حقوق کے لئے بات چیت کی گئی تھی؟	کس سال میں پریمیئر لیگ کے حقوق حقوق کے لئے حقوق کے لئے حقوق کے لئے بات چیت کی گئی تھی؟
uqa_valid	<ans> آئی ٹی وی </ans> موجودہ حقوق کے حامل تھے ، اور نئے حقوق کو برقرار رکھنے کے لئے سخت جدوجہد کی۔	پریمیئر لیگ کے موجودہ حقوق ہولڈرز کون تھے؟	نئے حقوق کے حقوق کے حقوق کے حقوق کے حقوق کے حقوق کے حقوق کے حقوق کے حقوق کے طور پر کیا جانا جاتا تھا؟	نئے حقوق کے حقوق کے حقوق کے حقوق کے طور پر کیا جانا جاتا تھا؟
uqa_valid	آئی ٹی وی نے حقوق پر کنٹرول برقرار رکھنے کے لئے اپنی پیش کش £ 18 ملین سے <ans> £ 34 ملین </ans> فی سال تک بڑھا دی تھی۔	آئی ٹی وی نے پریمیئر لیگ کی نشریات کے حقوق کے کنٹرول کے لئے اپنی سالانہ پیش کش میں کتنا اضافہ کیا؟	آئی ٹی وی نے حقوق کے لئے اپنی سالانہ لاگت کے لئے اپنی سالانہ لاگت کے لئے کتنا ادا کیا؟	آئی ٹی وی نے حقوق کے لئے کتنا ادا کیا؟
uqa_valid	آئی ٹی وی نے حقوق پر کنٹرول رکھنے کے لئے اپنی پیش کش £ 18 ملین سے <ans> سالانہ £ 34 ملین </ans> تک بڑھا دی تھی۔	آئی ٹی وی نے پریمیئر لیگ کی نشریات کے حقوق کے کنٹرول کے لئے اپنی سالانہ پیش کش میں کتنا اضافہ کیا؟	آئی ٹی وی نے حقوق پر اپنی کنٹرول حاصل کرنے کے لئے کتنا خرچ کیا؟	آئی ٹی وی نے حقوق پر کتنا خرچ کیا؟
uqa_valid	<ans> بی بی سی </ans> کو زیادہ تر میچوں کی جھلکیاں دی گئیں ، جبکہ بی ایس کی بی نے پریمیئر لیگ کے حقوق کے لئے £ 304 ملین کی ادائیگی کی ، جس سے انہیں 1992 کے سیزن سے ہر سال 60 تک ، تمام لائیو میچوں کی اجارہ داری حاصل ہوگی۔	زیادہ تر میچوں کی جھلکیاں کس کو دی گئیں؟	پریمیئر لیگ کے سیزن میں کون سا دوسرا زیادہ تر کھیل نشر ہوا؟	پریمیئر لیگ کے سیزن میں کون سا ٹیلی ویژن نیٹ ورک تھا؟
uqa_valid	<ans> بی ایس کی بی </ans> کو زیادہ تر میچوں کی جھلکیاں دی گئیں ، جبکہ بی ایس کی بی نے پریمیئر لیگ کے حقوق کے لئے £ 304 ملین کی ادائیگی کی ، جس سے انہیں 1992 کے سیزن سے ہر سال 60 تک تمام لائیو میچوں کی اجارہ داری حاصل ہوگی۔	زیادہ تر میچوں کی جھلکیاں کس کو دی گئیں؟	پریمیئر لیگ کے سیزن میں زیادہ تر جھلکیاں دی گئیں؟	پریمیئر لیگ کے سیزن کے لئے کون سا مدمقابل ذمہ دار تھا؟
uqa_valid	بی بی سی کو زیادہ تر میچوں کی جھلکیاں دی گئیں ، جبکہ بی ایس کی بی نے پریمیئر لیگ کے حقوق کے لئے <ans> £ 304 ملین </ans> ادا کیں ، جس سے انہیں 1992 کے سیزن سے ہر سال 60 تک ، تمام لائیو میچوں کی اجارہ داری حاصل ہوگی۔	BSkyB پریمیر لیگ کے حقوق کے لئے کتنا ادا کرنے جا رہا تھا؟	بی بی بی نے پریمیئر لیگ کے حقوق کے لئے کتنا ادا کیا؟	بی بی بی نے پریمیئر لیگ کے حقوق کے لئے کتنا ادا کیا؟
uqa_valid	BSkyB کے پاس اپنے ای پی جی پر چینلز کی موجودگی پر کوئی ویٹو نہیں ہے ، جس میں کھلی رسائی <ans> اوفکام </ans> سے ان کے آپریٹنگ لائسنس کا ایک نافذ کردہ حصہ ہے۔	BSkyB کو آپریٹنگ لائسنس کس سے ملا ہے؟	کون سا ادارہ اپنے آپ کو اپنے آپ کو اپنے عہدے پر مشتمل ہے؟	WSkyMa کا مخفف کیا ہے؟
uqa_valid	کوئی بھی چینل جو 28 ° مشرق میں سیٹلائٹ کے مناسب بیم پر کوریج حاصل کرسکتا ہے وہ <ans> £ 15-100,000 </ans> سے لے کر فیس کے لئے BSkyB کے ای پی جی تک رسائی حاصل کرنے کا حقدار ہے۔	BSkyB کے EPG تک رسائی کے لئے فیس کی حد کیا ہے؟	ایک قابل ذکر بی بی پی ای پی کے لئے دستیاب ہے جو کب تک رسائی حاصل کر سکتے ہیں؟	کس سال میں بی بی کے لئے ایک سگنل کے طور پر کام کیا جا سکتا ہے؟
uqa_valid	BSkyB کے پاس اپنے ای پی جی پر چینلز کی موجودگی پر <ans> کوئی </ans> ویٹو نہیں ہے ، جس میں اوپن رسائی Ofcom سے ان کے آپریٹنگ لائسنس کا ایک نافذ کردہ حصہ ہے۔	کیا BSkyB اپنے ای پی جی پر چینلز کی موجودگی پر ویٹو کر سکتا ہے؟	جب ایک kskerkkksksksk کے لئے ایک pukerks کی طرف سے نہیں کیا جاتا ہے؟	جب RSkkerks کے پاس ہے تو اس کے پاس کیا نہیں ہے؟
uqa_valid	<ans> تیسرے فریق کے چینلز </ans> جو خفیہ کاری کا انتخاب کرتے ہیں انہیں رعایت ملتی ہے جس میں کم قیمت سے لے کر مفت ای پی جی اندراجات ، BSkyB لیز شدہ ٹرانسپونڈر پر مفت کوریج ، یا کوریج کے لئے اصل ادائیگی ہوتی ہے۔	کیا BSkyB اپنے ای پی جی پر چینلز کی موجودگی پر ویٹو کر سکتا ہے؟	کون سی پرجاتییں جو ای ڈی پی کے انتخاب کے انتخاب کے انتخاب کے لئے ذمہ دار ہیں؟	خفیہ کاری کے انتخاب کے انتخاب کا انتخاب کس چیز کے لیے کیا جاتا ہے؟
uqa_valid	تاہم ، اس معاملے میں بھی ، BSkyB چینل کے مواد یا کیریج کے مسائل جیسے تصویر کے معیار پر <ans> کوئی </ans> کنٹرول نہیں کرتا ہے۔	کیا BSkyB کسی چینل کے مواد پر کوئی کنٹرول رکھتا ہے؟	اگر کسی بھی ایک ہی وقت کی ضرورت معیار کے معیار کے معیار کے معیار کے معیار کے معیار کے معیار کے معیار کے طور پر کنٹرول نہیں کیا جاتا ہے تو کیا ہوتا ہے؟	اگر کسی معیار کے معیار کے معیار کی ضرورت نہیں ہوسکتی ہے تو کیا ہوتا ہے؟
uqa_valid	تاہم ، اس معاملے میں بھی ، <ans> BSkyB چینل کے مواد یا کوریج کے مسائل جیسے تصویر کے معیار پر کوئی کنٹرول نہیں رکھتا ہے۔ </ans>	کیا BSkyB کسی چینل کے مواد پر کوئی کنٹرول رکھتا ہے؟	مائیکروسافٹ کے معیار کے معیار کے بغیر کسی بھی دوسرے کے ساتھ کیا ہوتا ہے؟	مائیکروسافٹ کے معیار کا معیار کیا ہے؟
uqa_valid	تاہم ، اس معاملے میں بھی ، BSkyB چینل کے مواد یا کیریج کے مسائل جیسے تصویر کے معیار پر <ans> کوئی </ans> کنٹرول نہیں کرتا ہے۔	کیا BSkyB کسی چینل کی تصویر کے معیار پر کوئی کنٹرول رکھتا ہے؟	اگر کسی بھی ایک ہی وقت کی ضرورت معیار کے معیار کے معیار کے معیار کے معیار کے معیار کے معیار کے معیار کے طور پر کنٹرول نہیں کیا جاتا ہے تو کیا ہوتا ہے؟	اگر کسی معیار کے معیار کے معیار کی ضرورت نہیں ہوسکتی ہے تو کیا ہوتا ہے؟
uqa_valid	تاہم ، اس معاملے میں بھی ، <ans> BSkyB چینل کے مواد یا کوریج کے مسائل جیسے تصویر کے معیار پر کوئی کنٹرول نہیں رکھتا ہے۔ </ans>	کیا BSkyB کسی چینل کی تصویر کے معیار پر کوئی کنٹرول رکھتا ہے؟	مائیکروسافٹ کے معیار کے معیار کے بغیر کسی بھی دوسرے کے ساتھ کیا ہوتا ہے؟	مائیکروسافٹ کے معیار کا معیار کیا ہے؟
uqa_valid	BSkyB کی ڈیجیٹل سروس کو سرکاری طور پر <ans> 1 اکتوبر 1998 </ans> کو اسکائی ڈیجیٹل کے نام سے لانچ کیا گیا تھا ، حالانکہ اس سے پہلے چھوٹے پیمانے پر ٹیسٹ کیے گئے تھے۔	BSkyB کی ڈیجیٹل سروس کب شروع کی گئی تھی؟	CSSky کی طرف سے لانچ کیا گیا تھا جب؟	CSSky کی طرف سے لانچ کیا گیا تھا جب؟
uqa_valid	BSkyB کی ڈیجیٹل سروس سرکاری طور پر 1 اکتوبر 1998 کو <ans> اسکائی ڈیجیٹل </ans> کے نام سے شروع کی گئی تھی ، حالانکہ اس سے پہلے چھوٹے پیمانے پر ٹیسٹ کیے گئے تھے۔	BSkyB کی ڈیجیٹل سروس کا نام کیا تھا جس کے تحت شروع کیا گیا تھا؟	CSSky کی طرف سے پیدا کیا گیا تھا کہ اس کی جگہ کیا تھی؟	CSSky کی سرکاری عنوان کیا تھی؟
uqa_valid	اب <ans> اسکائی ایکٹو </ans> کے نام سے ، BSkyB نے ONdigital (بعد میں آئی ٹی وی ڈیجیٹل) کی زمینی پیش کش اور کیبل خدمات کے ساتھ مقابلہ کیا۔	BSkyB نے اپنی انٹرایکٹو سروس کا نام کیا رکھا؟	کون سا سابقہ نام CNSNIN کی طرف سے پیش کیا گیا تھا؟	CNIN کا مخفف کیا ہے؟
uqa_valid	اہم فروخت کے نکات تصویر اور آواز کے معیار میں بہتری ، چینلز کی بڑھتی ہوئی تعداد اور <ans> اوپن </ans> برانڈڈ انٹرایکٹو سروس تھے۔	BSkyB نے اپنی انٹرایکٹو سروس کا نام کیا رکھا؟	انٹرو انٹرٹو سروس کے علاوہ ، کون سا عنصر ایک انٹرو انٹرٹو سروسٹو تھا؟	کس قسم کے انٹرڈ انٹر انٹرٹو انٹرٹو انٹرٹو سروس کے معیار تھے؟
uqa_valid	اب اسکائی ایکٹو کے نام سے ، BSkyB نے <ans> ONdigital </ans> (بعد میں آئی ٹی وی ڈیجیٹل) زمینی پیش کش اور کیبل خدمات کے ساتھ مقابلہ کیا۔	BSkyB نے ابتدائی طور پر کس کے ساتھ مقابلہ کیا؟	کون سا مخفف NSSys کے ساتھ ایک اور نام شیئر کیا؟	کون سا اصطلاح LSOS کا مخفف ہے؟
uqa_valid	30 دن کے اندر ، <ans> 100،000 </ans> سے زیادہ ڈیجی باکس فروخت ہوئے تھے ، جس نے مئی 1999 سے مفت ڈیجی باکس اور منی ڈش دینے کے BSkyB کے فیصلے کو تقویت دی۔	30 دنوں کے اندر اندر کتنے digiboxes فروخت کیا گیا تھا؟	30 اکتوبر کے کتنے ایڈیشن نے 360 کے ساتھ اپنے 360 کو کم کیا؟	30 اکتوبر 2009 میں کتنے البم فروخت کیے گئے تھے؟
uqa_valid	30 دن کے اندر ، <ans> 100،000 سے زیادہ </ans> ڈیجی باکس فروخت ہوگئے تھے ، جس نے مئی 1999 سے مفت ڈیجی باکس اور منی ڈش دینے کے BSkyB کے فیصلے کو تقویت دی۔	30 دنوں کے اندر اندر کتنے digiboxes فروخت کیا گیا تھا؟	30 اکتوبر کے کتنے دن 360 نے 360 کے لئے ایک فروخت فروخت کیا؟	30 اکتوبر 2009 میں کتنے 360 فروخت کیے گئے تھے؟
uqa_valid	اس کے باوجود ، لکیری چینلز پیش نہیں کیے گئے تھے ، ورجن میڈیا نے اس کے بجائے ایچ ڈی مواد کا ایک معمولی انتخاب لے جانے کے لئے اپنی <ans> ویڈیو آن ڈیمانڈ </ans> سروس پر توجہ مرکوز کی۔	ورجن میڈیا نے لکیری چینلز پیش کرنے کے بجائے کس پر توجہ مرکوز کی؟	میڈیا میڈیا نے 2013 میں ایچ ڈی مواد کے لئے ایک سروس فراہم کرنے کے لئے کیا استعمال کیا؟	میڈیا میڈیا نے کس قسم کے سروس پر توجہ مرکوز کی؟
uqa_valid	اس کے باوجود ، لکیری چینلز پیش نہیں کیے گئے تھے ، ورجن میڈیا نے اس کے بجائے ایچ ڈی مواد کا ایک معمولی انتخاب لے جانے کے لئے اپنی <ans> ویڈیو آن ڈیمانڈ سروس </ans> پر توجہ مرکوز کی۔	ورجن میڈیا نے لکیری چینلز پیش کرنے کے بجائے کس پر توجہ مرکوز کی؟	میڈیا میڈیا نے میڈیا کے بجائے کس قسم کی سڑک پر توجہ مرکوز کی؟	میڈیا میڈیا نے ایچ ڈی مواد کو کس چیز پر توجہ مرکوز کی؟
uqa_valid	ورجن میڈیا نے دعوی کیا ہے کہ دوسرے ایچ ڈی چینلز کو بند کردیا گیا تھا یا دوسری صورت میں ان کے پلیٹ فارم سے روکا گیا تھا ، حالانکہ ورجن میڈیا کے پاس حقیقت میں مستقبل میں <ans> چینل 4 ایچ ڈی </ans> لے جانے کا آپشن تھا۔	مستقبل میں ورجن میڈیا کے دوسرے ایچ ڈی چینل کا نام کیا تھا؟	میڈیا کے پاس کیا تھا جس نے 2007 میں ڈی ایچ ڈی چینلز کو بند کر دیا تھا؟	میڈیا کے پاس کس قسم کی ڈی سی ڈی کا استعمال کیا گیا تھا؟
uqa_valid	بی ایس کی بی کی براہ راست گھریلو سیٹلائٹ سروس 2010 میں <ans> 10 ملین </ans> گھروں میں دستیاب ہوگئی ، جو اس سنگ میل کو حاصل کرنے والا یورپ کا پہلا پے ٹی وی پلیٹ فارم ہے۔	کتنے گھروں میں 2010 میں BSkyB کی براہ راست گھر سے سیٹلائٹ سروس دستیاب تھی؟	بی ایس بی کی بی سروس 2010 میں کتنے گھروں میں دستیاب تھی؟	بی ایس بی کی سیٹلائٹ براہ راست 2010 میں کتنے گھروں میں دستیاب تھی؟
uqa_valid	اس کی تصدیق کرتے ہوئے ، براڈکاسٹر نے کہا کہ اس نے اپنے ہدف کو حاصل کرلیا ہے ، برطانیہ میں 36 فیصد گھرانوں تک اس کی رسائی <ans> 25 ملین </ans> سے زیادہ افراد کی سامعین کی نمائندگی کرتی ہے۔	BSkyB نے کہا کہ وہ کتنے بڑے سامعین تک پہنچ سکتے ہیں؟	برطانیہ میں کتنے لوگ اپنے آپ کو اپنی طرف متوجہ کرتے ہیں؟	برطانیہ میں کتنے لوگ رہتے ہیں؟
uqa_valid	اس کی تصدیق کرتے ہوئے ، براڈکاسٹر نے کہا کہ اس نے اپنے ہدف کو حاصل کرلیا ہے ، برطانیہ میں 36 فیصد گھرانوں تک اس کی رسائی <ans> 25 ملین سے زیادہ افراد </ans> کے سامعین کی نمائندگی کرتی ہے۔	BSkyB نے کہا کہ وہ کتنے بڑے سامعین تک پہنچ سکتے ہیں؟	برطانیہ میں کتنے فیصد لوگ اپنے آپ کو اپنے ہدف کے طور پر شناخت کرتے ہیں؟	برطانیہ نے برطانیہ میں کتنے لوگوں کی نمائندگی کی ہے؟
uqa_valid	اس بات کی تصدیق کرتے ہوئے کہ اس نے اپنا ہدف حاصل کرلیا ہے ، براڈکاسٹر نے کہا کہ برطانیہ میں <ans> 36٪ گھرانوں </ans> تک اس کی رسائی 25 ملین سے زیادہ افراد کی سامعین کی نمائندگی کرتی ہے۔	BSkyB نے کہا کہ وہ کتنے بڑے سامعین تک پہنچ سکتے ہیں؟	برطانیہ میں کتنے فیصد لوگ اپنے آپ کی شناخت کرتے ہیں؟	برطانیہ میں برطانیہ کی آبادی کتنی تھی؟
uqa_valid	اس ہدف کا پہلا اعلان <ans> اگست 2004 </ans> میں کیا گیا تھا ، اس کے بعد سے اضافی 2.	BSkyB نے پہلی بار اپنے ہدف کے مقصد کا اعلان کب کیا؟	اس کا نام کب تبدیل کیا گیا تھا؟	یہ فیصلہ کب کیا گیا تھا؟
uqa_valid	اس کی تصدیق کرتے ہوئے ، براڈکاسٹر نے کہا کہ اس نے اپنے ہدف کو حاصل کیا ہے ، برطانیہ میں <ans> 36٪ </ans> گھرانوں میں اس کی رسائی 25 ملین سے زیادہ افراد کی سامعین کی نمائندگی کرتی ہے۔	BSkyB گھرانوں کی ہدف فیصد کیا تھا تک پہنچنے کے لئے چاہتا تھا؟	برطانیہ میں کتنے فیصد گھرانوں کی موت کی جاتی ہے؟	برطانیہ میں کتنے فیصد گھرانوں کی موت کی جاتی ہے؟
uqa_valid	اس بات کی تصدیق کرتے ہوئے کہ اس نے اپنا ہدف حاصل کرلیا ہے ، براڈکاسٹر نے کہا کہ برطانیہ میں <ans> 36٪ گھرانوں </ans> تک اس کی رسائی 25 ملین سے زیادہ افراد کی سامعین کی نمائندگی کرتی ہے۔	BSkyB گھرانوں کی ہدف فیصد کیا تھا تک پہنچنے کے لئے چاہتا تھا؟	برطانیہ میں کتنے فیصد لوگ اپنے آپ کی شناخت کرتے ہیں؟	برطانیہ میں برطانیہ کی آبادی کتنی تھی؟
uqa_valid	دسمبر میں ، برطانیہ کی پارلیمنٹ نے ایک دعویٰ سنا کہ BSkyB کی سبسکرپشن شراب ، تمباکو اور جوئے کے ساتھ <ans> اکثر نقصان دہ </ans> تھی۔	برطانیہ کی پارلیمنٹ نے سنا ہے کہ BSkyB کا سبسکرپشن کیا تھا؟	برطانیہ کی دریافت کے دوران برطانیہ نے کس طرح کی شکل بنائی؟	برطانیہ کے ساتھ ساتھ، قرون وسطی کے دوران برطانیہ نے کس طرح کی شراب بنائی؟
uqa_valid	معاہدوں میں چینلز کے لئے <ans> 30 ملین پاؤنڈ </ans> کی فکسڈ سالانہ نقل و حمل کی فیس شامل ہے جس میں دونوں چینل سپلائرز اضافی محدود ادائیگیوں کو محفوظ کرنے کے قابل ہیں اگر ان کے چینلز کچھ کارکردگی سے متعلق اہداف کو پورا کرتے ہیں۔	چینلز کے لئے سالانہ نقل و حمل کی فیس کیا تھی؟	سالانہ ہر سال کتنی سالانہ سالانہ نقل و حمل کی حفاظت کی جاتی ہے؟	انسانی حقوق کے لئے سالانہ سالانہ فیس کیا ہے؟
uqa_valid	فی الحال اس بارے میں <ans> کوئی </ans> اشارہ نہیں ہے کہ آیا نئے معاہدے میں اضافی ویڈیو آن ڈیمانڈ اور ہائی ڈیفینیشن مواد شامل ہے جو پہلے BSkyB نے پیش کیا تھا۔	کیا نئے معاہدے میں ویڈیو آن ڈیمانڈ اور ہائی ڈیفینیشن شامل ہے؟	آئی بی ڈی اور  ڈیڈیشن پروگرام کا کیا مطلب ہے؟	آئی بی ڈی کا مخفف کیا ہے؟
uqa_valid	فی الحال <ans> کوئی اشارہ </ans> نہیں ہے کہ آیا نئے معاہدے میں اضافی ویڈیو آن ڈیمانڈ اور ہائی ڈیفینیشن مواد شامل ہے جو پہلے BSkyB نے پیش کیا تھا۔	کیا نئے معاہدے میں ویڈیو آن ڈیمانڈ اور ہائی ڈیفینیشن شامل ہے؟	آئی پوڈ اور ڈی ڈیڈ سسٹم کی طرف سے کیا پیش کیا گیا تھا؟	آئی بی ڈی کا مخفف کیا ہے؟
uqa_valid	معاہدوں کے حصے کے طور پر ، BSkyB اور <ans> ورجن میڈیا </ans> دونوں نے اپنے متعلقہ بنیادی چینلز کی نقل و حمل سے متعلق ایک دوسرے کے خلاف ہائی کورٹ کی تمام کارروائیوں کو ختم کرنے پر اتفاق کیا۔	کون سی کمپنی BSkyB کے ساتھ ہائی کورٹ کی کارروائی کو ختم کرنے پر راضی ہوگئی؟	کون سا میڈیا سیٹ اپنے بنیادی کاروباری طریقوں سے متعلق تھا؟	آرمینیا کے علاوہ، کون سی دوسری قسم کی توسیع بنیادی طور پر ذمہ دار تھی؟
uqa_valid	معاہدوں کے حصے کے طور پر ، <ans> BSkyB </ans> اور ورجن میڈیا دونوں نے اپنے متعلقہ بنیادی چینلز کی نقل و حمل سے متعلق ایک دوسرے کے خلاف ہائی کورٹ کی تمام کارروائیوں کو ختم کرنے پر اتفاق کیا۔	کون سی کمپنی ورجن میڈیا کے ساتھ ہائی کورٹ کی کارروائی کو ختم کرنے پر راضی ہوگئی؟	میڈیا کے خلاف ایک اور نام کیا تھا؟	میڈیا کے علاوہ، کون سی دوسری قسم کے خلاف آگے بڑھنے کی خلاف ورزی کی گئی تھی؟
uqa_valid	معاہدوں کے حصے کے طور پر ، BSkyB اور ورجن میڈیا دونوں نے اپنے متعلقہ <ans> بنیادی چینلز </ans> کی نقل و حمل سے متعلق ایک دوسرے کے خلاف ہائی کورٹ کی تمام کارروائیوں کو ختم کرنے پر اتفاق کیا۔	ہائی کورٹ کی کارروائیوں کے بارے میں کیا منعقد کیا گیا تھا؟	میڈیا سیٹ کے خلاف پابندیاں کے خلاف پابندیاں کس چیز سے متعلق تھے؟	میڈیا سیٹ نے کس قسم کی نقل و حمل کی خلاف ورزی کی؟
uqa_valid	معاہدوں کے حصے کے طور پر ، BSkyB اور ورجن میڈیا دونوں نے ایک دوسرے کے خلاف <ans> اپنے متعلقہ بنیادی چینلز کی نقل و حمل </ans> سے متعلق ہائی کورٹ کی تمام کارروائیوں کو ختم کرنے پر اتفاق کیا۔	ہائی کورٹ کی کارروائیوں کے بارے میں کیا منعقد کیا گیا تھا؟	ایک میڈیا کی طرف سے ایک ہائی کورٹ کے خلاف ایک اور کیا تھا؟	ایک میڈیا کی خلاف ورزی کے لئے ایک اور نام کیا ہے؟
uqa_valid	وکٹوریہ کی معیشت انتہائی <ans> تنوع </ans> ہے: مالیاتی اور پراپرٹی سروسز ، صحت ، تعلیم ، تھوک ، خوردہ ، مہمان نوازی اور مینوفیکچرنگ سمیت خدمات کے شعبے ملازمت کی اکثریت تشکیل دیتے ہیں۔	وکٹوریہ کی معیشت کیسی ہے؟	وکٹوریہ کی معیشت کا کیا مطلب ہے؟	وکٹوریہ کی معیشت کا کیا مطلب ہے؟
uqa_valid	وکٹوریہ کی معیشت <ans> انتہائی متنوع </ans> ہے: مالیاتی اور پراپرٹی سروسز ، صحت ، تعلیم ، تھوک ، خوردہ ، مہمان نوازی اور مینوفیکچرنگ سمیت خدمات کے شعبے ملازمت کی اکثریت تشکیل دیتے ہیں۔	وکٹوریہ کی معیشت کیسی ہے؟	وکٹوریہ کی معیشت کا نام کیا ہے؟	وکٹوریہ کی معیشت کا نام کیا ہے؟
uqa_valid	وکٹوریہ کی کل مجموعی ریاستی مصنوعات (جی ایس پی) کو آسٹریلیا میں <ans> دوسرا </ans> درجہ دیا گیا ہے ، حالانکہ وکٹوریہ اپنی محدود کان کنی کی سرگرمی کی وجہ سے جی ایس پی فی کس کے لحاظ سے چوتھے نمبر پر ہے۔	مجموعی ریاستی پیداوار کے مطابق وکٹوریہ آسٹریلیا میں کس مقام پر ہے؟	وکٹوریہ کی کل ریاستی مصنوعات کی درجہ بندی کیا ہے؟	وکٹوریہ کی کل ریاستی مصنوعات کا نام کیا ہے؟
uqa_valid	وکٹوریہ کی کل مجموعی ریاستی مصنوعات (جی ایس پی) آسٹریلیا میں دوسرے نمبر پر ہے ، حالانکہ وکٹوریہ اپنی محدود کان کنی کی سرگرمی کی وجہ سے جی ایس پی کے لحاظ سے <ans> چوتھے </ans> نمبر پر ہے۔	جی پی ایس فی کس وکٹوریہ کو کس درجہ پر رکھتا ہے؟	جی ایس پی کے علاوہ، جی پی پی کے پی جی پی کے مقابلے میں جی پی پی کے لحاظ سے کس نمبر پر نمبر پر ہے؟	وکٹوریہ کی جی ڈی پی کی درجہ بندی کہاں ہے؟
uqa_valid	<ans> میلبورن </ans> کرکٹ گراؤنڈ آسٹریلیا کا سب سے بڑا اسٹیڈیم ہے ، اور 1956 کے موسم گرما کے اولمپکس اور 2006 کے دولت مشترکہ کھیلوں کی میزبانی کرتا ہے۔	وکٹوریہ کا کون سا شہر آسٹریلیا کا کھیلوں کا دارالحکومت کہا جاتا ہے؟	آسٹریلیا کا سب سے بڑا اسٹیڈیم کون سا ہے؟	آسٹریلیا کا سب سے بڑا اسٹیڈیم کون سا ہے؟
uqa_valid	<ans> میلبورن کرکٹ گراؤنڈ </ans> آسٹریلیا کا سب سے بڑا اسٹیڈیم ہے ، اور 1956 کے موسم گرما کے اولمپکس اور 2006 کے دولت مشترکہ کھیلوں کی میزبانی کرتا ہے۔	آسٹریلیا کا سب سے بڑا اسٹیڈیم کون سا ہے؟	آسٹریلیا کا سب سے بڑا اسٹیڈیم کون سا ہے؟	آسٹریلیا کا سب سے بڑا اسٹیڈیم کون سا ہے؟
uqa_valid	بہت سے چینی کان کنوں نے وکٹوریہ میں کام کیا ، اور ان کی میراث خاص طور پر <ans> بینڈیگو </ans> اور اس کے آس پاس میں مضبوط ہے۔	وکٹوریہ میں ایشیائی اثر و رسوخ سب سے زیادہ کہاں ہے؟	چینی مزدوروں کے ساتھ ساتھ، چینی کان کن سالوں میں بہت سے بہت سے چینی کام میں کام کرتے ہیں؟	بہت سے چینی کانوں کے ساتھ کیا ہوا؟
uqa_valid	اگرچہ ان کے خلاف کچھ نسل پرستی کی ہدایت کی گئی تھی ، لیکن <ans> نیو ساؤتھ ویلز </ans> میں لیمبنگ فلیٹ فسادات میں دیکھا گیا تھا کہ چینی مخالف تشدد کی سطح نہیں تھی۔	لیمبنگ فلیٹ فسادات کہاں تھے؟	چینی حکومت میں چینی کمیونسٹوں کی خلاف ورزی کہاں ہوئی؟	چینی حکومت میں چینی کمیونسٹوں کی خلاف ورزی کہاں ہوئی؟
uqa_valid	تاہم ، 1857 میں برائٹ کے قریب <ans> بکلینڈ ویلی </ans> میں فسادات ہوئے۔	1857 کا فسادات کہاں ہوا؟	برائٹ کہاں واقع تھا؟	برائٹ کہاں واقع تھا؟
uqa_valid	تاہم ، 1857 میں <ans> برائٹ کے قریب بک لینڈ ویلی </ans> میں ایک فسادات ہوا۔	1857 کا فسادات کہاں ہوا؟	یہ کہاں ہوا؟	یہ کہاں ہوا؟
uqa_valid	1854 میں بکلینڈ ویلی میں ٹائیفائیڈ کے پھیلنے سے <ans> ایک ہزار سے زیادہ </ans> کان کن ہلاک ہوگئے۔	1854 کی ٹائیفائیڈ وباء میں کتنے کان کن ہلاک ہوئے؟	کتنے لوگ جھڑپوں کے لئے ایک فائلڈ سے زیادہ گرم ہو گئے؟	ڈورفڈائیڈ میں کتنے لوگ مارے گئے؟
uqa_valid	1854 میں بکلینڈ ویلی میں ٹائیفائیڈ کے پھیلنے سے <ans> ایک ہزار </ans> سے زیادہ کان کن ہلاک ہوگئے۔	1854 کی ٹائیفائیڈ وباء میں کتنے کان کن ہلاک ہوئے؟	کتنے سال میں بکلینڈڈائیڈ میں سے ایک ہو گیا؟	ڈورفائیڈ میں کتنے لوگ مارے گئے؟
uqa_valid	سونے کے کھیتوں پر حالات <ans> تنگ اور غیر حفظان صحت </ans> تھے۔	وکٹوریہ میں سونے کے کھیتوں میں کان کنوں کے حالات کیا تھے؟	سونے کے سونے کے کھیتوں پر کیا اثر انداز ہوا؟	سونے کے کھیتوں پر کیا اثر پڑ سکتا ہے؟
uqa_valid	نومبر 2006 میں ، وکٹورین لیجسلیٹو کونسل کے انتخابات ایک نئے <ans> ملٹی ممبر تناسب </ans> نمائندگی کے نظام کے تحت منعقد ہوئے۔	وکٹورین لیجسلیٹو کونسل میں کس طرح کا نمائندگی کا نظام ہے؟	2006 میں ، لیلی لیلی کونسل کے کس قسم کے نظام کا انعقاد کیا گیا تھا؟	2006 میں ، لی لیلیلی کونسل نے کس قسم کی نمائندگی کی؟
uqa_valid	نومبر 2006 میں ، وکٹورین لیجسلیٹو کونسل کے انتخابات ایک نئے <ans> ملٹی ممبر تناسب نمائندگی کے نظام </ans> کے تحت منعقد ہوئے۔	وکٹورین لیجسلیٹو کونسل میں کس طرح کا نمائندگی کا نظام ہے؟	2006 میں ، لیلیلیلی کونسل کے انتخابات میں کس قسم کا نظام منعقد کیا گیا تھا؟	2006 میں ، لی لیلیلی کونسل کا سربراہ کون تھا؟
uqa_valid	وکٹورین ریاست کو <ans> آٹھ </ans> انتخابی حلقوں میں تقسیم کیا گیا تھا جس میں ہر انتخابی حلقے کی نمائندگی سنگل ٹرانسفر ایبل ووٹ کے ذریعہ پانچ نمائندوں کے ذریعہ کی گئی تھی۔	ریاست وکٹوریہ میں کتنے انتخابی حلقے ہیں؟	ریاست میں کتنے انتخابی اضلاع ہیں؟	ریاست میں کتنے انتخابی اضلاع ہیں؟
uqa_valid	وکٹورین ریاست کو آٹھ انتخابی حلقوں میں تقسیم کیا گیا تھا جس میں ہر انتخابی حلقے کی نمائندگی <ans> پانچ </ans> نمائندوں نے سنگل ٹرانسفر ایبل ووٹ کے ذریعہ کی تھی۔	ہر انتخابی حلقے میں کتنے نمائندے ہیں؟	ہر سال کتنے ووٹوں نے ووٹ ڈالے؟	ہر سال کتنے انتخابی اضلاع تھے؟
uqa_valid	ایوان بالا کے ممبروں کی کل تعداد 44 سے کم کرکے 40 کردی گئی تھی اور ان کی مدت ملازمت اب ایوان زیریں کے ممبروں کی طرح ہے - <ans> چار سال </ans> ۔	ہر گھر کے رکن کے لئے عہدے کی مدت کیا ہے؟	کتنے لوگ نائیجیریا کے ارکان کی تعداد میں رہتے ہیں؟	ایوان بالا کے ارکان کی تعداد کتنی ہے؟
uqa_valid	وکٹورین پارلیمنٹ کے انتخابات اب طے شدہ ہیں اور نومبر میں <ans> ہر چار سال بعد </ans> ہوتے ہیں۔	وکٹورین پارلیمنٹ کے لئے انتخابات کتنی بار منعقد ہوتے ہیں؟	پارلیمنٹ کے انتخابات میں کتنے لوگ ہوتے ہیں؟	پارلیمنٹ کے انتخابات میں کتنے انتخابات ہوتے ہیں؟
uqa_valid	وکٹورین پارلیمنٹ کے انتخابات اب مقررہ ہیں اور ہر <ans> چار سال </ans> نومبر میں ہوتے ہیں۔	وکٹورین پارلیمنٹ کے لئے انتخابات کتنی بار منعقد ہوتے ہیں؟	پارلیمنٹ میں کتنے انتخابات ہوتے ہیں؟	پارلیمنٹ کے انتخابات میں ہر سال کتنے وزیر اعظم ہوتے ہیں؟
uqa_valid	مرکز بائیں بازو کی <ans> آسٹریلیائی لیبر پارٹی </ans> (اے ایل پی) ، مرکز دائیں بازو کی لبرل پارٹی آف آسٹریلیا ، دیہی بنیاد پر نیشنل پارٹی آف آسٹریلیا ، اور ماحولیاتی آسٹریلوی گرین وکٹوریہ کی اہم سیاسی جماعتیں ہیں۔	میلبورن کے محنت کش طبقے کے مضافاتی علاقوں میں کون سی سیاسی جماعت سب سے مضبوط ہے؟	آسٹریلیا کی پارٹی کی سیاسی پارٹی کیا ہے؟	پی ایل پی کا مخفف کیا ہے؟
uqa_valid	روایتی طور پر ، <ans> لیبر </ans> میلبورن کے ورکنگ کلاس مغربی اور شمالی مضافات ، اور علاقائی شہروں بالارٹ ، بینڈیگو اور گیلونگ میں سب سے مضبوط ہے۔	میلبورن کے محنت کش طبقے کے مضافاتی علاقوں میں کون سی سیاسی جماعت سب سے مضبوط ہے؟	میلبورن میں سب سے زیادہ کامیابنگ کیا ہے؟	میلبورن کے علاوہ، کون سا ملک سب سے زیادہ ہے؟
uqa_valid	مرکز بائیں آسٹریلیائی لیبر پارٹی (اے ایل پی) ، آسٹریلیا کی مرکز دائیں <ans> لیبرل پارٹی </ans> ، دیہی بنیاد پر نیشنل پارٹی آف آسٹریلیا ، اور ماحولیاتی آسٹریلوی گرین وکٹوریہ کی اہم سیاسی جماعتیں ہیں۔	میلبورن کے امیر علاقوں میں کون سی پارٹی سب سے مضبوط ہے؟	آسٹریلیا کی آسٹریلیا کا مرکز کیا ہے؟	آسٹریلیا کی آسٹریلیا کا مرکز کیا ہے؟
uqa_valid	مرکز بائیں آسٹریلوی لیبر پارٹی (اے ایل پی) ، مرکز دائیں <ans> آسٹریلیا کی لبرل پارٹی </ans> ، دیہی بنیاد پر نیشنل پارٹی آف آسٹریلیا ، اور ماحولیاتی آسٹریلوی گرین وکٹوریہ کی اہم سیاسی جماعتیں ہیں۔	میلبورن کے امیر علاقوں میں کون سی پارٹی سب سے مضبوط ہے؟	اوکلاہوما سٹی میں پارٹی کی پارٹی کی سیاسی پارٹی کیا ہے؟	میکسیکو سٹی میں پارٹی کی پارٹی کی سیاسی پارٹی کیا ہے؟
uqa_valid	<ans> لبرلز </ans> کی بنیادی حمایت میلبورن کے زیادہ خوشحال مشرقی اور بیرونی مضافات ، اور کچھ دیہی اور علاقائی مراکز میں ہے۔	میلبورن کے امیر علاقوں میں کون سی پارٹی سب سے مضبوط ہے؟	کون سا بنیادی گروپ زیادہ تر اور دیہی علاقوں میں زیادہ ہے؟	کون سا گروپ بنیادی طور پر زیادہ اور مشرقی اور علاقائی دیہی علاقوں میں تقسیم کیا جاتا ہے؟
uqa_valid	مرکز بائیں آسٹریلیائی لیبر پارٹی (اے ایل پی) ، مرکز دائیں آسٹریلیائی لبرل پارٹی ، دیہی بنیاد پر <ans> نیشنل پارٹی </ans> آف آسٹریلیا ، اور ماحولیاتی آسٹریلیائی گرین وکٹوریہ کی اہم سیاسی جماعتیں ہیں۔	وکٹوریہ کے شمال مغربی اور مشرقی علاقوں میں کون سی پارٹی سب سے مضبوط ہے؟	آسٹریلیا کے سیاسی پارٹی کے سیاسی پارٹی کی سیاسی جماعتیں کیا ہیں؟	آسٹریلیا کے سیاسی پارٹی کا نام کیا ہے؟
uqa_valid	مرکز بائیں آسٹریلیائی لیبر پارٹی (اے ایل پی) ، مرکز دائیں آسٹریلیائی لبرل پارٹی ، دیہی بنیاد پر <ans> نیشنل پارٹی آف آسٹریلیا </ans> ، اور ماحولیاتی آسٹریلیائی گرین وکٹوریہ کی اہم سیاسی جماعتیں ہیں۔	وکٹوریہ کے شمال مغربی اور مشرقی علاقوں میں کون سی پارٹی سب سے مضبوط ہے؟	آسٹریلیا کے سیاسی پارٹی کے سیاسی پارٹی کا نام کیا ہے؟	آسٹریلیا کے سیاسی پارٹی کا نام کیا ہے؟
uqa_valid	<ans> نیشنل </ans> وکٹوریہ کے شمالی مغربی اور مشرقی دیہی علاقائی علاقوں میں سب سے مضبوط ہیں۔	وکٹوریہ کے شمال مغربی اور مشرقی علاقوں میں کون سی پارٹی سب سے مضبوط ہے؟	کس سال میں مغربی شمالی علاقوں میں سب سے مضبوط کمیونٹی ہے؟	کون سا ملک مغربی شمالی علاقوں میں سب سے مضبوط ہے؟
uqa_valid	<ans> گرینز </ans> ، جنہوں نے 2014 میں اپنی پہلی نچلی ایوان کی نشستیں جیتیں۔	میلبورن کے اندرونی علاقوں میں کون سی پارٹی کی حکمرانی ہے؟	2014 میں اپنی پہلی فٹ بال کی واحد ٹیم کون سی تھی؟	2014 میں اپنی پہلی فٹ بال ٹیم کا نام کیا تھا؟
uqa_valid	مرکز بائیں آسٹریلیائی لیبر پارٹی (اے ایل پی) ، مرکز دائیں آسٹریلیائی لبرل پارٹی ، دیہی بنیاد پر نیشنل پارٹی آف آسٹریلیا ، اور ماحولیاتی <ans> آسٹریلیائی گرین </ans> وکٹوریہ کی اہم سیاسی جماعتیں ہیں۔	میلبورن کے اندرونی علاقوں میں کون سی پارٹی کی حکمرانی ہے؟	آسٹریلیا کے سیاسی پارٹی کے سیاسی مرکز میں سے ایک کیا ہے؟	آسٹریلیا کی سیاسی پارٹی سیاسی پارٹی کا نام کیا ہے؟
uqa_valid	روایتی طور پر ، <ans> لیبر </ans> میلبورن کے ورکنگ کلاس مغربی اور شمالی مضافات ، اور علاقائی شہروں بالارٹ ، بینڈیگو اور گیلونگ میں سب سے مضبوط ہے۔	بیڈیگو اور گیلونگ میں کون سی پارٹی کو ترجیح دی جاتی ہے؟	میلبورن میں سب سے زیادہ کامیابنگ کیا ہے؟	میلبورن کے علاوہ، کون سا ملک سب سے زیادہ ہے؟
uqa_valid	مرکز بائیں بازو کی <ans> آسٹریلیائی لیبر پارٹی </ans> (اے ایل پی) ، مرکز دائیں بازو کی لبرل پارٹی آف آسٹریلیا ، دیہی بنیاد پر نیشنل پارٹی آف آسٹریلیا ، اور ماحولیاتی آسٹریلوی گرین وکٹوریہ کی اہم سیاسی جماعتیں ہیں۔	بیڈیگو اور گیلونگ میں کون سی پارٹی کو ترجیح دی جاتی ہے؟	آسٹریلیا کی پارٹی کی سیاسی پارٹی کیا ہے؟	پی ایل پی کا مخفف کیا ہے؟
uqa_valid	<ans> بدھ مت </ans> ریاست کا سب سے بڑا غیر عیسائی مذہب ہے ، جس میں تازہ ترین مردم شماری کے مطابق 168,637،152،775 مسلمان اور 45،150 یہودی بھی ہیں۔	وکٹوریہ کا سب سے بڑا غیر عیسائی مذہب کیا ہے؟	ریاست کا سب سے بڑا غیر مذہب کیا ہے؟	ریاست کا سب سے بڑا غیر مذہب کیا ہے؟
uqa_valid	بدھ مت ریاست کا سب سے بڑا غیر عیسائی مذہب ہے ، جس میں تازہ ترین مردم شماری کے مطابق <ans> 168،637 </ans> ممبران ہیں۔	کتنے وکٹورین بدھ مت ہیں؟	بدھ مت کے مطابق، کتنے بدھ مت کے پیروکار ہیں؟	بدھ مت میں کتنے ارکان ہیں؟
uqa_valid	وکٹورین کے تقریبا <ans> 20٪ </ans> کوئی مذہب کا دعوی نہیں کرتے ہیں۔	کتنے وکٹورین غیر مذہبی ہیں؟	تقریباً کتنے فیصد مذہب کا دعوی نہیں کیا جاتا ہے؟	تقریبا آبادی کا کتنا فیصد مذہب کا دعوی کرتا ہے؟
uqa_valid	وکٹوریہ (مختصر طور پر وِک) آسٹریلیا کے <ans> جنوب مشرق </ans> میں ایک ریاست ہے۔	آسٹریلیا میں وکٹوریہ کہاں واقع ہے؟	وکٹوریہ کے کس حصے میں وکٹوریہ کی ریاست ہے؟	وکٹوریہ کہاں واقع ہے؟
uqa_valid	وکٹوریہ (مختصر طور پر وِک) <ans> آسٹریلیا کے جنوب مشرق </ans> میں ایک ریاست ہے۔	آسٹریلیا میں وکٹوریہ کہاں واقع ہے؟	وکٹوریہ کہاں سے ریاست ہے؟	وکٹوریہ کہاں واقع ہے؟
uqa_valid	وکٹوریہ آسٹریلیا کی <ans> سب سے زیادہ کثافت والی </ans> ریاست اور مجموعی طور پر اس کی دوسری سب سے زیادہ آبادی والی ریاست ہے۔	آبادی کی کثافت کے لحاظ سے وکٹوریہ کی درجہ بندی کیا ہے؟	وکٹوریہ کی سب سے زیادہ آبادی والی ریاست کیا ہے؟	وکٹوریہ کی سب سے زیادہ آبادی والی ریاست کیا ہے؟
uqa_valid	وکٹوریہ آسٹریلیا کی <ans> سب سے زیادہ </ans> کثافت والی ریاست ہے اور مجموعی طور پر اس کی دوسری سب سے زیادہ آبادی والی ریاست ہے۔	آبادی کی کثافت کے لحاظ سے وکٹوریہ کی درجہ بندی کیا ہے؟	آسٹریلیا کی سب سے زیادہ آبادی والی ریاست کیا ہے؟	آسٹریلیا کی سب سے زیادہ آبادی والی ریاست کیا ہے؟
uqa_valid	وکٹوریہ آسٹریلیا کی <ans> سب سے زیادہ کثافت والی ریاست </ans> اور مجموعی طور پر اس کی دوسری سب سے زیادہ آبادی والی ریاست ہے۔	آبادی کی کثافت کے لحاظ سے وکٹوریہ کی درجہ بندی کیا ہے؟	وکٹوریہ آسٹریلیا کی سب سے زیادہ آبادی والی ریاست کیا ہے؟	وکٹوریہ آسٹریلیا کی سب سے زیادہ آبادی والی ریاست کیا ہے؟
uqa_valid	وکٹوریہ آسٹریلیا کی سب سے زیادہ کثافت والی ریاست اور مجموعی طور پر اس کی <ans> دوسری </ans> سب سے زیادہ آبادی والی ریاست ہے۔	آسٹریلیا کی دیگر ریاستوں کے مقابلے میں وکٹوریہ کی آبادی کتنی ہے؟	آسٹریلیا کی سب سے زیادہ آبادی والی ریاست کیا ہے؟	آسٹریلیا کی سب سے زیادہ آبادی والی ریاست کیا ہے؟
uqa_valid	وکٹوریہ آسٹریلیا کی سب سے زیادہ کثافت والی ریاست اور مجموعی طور پر اس کی <ans> دوسری سب سے زیادہ </ans> آبادی والی ریاست ہے۔	آسٹریلیا کی دیگر ریاستوں کے مقابلے میں وکٹوریہ کی آبادی کتنی ہے؟	آسٹریلیا کی آبادی کا سب سے زیادہ کثافت والی ریاست کیا ہے؟	آسٹریلیا کی آبادی کتنی ہے؟
uqa_valid	وکٹوریہ آسٹریلیا کی سب سے زیادہ کثافت والی ریاست اور مجموعی طور پر اس کی <ans> دوسری سب سے زیادہ آبادی والی </ans> ریاست ہے۔	آسٹریلیا کی دیگر ریاستوں کے مقابلے میں وکٹوریہ کی آبادی کتنی ہے؟	ریاست کی ریاست کی درجہ بندی کیا ہے؟	ریاست کی سب سے زیادہ کثافت والی ریاست کیا ہے؟
uqa_valid	جس میں اس کے دارالحکومت اور سب سے بڑے شہر ، <ans> میلبورن </ans> کا میٹروپولیٹن علاقہ شامل ہے۔	وکٹوریہ کا دارالحکومت کون سا شہر ہے؟	میلبورن کا دارالحکومت کیا ہے؟	میلبورن کا دارالحکومت کیا ہے؟
uqa_valid	جو آسٹریلیا کا <ans> دوسرا سب سے بڑا </ans> شہر ہے۔	آسٹریلیا کے دیگر شہروں کے مقابلے میں، میلبورن کا سائز کتنا ہے؟	آسٹریلیا کا سائز کتنا ہے؟	آسٹریلیا کا سائز کتنا ہے؟
uqa_valid	جو آسٹریلیا کا <ans> دوسرا سب سے بڑا شہر </ans> ہے۔	آسٹریلیا کے دیگر شہروں کے مقابلے میں، میلبورن کا سائز کتنا ہے؟	آسٹریلیا کا سائز کتنا ہے؟	آسٹریلیا کا سائز کتنا ہے؟
uqa_valid	یورپی آبادکاری سے پہلے ، اب وکٹوریہ کی تشکیل کرنے والا علاقہ بڑی تعداد میں آبائی باشندوں کے ذریعہ آباد تھا ، جسے اجتماعی طور پر <ans> کوری </ans> کے نام سے جانا جاتا ہے۔	وکٹوریہ کے اصل آبائی لوگوں کے لئے اصطلاح کیا ہے؟	یورپی یونین سے پہلے، یورپیوں کی تشکیل کے لئے یورپی یونین کی اصطلاح کیا تھی؟	یورپی یونین سے پہلے، یورپیوں کی تشکیل کو کیا کہا جاتا تھا؟
uqa_valid	برطانیہ نے <ans> 1788 </ans> میں 135 ویں میریڈیئن مشرق کے مشرق میں پورے آسٹریلیائی براعظم کا دعوی کیا تھا ، وکٹوریہ کو نیو ساؤتھ ویلز کی وسیع تر کالونی میں شامل کیا گیا تھا۔	برطانیہ نے آسٹریلیا پر کب دعویٰ کیا؟	برطانیہ نے برطانیہ میں مشرق میں کب براعظم کا دورہ کیا؟	برطانیہ نے برطانیہ کا دورہ کب کیا؟
uqa_valid	گریٹ برطانیہ نے 1788 میں 135 ویں میریڈیئن مشرق کے مشرق میں پورے آسٹریلیائی براعظم کا دعوی کیا تھا ، وکٹوریہ کو <ans> نیو ساؤتھ ویلز </ans> کی وسیع تر کالونی میں شامل کیا گیا تھا۔	وکٹوریہ کو سب سے پہلے آسٹریلیا میں کہاں قائم کیا گیا تھا؟	برطانیہ کے کس حصے میں برطانیہ نے برطانیہ میں کالونی کا ذکر کیا؟	برطانیہ نے برطانیہ میں کس کالونی کی کالونی میں شامل کیا؟
uqa_valid	اس علاقے میں پہلی آبادکاری 1803 میں <ans> سلیوان بے </ans> میں ہوئی ، اور اب وکٹوریہ کا زیادہ تر حصہ 1836 میں پورٹ فلپ ڈسٹرکٹ میں شامل کیا گیا تھا ، جو نیو ساؤتھ ویلز کی ایک انتظامی تقسیم ہے۔	وکٹوریہ میں پہلی بستی کہاں تھی؟	وکٹوریہ کی پہلی پرفارمنس کس شہر میں ہوئی تھی؟	وکٹوریہ کی پہلی پرفارمنس کس شہر میں ہوئی تھی؟
uqa_valid	اس علاقے میں پہلی آبادکاری <ans> 1803 </ans> میں سلیوان بے میں ہوئی ، اور اب وکٹوریہ کا زیادہ تر حصہ 1836 میں پورٹ فلپ ڈسٹرکٹ میں شامل کیا گیا تھا ، جو نیو ساؤتھ ویلز کی ایک انتظامی تقسیم ہے۔	وکٹوریہ پہلی بار کب آباد ہوئی تھی؟	پہلی سال کب بے نقاب ہوئی؟	سلیوان بے بے نقاب کب ہوا؟
uqa_valid	وکٹورین زرعی زمین کا <ans> 26،000 مربع کلومیٹر </ans> (10,000 مربع میل) سے زیادہ اناج کے لئے بویا جاتا ہے ، زیادہ تر ریاست کے مغرب میں۔	کتنی وکٹورین زرعی زمین اناج میں کاشت کی جاتی ہے؟	زمین کے کتنے مربع میلے کے لئے بوتلا ہے؟	زمین کا کتنا حصہ سب سے زیادہ بارش کا حامل ہے؟
uqa_valid	اس علاقے کا <ans> 50٪ </ans> سے زیادہ گندم ، 33٪ جواری اور 7٪ اوٹ کے لئے بویا جاتا ہے۔	زرعی زمین کا کتنا فیصد گندم اگاتا ہے؟	حیدرآباد کا کتنا فیصد ٹ فیصد سے نیچے ہے؟	حیدرآباد کا کتنا فیصد ٹ فیصد سے ملتا ہے؟
uqa_valid	مزید <ans> 6،000 مربع کلومیٹر </ans> (2,300 مربع میل) گھاس کے لئے بویا جاتا ہے۔	وکٹوریہ کی کتنی زرعی زمینوں پر گھاس اگتی ہے؟	کتنی اونچائی پر بوڑنا شروع کیا جاتا ہے؟	کتنے مربع میل دور اڑتے ہیں؟
uqa_valid	وکٹورین فارم آسٹریلیائی ناشپاتیاں اور سیب کا تقریبا <ans> 90٪ </ans> پیدا کرتے ہیں۔	وکٹوریہ آسٹریلوی ناشپاتیاں میں کتنا پیدا کرتا ہے؟	D فارمولا کا کتنا فیصد فارم فارم ہے؟	فارماتات اور سیبات کا کتنا فیصد فارم ہے؟
uqa_valid	پچھلے سال ، 121,200 ٹن ناشپاتیاں اور <ans> 270،000 </ans> ٹن ٹماٹر تیار کیے گئے۔	وکٹوریہ کتنے ٹن ٹماٹر پیدا کرتی ہے؟	ٹنٹنا ٹنٹ کے کتنے ٹنٹ ٹرماٹر تیار ہوئے تھے؟	کتنے ٹنٹ ٹماٹر تیار کیا گیا تھا؟
uqa_valid	پچھلے سال ، <ans> 121،200 </ans> ٹن ناشپاتیاں اور 270،000 ٹن ٹماٹر تیار کیے گئے۔	وکٹوریہ کتنے ٹن ٹماٹر پیدا کرتی ہے؟	ٹن ناماٹر اور ٹنٹٹ کے ٹن کتنے ٹن تھے؟	کتنے سال ٹن ٹنا تیار کیا گیا تھا؟
uqa_valid	وکٹوریہ کے آئین میں <ans> ویکٹوریہ کی پارلیمنٹ </ans> کے ذریعہ ترمیم کی جاسکتی ہے ، سوائے کچھ مستحکم دفعات کے جن کے لئے دونوں ایوانوں میں مطلق اکثریت ، دونوں ایوانوں میں تین پانچویں اکثریت ، یا ریفرنڈم میں وکٹوریہ کے لوگوں کی منظوری کی ضرورت ہوتی ہے۔	کون سا گروپ وکٹورین آئین میں ترمیم کر سکتا ہے؟	وکٹوریہ کے آئین میں کون سے ادارے شامل ہیں؟	وکٹوریہ کے آئین میں کس قسم کی پارلیمنٹ کی ترمیم کی جا سکتی ہے؟
uqa_valid	وکٹوریہ کے آئین میں وکٹوریہ کی پارلیمنٹ کی طرف سے ترمیم کی جاسکتی ہے ، سوائے کچھ <ans> مضبوط دفعات </ans> کے جن کے لئے دونوں ایوانوں میں مطلق اکثریت ، دونوں ایوانوں میں تین پانچواں اکثریت ، یا ریفرنڈم میں وکٹوریہ کے لوگوں کی منظوری کی ضرورت ہوتی ہے۔	آئین میں کون سی مستثنیات ہیں جن میں ترمیم کرنے کے لئے خصوصی غور کی ضرورت ہے؟	وکٹوریہ کی پارلیمنٹ کی پارلیمنٹ کی منظوری کی ضرورت کیا ہے؟	وکٹوریہ کی پارلیمنٹ کی پارلیمنٹ کی منظوری کی ضرورت کیا ہے؟
uqa_valid	وکٹوریہ کے آئین میں وکٹوریہ کی پارلیمنٹ کی طرف سے ترمیم کی جاسکتی ہے ، سوائے <ans> کچھ مستحکم دفعات </ans> کے جن کے لئے دونوں ایوانوں میں مطلق اکثریت ، دونوں ایوانوں میں تین پانچویں اکثریت ، یا ریفرنڈم میں وکٹوریہ کے لوگوں کی منظوری کی ضرورت ہوتی ہے۔	آئین میں کون سی مستثنیات ہیں جن میں ترمیم کرنے کے لئے خصوصی غور کی ضرورت ہے؟	وکٹوریہ کے پارلیمنٹ میں پارلیمنٹ کے پارلیمنٹ کی منظوری کی ضرورت کیا ہے؟	وکٹوریہ کے پارلیمنٹ میں پارلیمنٹ کی پارلیمنٹ کی منظوری کی ضرورت کیا ہے؟
uqa_valid	ماللی اور اوپری ویمرا وکٹوریہ کے <ans> سب سے گرم خطے </ans> ہیں جن میں قریبی نیم صحراؤں سے گرم ہوائیں چلتی ہیں۔	Mallee اور اوپری Wimmera کے موسم کی قسم کیا ہے؟	ماللی اور وی ویمرا کے جسم کے گرم علاقوں میں کیا مشترک ہے؟	ماللی اور وی ویمرا وکٹوریہ کے مقابلے میں کیا گرم ہے؟
uqa_valid	ماللی اور اوپری ویمرا وکٹوریہ کے گرم ترین علاقے ہیں جن میں قریبی <ans> نصف صحراؤں </ans> سے گرم ہوائیں چلتی ہیں۔	Mallee اور اوپری Wimmera کے موسم کی قسم کیا ہے؟	ماللی اور ڈیوڈ ویمرام کے گرم پانی کی مقدار میں سے کتنے لوگ ہیں؟	ماللی اور مال ویمرام کے گرم پانی کا کتنا حصہ گرم ہے؟
uqa_valid	اوسط درجہ حرارت موسم گرما کے دوران <ans> 32 ° C </ans> (90 ° F) اور موسم سرما میں 15 ° C (59 ° F) سے تجاوز کرتا ہے۔	موسم گرما میں اوسط درجہ حرارت کتنے سے زیادہ ہوتا ہے؟	موسم سرما میں اوسط درجہ حرارت کیا ہے؟	سیئٹل میں اوسط درجہ حرارت کیا ہے؟
uqa_valid	اوسط درجہ حرارت موسم گرما کے دوران <ans> 32 ° C (90 ° F) </ans> اور موسم سرما میں 15 ° C (59 ° F) سے تجاوز کرتا ہے۔	موسم گرما میں اوسط درجہ حرارت کتنے سے زیادہ ہوتا ہے؟	موسم سرما میں اوسط درجہ حرارت کیا ہے؟	موسم سرما میں اوسط درجہ حرارت کیا ہے؟
uqa_valid	اوسط درجہ حرارت موسم گرما کے دوران 32 ° C (90 ° F) اور موسم سرما میں <ans> 15 ° C </ans> (59 ° F) سے زیادہ ہوتا ہے۔	فاتح میں وکٹوریہ کا یہ علاقہ کتنا ٹھنڈا ہوتا ہے؟	موسم سرما میں موسم سرما میں اوسط درجہ حرارت کیا درجہ حرارت ہے؟	موسم سرما میں موسم سرما میں اوسط درجہ حرارت کیا ہے؟
uqa_valid	اوسط درجہ حرارت موسم گرما کے دوران 32 ° C (90 ° F) اور موسم سرما میں <ans> 15 ° C (59 ° F) </ans> سے تجاوز کرتا ہے۔	فاتح میں وکٹوریہ کا یہ علاقہ کتنا ٹھنڈا ہوتا ہے؟	موسم سرما میں موسم سرما میں اوسط درجہ حرارت کیا ہے؟	موسم سرما میں موسم سرما میں اوسط درجہ حرارت کیا ہے؟
uqa_valid	8 ° F) ، <ans> 7 فروری 2009 </ans> کو جنوبی مشرقی آسٹریلیا گرمی کی لہر کے دوران ہوپٹون میں ریکارڈ کیا گیا تھا۔	وہ گرمی کی لہر کب تھی جس میں ہوپٹون نے اپنا سب سے زیادہ درجہ حرارت ریکارڈ کیا تھا؟	جنوبی نائیجیریا کی جنوبی نصف لہر کب ہوئی؟	جنوبی نائیجیریا کا جنوبی نصف حصہ کب کھولا گیا؟
uqa_valid	پبلک اسکول ، جسے <ans> ریاست یا حکومت </ans> اسکول بھی کہا جاتا ہے ، وکٹورین ڈیپارٹمنٹ آف ایجوکیشن کے ذریعہ براہ راست فنڈ کیے جاتے ہیں اور چلائے جاتے ہیں۔	وکٹوریہ میں پبلک اسکول کیا ہیں؟	پبلک اسکول کا نام کیا ہے؟	پبلک اسکول کا نام کیا ہے؟
uqa_valid	پبلک اسکول ، جسے <ans> ریاست یا سرکاری اسکول </ans> بھی کہا جاتا ہے ، وکٹورین ڈیپارٹمنٹ آف ایجوکیشن کے ذریعہ براہ راست فنڈ کیے جاتے ہیں اور چلائے جاتے ہیں۔	وکٹوریہ میں پبلک اسکول کیا ہیں؟	پبلک اسکول کا نام کیا ہے؟	پبلک اسکول کا سرکاری نام کیا ہے؟
uqa_valid	سرکاری اسکول ، جسے ریاستی یا سرکاری اسکول بھی کہا جاتا ہے ، براہ راست <ans> وکٹوریا ڈیپارٹمنٹ آف ایجوکیشن </ans> کے ذریعہ مالی اعانت اور چلائے جاتے ہیں۔	کون سی تنظیم وکٹوریہ میں پبلک اسکولوں کو چلاتی ہے؟	سرکاری اسکولوں کے لئے سرکاری اسکول اور مالی امداد کے لئے ذمہ دار کون ہے؟	سرکاری اسکولوں کا سرکاری نام کیا ہے؟
uqa_valid	سرکاری اسکول ، جسے ریاستی یا سرکاری اسکول بھی کہا جاتا ہے ، براہ راست <ans> وکٹورین ڈیپارٹمنٹ آف ایجوکیشن </ans> کے ذریعہ مالی اعانت اور چلائے جاتے ہیں۔	کون سی تنظیم وکٹوریہ میں پبلک اسکولوں کو چلاتی ہے؟	سرکاری اسکولوں کے لئے سرکاری اسکول اور مالی امداد کے لئے ذمہ دار کون ہے؟	سرکاری اسکولوں کا سرکاری نام کیا ہے؟
uqa_valid	طلباء ٹیوشن فیس ادا نہیں کرتے ہیں ، لیکن <ans> کچھ اضافی اخراجات </ans> وصول کیے جاتے ہیں۔	چونکہ طلباء ٹیوشن ادا نہیں کرتے ہیں، انہیں وکٹوریہ میں اسکولنگ کے لئے کیا ادا کرنا پڑتا ہے؟	BYU کے طالب علموں کو کیا کہا جاتا ہے؟	واشنگٹن یونیورسٹی کے طالب علموں کو کیا کہا جاتا ہے؟
uqa_valid	طلباء ٹیوشن فیس ادا نہیں کرتے ہیں ، لیکن کچھ <ans> اضافی اخراجات </ans> وصول کیے جاتے ہیں۔	چونکہ طلباء ٹیوشن ادا نہیں کرتے ہیں، انہیں وکٹوریہ میں اسکولنگ کے لئے کیا ادا کرنا پڑتا ہے؟	BYU کے طالب علموں کے لئے کس قسم کا چارج کیا جاتا ہے؟	واشنگٹن یونیورسٹی کے طالب علموں کو کیا کہا جاتا ہے؟
uqa_valid	نجی فیس ادا کرنے والے اسکولوں میں <ans> رومن کیتھولک چرچ </ans> کے زیر انتظام پارش اسکول اور برطانوی سرکاری اسکولوں کی طرح آزاد اسکول شامل ہیں۔	کون سا چرچ وکٹوریہ میں کچھ نجی اسکول چلاتا ہے؟	نجی اسکولوں میں اسکولوں کے اسکولوں میں کون سا چرچ جامع اسکولوں میں شامل ہے؟	نجی اسکولوں میں اسکولوں کے اسکولوں میں کس اسکول کا انتظام کیا گیا ہے؟
uqa_valid	نجی فیس ادا کرنے والے اسکولوں میں <ans> رومن کیتھولک </ans> چرچ کے زیر انتظام پارش اسکول اور برطانوی سرکاری اسکولوں کی طرح آزاد اسکول شامل ہیں۔	کون سا چرچ وکٹوریہ میں کچھ نجی اسکول چلاتا ہے؟	اسکولوں میں اسکول آف اسکولوں میں کون سا مذہب جامع اسکولوں شامل ہے؟	نجی اسکولوں کے اسکولوں میں کون سا مذہبی ادارہ قائم کیا جاتا ہے؟
uqa_valid	تمام اسکولوں کو حکومت کے مقرر کردہ <ans> مذاکرہ </ans> کے معیارات کی تعمیل کرنی ہوگی۔	حکومت نے کون سے معیارات طے کیے ہیں جن کو تمام اسکولوں کو پورا کرنا ہوگا؟	تمام اسکولوں کو کس قسم کی حکومت کی ضرورت ہے؟	تمام سرکاری اسکولوں کو کیا کہا جاتا ہے؟
uqa_valid	تمام اسکولوں کو حکومت کے مقرر کردہ <ans> مطالعے کے معیارات </ans> کی تعمیل کرنی ہوگی۔	حکومت نے کون سے معیارات طے کیے ہیں جن کو تمام اسکولوں کو پورا کرنا ہوگا؟	تمام اسکولوں کو کیا کہا جاتا ہے؟	تمام اسکولوں کو کس چیز کی تعمیل کرنینی چاہئے؟
uqa_valid	تاریخی طور پر ، وکٹوریہ <ans> بڑے کار برانڈز </ans> فورڈ ، ٹویوٹا اور ہولڈن کے مینوفیکچرنگ پلانٹس کا اڈہ رہا ہے۔	وکٹوریہ جلد ہی کس قسم کا مینوفیکچرنگ پلانٹ کھو رہا ہے؟	میلبورن کے کون سے تاریخی پگڈن نے میلبورن میں گھنٹ ٹون اور مینوفیکچرنگن کے مینوفیکچرنگ کا ایوارڈ حاصل کیا؟	میلبورن کا کون سا حصہ ٹیلنٹ، اور ٹونن اور مینوفیکچرنگن کا مینوفیکچرنگ ہے؟
uqa_valid	تاہم ، اکیسویں صدی میں تینوں کمپنیوں کے بند ہونے کے اعلانات کا مطلب یہ ہوگا کہ آسٹریلیا اب عالمی <ans> کار </ans> صنعت کے لئے ایک بنیاد نہیں بنے گا ، فروری 2014 میں ٹویوٹا کے بیان میں 2017 کے بند ہونے کے سال کا خاکہ پیش کیا گیا ہے۔	وکٹوریہ جلد ہی کس قسم کا مینوفیکچرنگ پلانٹ کھو رہا ہے؟	کس صنعت نے کہا کہ اب ایک ہی وقت کے لئے ایک ہی وقت کے لئے ایک بنیاد فراہم کرے گا؟	کون سا صنعت اب ایک بار پھر کھیل کے طور پر بیان کیا گیا تھا؟
uqa_valid	تاہم ، اکیسویں صدی میں تینوں کمپنیوں کے بند ہونے کے اعلانات کا مطلب یہ ہوگا کہ آسٹریلیا اب عالمی کار صنعت کے لئے اڈہ نہیں بنے گا ، فروری 2014 میں ٹویوٹا کے بیان میں <ans> 2017 </ans> کے بند ہونے کے سال کا خاکہ پیش کیا گیا ہے۔	ٹویوٹا نے کہا ہے کہ وہ اپنے وکٹوریہ پلانٹ کو کب بند کرے گا؟	ٹویوٹا کے بیانات کے سال میں کتنے سال کا تہوار پیش کیا گیا تھا؟	ٹویوٹا کس سال میں پیش کیا گیا تھا؟
uqa_valid	ہولڈن کا اعلان <ans> مئی 2013 </ans> میں ہوا ، اس کے بعد اسی سال دسمبر میں فورڈ کا فیصلہ (برڈ میڈوز اور گیلونگ میں فورڈ کے وکٹورین پلانٹس اکتوبر 2016 میں بند ہوجائیں گے۔	ہولڈن نے کب اعلان کیا کہ وہ اپنے وکٹوریہ پلانٹ کو بند کرے گا؟	کس سال میںنن کا اعلان کیا گیا تھا؟	نن کا اعلان کب ہوا؟
uqa_valid	ہولڈن کا اعلان <ans> مئی 2013 میں </ans> ہوا ، اس کے بعد اسی سال دسمبر میں فورڈ کا فیصلہ (برڈ میڈوز اور گیلونگ میں فورڈ کے وکٹورین پلانٹس اکتوبر 2016 میں بند ہوجائیں گے۔	ہولڈن نے کب اعلان کیا کہ وہ اپنے وکٹوریہ پلانٹ کو بند کرے گا؟	نن کا اعلان کب ہوا؟	نن کا اعلان کب ہوا؟
uqa_valid	ہولڈن کا اعلان مئی <ans> 2013 </ans> میں ہوا ، اس کے بعد اسی سال دسمبر میں فورڈ کا فیصلہ (برڈ میڈوز اور گیلونگ میں فورڈ کے وکٹورین پلانٹ اکتوبر 2016 میں بند ہوجائیں گے۔	ہولڈن نے کب اعلان کیا کہ وہ اپنے وکٹوریہ پلانٹ کو بند کرے گا؟	کس سال میںنن کا اعلان کیا گیا تھا؟	کس سال میںنن کا اعلان کیا گیا تھا؟
uqa_valid	ہولڈن کا اعلان مئی 2013 میں ہوا ، اس کے بعد اسی سال دسمبر میں فورڈ کا فیصلہ (برڈ میڈوز اور گیلونگ میں فورڈ کے وکٹورین پلانٹ <ans> اکتوبر 2016 </ans> میں بند ہوجائیں گے۔	فورڈ کے مینوفیکچرنگ پلانٹس کب بند ہوں گے؟	فورڈ کے لئے فورڈ کا فیصلہ کب ہوا؟	فورڈ کا پہلا پلانٹ کب بند ہوا؟
uqa_valid	ہولڈن کا اعلان مئی 2013 میں ہوا ، اس کے بعد اسی سال دسمبر میں فورڈ کا فیصلہ (برڈ میڈوز اور گیلونگ میں فورڈ کے وکٹورین پلانٹ <ans> اکتوبر 2016 میں </ans> بند ہوجائیں گے) ۔	فورڈ کے مینوفیکچرنگ پلانٹس کب بند ہوں گے؟	ن کے فورڈ کے لئے پلانٹ کب بند ہوا؟	کس سال میں ن نے فورڈ کے لئے اسفالٹ کا اعلان کیا؟
uqa_valid	ہولڈن کا اعلان مئی <ans> 2013 </ans> میں ہوا ، اس کے بعد اسی سال دسمبر میں فورڈ کا فیصلہ (برڈ میڈوز اور گیلونگ میں فورڈ کے وکٹورین پلانٹ اکتوبر 2016 میں بند ہوجائیں گے۔	فورڈ کے مینوفیکچرنگ پلانٹس کب بند ہوں گے؟	کس سال میںنن کا اعلان کیا گیا تھا؟	کس سال میںنن کا اعلان کیا گیا تھا؟
uqa_valid	( <ans> برڈ میڈوز اور گیلونگ میں فورڈ کے وکٹورین پلانٹس اکتوبر 2016 میں بند ہوجائیں گے۔ </ans>	براڈمیڈوز میں کار کا کون سا برانڈ تیار کیا جاتا ہے؟	کیا ریگلی اسٹیڈیم کے لئے ایک قابل ذکر ریگولیم ہے؟	فریڈرک نے کیا کیا؟
uqa_valid	وکٹوریہ میں <ans> دریائی نظام </ans> کا ایک وسیع سلسلہ ہے۔	وکٹوریہ میں اعداد میں کس قسم کے ٹاپولوجیکل سسٹم پائے جاتے ہیں؟	وکٹوریہ کا کون سا نظام وکٹوریہ کا ایک وسیع نظام ہے؟	وکٹوریہ میں وکٹوریہ کا نظام کیا ہے؟
uqa_valid	ریاستی علامتوں میں لیڈ ہیٹر (ری اسٹیٹ پھول) ، ریاست کا جانور (بیٹ) اور <ans> ہیلمیٹ پرندہ </ans> شامل ہیں۔	وکٹوریہ کی ریاستی پرندہ کیا ہے؟	ریاست کے علاوہ، کون سا دوسرا ریاستی ریاست ریاست کے ساتھ ریاستی پھول کے طور پر جانا جاتا ہے؟	ریاست کے علاوہ، نیو یارک میں کون سی دوسری ریاست ہے؟
uqa_valid	شمال مشرق میں <ans> وکٹورین الپس </ans> وکٹوریہ کا سب سے ٹھنڈا حصہ ہے۔	وکٹوریہ کا سب سے ٹھنڈا حصہ کہاں ہے؟	شمال میں سب سے زیادہ مقبول یورپی یونین کیا ہے؟	شمال کا سب سے ٹھنڈا حصہ کون سا ہے؟
uqa_valid	شمال مشرق میں <ans> وکٹورین الپس </ans> وکٹوریہ کا سب سے سرد حصہ ہے۔	وکٹوریہ کا سب سے ٹھنڈا حصہ کہاں ہے؟	شمال میں سب سے زیادہ مقبول یورپی یونین کیا ہے؟	شمال میں سب سے کم درجہ حرارت کیا ہے؟
uqa_valid	الپس <ans> گریٹ ڈیویڈنگ رینج </ans> پہاڑی نظام کا حصہ ہیں جو وکٹوریا کے مرکز کے ذریعے مشرق سے مغرب تک پھیلا ہوا ہے۔	وکٹورین الپس کس پہاڑی نظام کا حصہ ہیں؟	الپس کا کون سا پہاڑی سلسلہ پہاڑی علاقوں کے ذریعے سفر کیا جاتا ہے؟	الپس کا کون سا پہاڑی سلسلہ گزرتا ہے؟
uqa_valid	الپس گریٹ ڈیویڈنگ رینج پہاڑی نظام کا حصہ ہیں جو وکٹوریہ کے مرکز کے ذریعے <ans> مشرق سے مغرب </ans> تک پھیلا ہوا ہے۔	پہاڑی نظام کس سمت میں پھیلا ہوا ہے؟	الپس کے مرکز کے ذریعے سفر کرنے کے لئے کس طرح کا سفر کیا جاتا ہے؟	الپس کا مرکز کہاں ہے؟
uqa_valid	اوسط درجہ حرارت موسم سرما میں 9 ° C (48 ° F) سے کم ہے اور رینج کے اعلی حصوں میں <ans> 0 ° C </ans> (32 ° F) ہے۔	موسم سرما میں پہاڑی سلسلہ کے سب سے اونچے حصے میں درجہ حرارت کیا ہے؟	درجہ حرارت میں اعلی درجہ حرارت کیا ہے؟	انٹارکٹیکا میں اعلی درجہ حرارت کا درجہ حرارت کیا ہے؟
uqa_valid	اوسط درجہ حرارت موسم سرما میں 9 ° C (48 ° F) سے کم ہے اور رینج کے اعلی حصوں میں <ans> 0 ° C (32 ° F </ans> سے نیچے ہے۔	موسم سرما میں پہاڑی سلسلہ کے سب سے اونچے حصے میں درجہ حرارت کیا ہے؟	کانگو میں اعلی درجہ حرارت کہاں درجہ حرارت سے نیچے ہے؟	کانگو کے اعلی درجہ حرارت میں اعلی درجہ حرارت کیا ہے؟
uqa_valid	وکٹوریہ میں ریل ٹرانسپورٹ کئی نجی اور عوامی ریلوے آپریٹرز کے ذریعہ فراہم کی جاتی ہے جو <ans> سرکاری ملکیت </ans> لائنوں پر کام کرتے ہیں۔	وکٹوریہ میں ریلوے لائنوں کا مالک کون ہے؟	نجی عوامی ریلوے ٹرینز کس کام پر کام کرتی ہے؟	وکٹوریہ اور عوامی ریلوے ٹرینز کس کام پر کام کرتے ہیں؟
uqa_valid	وکٹوریہ میں ریل ٹرانسپورٹ کئی نجی اور عوامی ریلوے آپریٹرز کے ذریعہ فراہم کی جاتی ہے جو <ans> سرکاری </ans> ملکیت والی لائنوں پر کام کرتے ہیں۔	وکٹوریہ میں ریلوے لائنوں کا مالک کون ہے؟	نجی ملکیت میں عوامی نجی ملکیت کے لئے عوامی ملکیت والی گاڑیوں پر کام کرنے والی ٹرینیں کس طرح کام کرتی ہیں؟	نجی ملکیت میں عوامی نجی ٹرینیں کس طرح کام کرتی ہیں؟
uqa_valid	وکٹوریہ میں ریل ٹرانسپورٹ <ans> کئی نجی اور عوامی ریلوے آپریٹرز </ans> کے ذریعہ فراہم کی جاتی ہے جو سرکاری ملکیت والی لائنوں پر کام کرتے ہیں۔	وکٹوریہ میں ریلوے لائنوں کا مالک کون ہے؟	وکٹوریہ کے ریل ٹرانسپورٹ سسٹم کی طرف سے ریل کی جاتی کام کیا ہے؟	وکٹوریہ کا ریل کون فراہم کرتا ہے؟
uqa_valid	اہم آپریٹرز میں شامل ہیں: <ans> میٹرو ٹرینز میلبورن </ans> جو پورے میلبورن اور مضافاتی علاقوں میں ایک وسیع ، بجلی سے چلنے والا ، مسافر نظام چلاتا ہے۔	میلبورن میں کون سی ریلوے لائن چلتی ہے؟	میلبورن میں ریلوے نظام کا نام کیا ہے؟	میلبورن کے مضافاتی علاقوں میں سے ایک کیا ہے؟
uqa_valid	وی / لائن جو اب <ans> ویکٹورین حکومت </ans> کی ملکیت ہے ، بڑے علاقائی مراکز کے لئے ایک مرکوز خدمت ، نیز دیگر لائنوں پر طویل فاصلے کی خدمات چلاتی ہے۔	کون سا ادارہ V/Line کا مالک ہے؟	وی/V اب بھی کس مالک ملکیت مالک ملکیت کا مالک ہے؟	وی/V کا مالک کون ہے؟
uqa_valid	وی / لائن جو اب <ans> وکٹورین حکومت </ans> کی ملکیت ہے ، بڑے علاقائی مراکز کے لئے ایک مرکوز خدمت چلاتی ہے ، نیز دیگر لائنوں پر لمبی دوری کی خدمات۔	کون سا ادارہ V/Line کا مالک ہے؟	وی/V اب بھی کس مالک کی ملکیت ہے؟	وی/V کا مالک کون ہے؟
uqa_valid	پیسیفک نیشنل ، سی ایف سی ایل آسٹریلیا جو <ans> سامان خدمات </ans> چلاتے ہیں۔	پیسیفک نیشنل کس قسم کی ریلوے لائن ہے؟	سی نیشنل سی سی کس قسم کی گاڑیاں ہے؟	سی نیشنل سی کس قسم کی گاڑیاں ہے؟
uqa_valid	پیسیفک نیشنل ، سی ایف سی ایل آسٹریلیا جو <ans> سامان </ans> خدمات چلاتے ہیں۔	پیسیفک نیشنل کس قسم کی ریلوے لائن ہے؟	نیشنل نیشنل سی سی کس قسم کے خدمات انجام دیتے ہیں؟	سی نیشنل سی کس قسم کے خدمات انجام دیتے ہیں؟
uqa_valid	اہم آپریٹرز میں شامل ہیں: میٹرو ٹرینز میلبورن جو میلبورن اور مضافاتی علاقوں میں ایک وسیع ، بجلی سے چلنے والا ، <ans> مسافر </ans> نظام چلاتا ہے۔	میٹرو ٹرینز میلبورن کس قسم کا ریل نظام ہے؟	میٹرو ٹرینز کس قسم کا نظام ہے؟	میٹرو ٹرینز کس قسم کا نظام ہے؟
uqa_valid	اہم آپریٹرز میں شامل ہیں: میٹرو ٹرینز میلبورن جو پورے میلبورن اور مضافاتی علاقوں میں <ans> وسیع ، بجلی سے چلنے والا ، مسافر نظام </ans> چلاتا ہے۔	میٹرو ٹرینز میلبورن کس قسم کا ریل نظام ہے؟	میٹرو ٹرینز میلبورن میں کیا ہے؟	میٹرو ٹرینز کس قسم کا نظام ہے؟
uqa_valid	سیاسی طور پر ، وکٹوریہ میں آسٹریلیائی ایوان نمائندگان میں <ans> 37 </ans> نشستیں اور آسٹریلیائی سینیٹ میں 12 نشستیں ہیں۔	آسٹریلوی ایوان نمائندگان میں وکٹوریہ کی کتنی نشستیں ہیں؟	وکٹوریہ میں کتنے ایوان نمائندگان ہیں؟	وکٹوریہ میں کتنے ایوان نمائندگان ہیں؟
uqa_valid	سیاسی طور پر ، وکٹوریہ میں آسٹریلیائی ایوان نمائندگان میں 37 نشستیں اور آسٹریلیائی سینیٹ میں <ans> 12 </ans> نشستیں ہیں۔	وکٹوریہ کے پاس سینیٹ میں کتنی نشستیں ہیں؟	وکٹوریہ میں آسٹریلیائی vap اور vaps میں کتنے نشستیں ہیں؟	وکٹوریہ کے آس پاس ایوان نمائندگان میں کتنی نشستیں ہیں؟
uqa_valid	ریاستی سطح پر ، وکٹوریہ کی پارلیمنٹ <ans> قانون ساز اسمبلی </ans> (نیچے ایوان) اور قانون ساز کونسل (اوپر ایوان) پر مشتمل ہے۔	وکٹورین پارلیمنٹ کے نچلے ایوان کو کیا کہا جاتا ہے؟	ریاستی قانون ساز اسمبلی کا نام کیا ہے؟	ریاستی قانون ساز اسمبلی کا نام کیا ہے؟
uqa_valid	ریاستی سطح پر ، وکٹوریہ کی پارلیمنٹ میں قانون ساز اسمبلی (نیچے ایوان) اور <ans> قانون ساز کونسل </ans> (اوپر ایوان) شامل ہیں۔	وکٹوریہ کی پارلیمنٹ کے ایوان بالا کو کیا کہا جاتا ہے؟	پارلیمنٹ کی پارلیمنٹ پارلیمنٹ میں پارلیمنٹ کی پارلیمنٹ کا قانون ساز اسمبلی کیا ہے؟	پارلیمنٹ کی پارلیمنٹ پارلیمنٹ قانون ساز اسمبلی کا نام کیا ہے؟
uqa_valid	ریاستی سطح پر ، وکٹوریہ کی پارلیمنٹ قانون ساز اسمبلی (نیچے ایوان) اور <ans> قانون ساز کونسل </ans> (اوپر ایوان) پر مشتمل ہے۔	وکٹوریہ کی پارلیمنٹ کے ایوان بالا کو کیا کہا جاتا ہے؟	پارلیمنٹ کی پارلیمنٹ کی پارلیمنٹ کی پارلیمنٹ کیا ہے؟	پارلیمنٹ کی پارلیمنٹ قانون ساز اسمبلی کا نام کیا ہے؟
uqa_valid	ریاست میں آسٹریلیا کی ملکہ کی ذاتی نمائندہ وکٹوریہ کی گورنر ہیں ، فی الحال <ans> لنڈا ڈیسو </ans> ۔	وکٹوریہ کا موجودہ گورنر کون ہے؟	ریاست کی ملکہ وکٹوریہ کی ملکہ وکٹوریہ کی ملکہ وکٹوریہ کی رہائش گاہ کی نشاندہی کرنے کے لئے کون سا نام استعمال کیا جاتا ہے؟	آسٹریلیا میں ملکہ وکٹوریہ کی ملکہ وکٹوریہ کا نام کیا ہے؟
uqa_valid	کچھ دن بعد ، ابھی بھی <ans> 1851 </ans> میں بالارٹ کے قریب سونا دریافت ہوا ، اور اس کے بعد بینڈیگو میں۔	بالارٹ کے قریب سونا کب پایا گیا تھا؟	بالون کے بال کب دریافت ہوئے؟	بالون کس سال دریافت کیا گیا تھا؟
uqa_valid	کچھ دن بعد ، ابھی بھی <ans> 1851 میں </ans> سونے کی دریافت بالارٹ کے قریب ، اور بعد میں بینڈیگو میں ہوئی۔	بالارٹ کے قریب سونا کب پایا گیا تھا؟	کس سال سونے کے دریافت کی دریافت ہوئی؟	کس سال سونے نے دریافت کیا؟
uqa_valid	اس نے دنیا میں اب تک کی سب سے بڑی <ans> گولڈ رش </ans> میں سے ایک کو متحرک کیا۔	وکٹوریہ میں سونے کی دریافت کا کیا نتیجہ نکلا؟	دنیا میں سب سے بڑی کامیابی کیا ہے؟	دنیا کی سب سے بڑی کامیابی کیا تھی؟
uqa_valid	اس سے دنیا میں اب تک دیکھا گیا سب سے بڑا <ans> گولڈ رش </ans> شروع ہوا۔	وکٹوریہ میں سونے کی دریافت کا کیا نتیجہ نکلا؟	دنیا میں سب سے بڑا سب سے بڑا کیا ہے؟	دنیا کا سب سے بڑا حصہ کیا ہے؟
uqa_valid	دس سالوں میں وکٹوریا کی آبادی میں 76،000 سے 540,000 تک <ans> سات گنا </ans> اضافہ ہوا۔	سونے کی دریافت کے بعد دس سالوں میں وکٹوریہ کی آبادی میں کتنا اضافہ ہوا؟	2014 میں آبادی میں آبادی کی آبادی کتنی تھی؟	2014 میں آبادی کی آبادی میں کتنا اضافہ ہوا؟
uqa_valid	دس سالوں میں وکٹوریا کی آبادی <ans> 76،000 سے 540،000 </ans> تک سات گنا بڑھ گئی۔	سونے کی دریافت کے بعد دس سالوں میں وکٹوریہ کی آبادی میں کتنا اضافہ ہوا؟	2014 میں و وریا کی آبادی کتنی تھی؟	وِسر کی آبادی کتنی تھی؟
uqa_valid	وکٹوریہ نے 1851-1860 کی دہائی میں <ans> 20 ملین اونس </ans> سونا تیار کیا ، جو دنیا کی پیداوار کا ایک تہائی ہے۔	1851 سے 1860 کے سالوں میں وکٹوریہ نے کتنا سونا تیار کیا؟	2000-2000 کی دہائی میں، وکٹوریہ نے کتنے سونا تیار کیا؟	وکٹوریہ نے 1960 کی دہائی میں کتنے سونا تیار کیا؟
uqa_valid	اگست 2010 تک ، وکٹوریہ میں <ans> 1,548 </ans> سرکاری اسکول ، 489 کیتھولک اسکول اور 214 آزاد اسکول تھے۔	اگست 2010 تک کتنے پبلک اسکول وکٹوریہ میں تھے؟	اگست 2010 تک وکٹوریہ میں کتنے سرکاری اسکول تھے؟	اگست 2010 تک وکٹوریہ میں کتنے سرکاری اسکول تھے؟
uqa_valid	اگست 2010 تک ، وکٹوریہ میں 1548 سرکاری اسکول ، <ans> 489 </ans> کیتھولک اسکول اور 214 آزاد اسکول تھے۔	وکٹوریہ میں کتنے کیتھولک اسکول تھے؟	اگست 2010 میں وکٹوریہ اسکول میں کتنے اسکول اسکول تھے؟	اگست 2010 میں وکٹوریہ کے اسکول میں کتنے کیتھولک اسکول تھے؟
uqa_valid	<ans> 540,800 </ans> سے تھوڑا کم طلباء سرکاری اسکولوں میں اور 311,800 سے تھوڑا زیادہ نجی اسکولوں میں داخلہ لے رہے تھے۔	وکٹوریہ میں سرکاری اسکولوں میں کتنے طلباء داخلہ لے رہے تھے؟	کتنے اسکولوں میں اسکولوں میں اسکولوں میں سرکاری اسکولوں میں داخلہ لیا گیا تھا؟	واشنگٹن یونیورسٹی میں سرکاری اسکولوں میں کتنے سرکاری اسکولوں میں داخلہ لیا گیا تھا؟
uqa_valid	وکٹوریہ میں تقریبا <ans> 63,519 </ans> کل وقتی اساتذہ ہیں۔	وکٹوریہ میں کتنے کل وقتی اساتذہ ہیں؟	وکٹوریہ کے کل وقتی کل وقتی کل وقتی کل وقتی کل وقتی کل وقتی کل وقتی کل وقتی کل وقتی کل وقتی کل وقتی کل وقتی کل وقت	وکٹوریہ میں کتنے کل وقتیی ہیں؟
uqa_valid	<ans> 61 </ans> فیصد سے زیادہ نجی طلباء کیتھولک اسکولوں میں تعلیم حاصل کرتے ہیں۔	پرائیویٹ اسکول کے طلباء کا کتنا فیصد کیتھولک اسکولوں میں جاتا ہے؟	واشنگٹن یونیورسٹی میں کتنے فیصد طلباء تعلیم حاصل کرتے ہیں؟	نوٹری ڈیم میں طالب علموں کا کتنا فیصد طلباء اسکولوں میں تعلیم حاصل کرتا ہے؟
uqa_valid	<ans> وکٹوریا </ans> آسٹریلیا میں دودھ کی کاشتکاری کا مرکز ہے۔	آسٹریلیا کی کون سی ریاست دودھ کی کاشتکاری کا مرکز ہے؟	آسٹریلیا میں دودھ کا مرکز کیا ہے؟	آسٹریلیا میں دودھ کا مرکز کیا ہے؟
uqa_valid	یہ آسٹریلیا کے <ans> 3 ملین </ans> دودھ کے مویشیوں میں سے 60٪ کا گھر ہے اور ملک کے تقریبا two دو تہائی دودھ ، تقریبا 6.	آسٹریلیا میں کتنی دودھ کی گائے ہیں؟	آسٹریلیا کے کتنے فیصد لوگ ہیں؟	آسٹریلیا کے کتنے فیصد لوگ ہیں؟
uqa_valid	یہ آسٹریلیا کے 3 ملین دودھ کے مویشیوں میں سے <ans> 60٪ </ans> کا گھر ہے اور ملک کے تقریبا two دو تہائی دودھ ، تقریبا 6.	آسٹریلیا کے دودھ کے مویشیوں کا کتنا فیصد وکٹوریہ میں پایا جاتا ہے؟	آسٹریلیا کا کتنا فیصد آسٹریلیا کے 3 ملین سے ہے؟	آسٹریلیا کا کتنا فیصد آسٹریلیا کا 3 ملین ہے؟
uqa_valid	یہ آسٹریلیا کے 3 ملین دودھ کے مویشیوں میں سے 60٪ کا گھر ہے اور ملک کے تقریبا <ans> دو تہائی </ans> دودھ ، تقریبا 6.	آسٹریلیا کے دودھ کا کتنا حصہ وکٹوریہ میں تیار کیا جاتا ہے؟	آسٹریلیا کے کتنے فیصد لوگ ہیں؟	آسٹریلیا کا کتنا فیصد آسٹریلیا کا 3 ملین ہے؟
uqa_valid	یہ آسٹریلیا کے 3 ملین دودھ کے مویشیوں میں سے 60٪ کا گھر ہے اور ملک کے دودھ کا <ans> تقریبا دو تہائی </ans> ، تقریبا 6.	آسٹریلیا کے دودھ کا کتنا حصہ وکٹوریہ میں تیار کیا جاتا ہے؟	آسٹریلیا کے انڈسٹری کا کتنا فیصد آسٹریلیا کے مقابلے میں ہے؟	آسٹریلیا کا کتنا فیصد آسٹریلیا کے مقابلے میں ہے؟
uqa_valid	زیادہ تر ابلون اور راک لابسٹر <ans> ایشیا </ans> کو برآمد کیا جاتا ہے۔	وکٹورین کے پانیوں میں پکڑے جانے والے زیادہ تر ابلون اور ہیمسٹر کو کہاں بھیج دیا جاتا ہے؟	زیادہ تر کن اور راک لابسٹر کو برآمد کیا جاتا ہے؟	بہت سے زیادہ تر راک اور راک لاسٹرسٹر کیا ہیں؟
uqa_valid	وکٹورین لائنیں بنیادی طور پر <ans> 1600 ملی میٹر </ans> (5 فٹ 3 انچ) براڈ گیج کا استعمال کرتی ہیں۔	وکٹورین ریلوے لائنوں کا گیج کیا ہے؟	کتنے مربع فٹ 2.0 سسٹم گیج سسٹم کا استعمال کرتے ہیں؟	رچمنڈ میں کتنے مربع فٹ گیج سسٹم استعمال کیے جاتے ہیں؟
uqa_valid	وکٹورین لائنیں بنیادی طور پر <ans> 1600 ملی میٹر (5 فٹ 3 انچ) براڈ گیج </ans> کا استعمال کرتی ہیں۔	وکٹورین ریلوے لائنوں کا گیج کیا ہے؟	ٹکسن کی بنیادی طور پر کیا استعمال کیا جاتا ہے؟	ٹکسن کا بنیادی استعمال کیا ہے؟
uqa_valid	تاہم ، بین ریاستی ٹرنک روٹس ، نیز ریاست کے مغرب میں متعدد شاخ لائنوں کو <ans> 1,435 ملی میٹر </ans> (4 فٹ 8 1/2 انچ) معیاری گیج میں تبدیل کردیا گیا ہے۔	وکٹوریہ کے مغرب میں کچھ لائنوں کو کس گیج پر تبدیل کیا گیا ہے؟	ریاست کی ریاستی سطح پر کتنے میٹر لمبا ہیں؟	بین ریاستی ٹرنک روٹس کتنا لمبا ہے؟
uqa_valid	تاہم ، بین ریاستی ٹرنک راستوں کے ساتھ ساتھ ریاست کے مغرب میں متعدد شاخ لائنوں کو <ans> 1,435 ملی میٹر (4 فٹ 8 1/2 انچ) معیاری گیج </ans> میں تبدیل کردیا گیا ہے۔	وکٹوریہ کے مغرب میں کچھ لائنوں کو کس گیج پر تبدیل کیا گیا ہے؟	ریاست کے مغرب میں کئی ریلوے لائنوں کو کیا تبدیل کرتا ہے؟	ریاست کے مغرب میں کتنی لائنیں ہیں؟
uqa_valid	دو سیاحتی ریلوے <ans> 760 ملی میٹر </ans> (2 فٹ 6 انچ) تنگ گیج لائنوں پر کام کرتے ہیں ، جو پانچ سابقہ سرکاری ملکیت والی لائنوں کی باقیات ہیں جو پہاڑی علاقوں میں تعمیر کی گئیں۔	دو سیاحتی لائنوں کو استعمال کرنے والی ریلوے لائنوں کا کیا گیج ہے؟	سیئٹل میں ریلوے اسٹیشن کتنی اونچائی پر کام کرتے ہیں؟	سیئٹل کے ریلوے سسٹم کتنی اونچائی پر کام کرتے ہیں؟
uqa_valid	دو سیاحتی ریلوے <ans> 760 ملی میٹر (2 فٹ 6 انچ) تنگ گیج لائنوں </ans> پر کام کرتے ہیں ، جو پانچ سابقہ سرکاری ملکیت والی لائنوں کی باقیات ہیں جو پہاڑی علاقوں میں تعمیر کی گئیں۔	دو سیاحتی لائنوں کو استعمال کرنے والی ریلوے لائنوں کا کیا گیج ہے؟	ریلوے سسٹم ریلوے سسٹم کتنی لمبی ہے؟	ریلوے سسٹم کتنی اونچائی پر کام کرتا ہے؟
uqa_valid	دو سیاحتی ریلوے 760 ملی میٹر (2 فٹ 6 انچ) تنگ گیج لائنوں پر کام کرتے ہیں ، جو پانچ سابقہ سرکاری ملکیت والی لائنوں کی باقیات ہیں جو <ans> پہاڑی علاقوں </ans> میں تعمیر کی گئیں۔	وکٹوریہ میں تنگ گیج ریلوے لائنیں کہاں تعمیر کی گئیں؟	پانچ ریلوے سسٹم کہاں تعمیر کیے گئے تھے؟	پانچ ریلوے سسٹم کہاں تعمیر کیے گئے تھے؟
uqa_valid	دو سیاحتی ریلوے 760 ملی میٹر (2 فٹ 6 انچ) تنگ گیج لائنوں پر کام کرتے ہیں ، جو <ans> پانچ </ans> سابقہ سرکاری ملکیت والی لائنوں کی باقیات ہیں جو پہاڑی علاقوں میں تعمیر کی گئیں۔	اس سے پہلے کتنی باریک گیج ریلوے لائنز حکومت کی ملکیت تھیں؟	کتنے سرکاری لائنوں لائنیں تعمیر کی جا سکتے ہیں؟	کتنے سرکاری لائنوں لائنیں تعمیر کیے جاتے ہیں؟
uqa_valid	<ans> 1788 </ans> میں نیو ساؤتھ ویلز کی کالونی کی بنیاد رکھنے کے بعد ، آسٹریلیا کو سڈنی میں نوآبادیاتی حکومت کے زیر انتظام نیو ساؤتھ ویلز کے نام سے مشرقی نصف اور نیو ہالینڈ کے نام سے مغربی نصف میں تقسیم کیا گیا تھا۔	نیو ساؤتھ ویلز کی کالونی کی بنیاد کب رکھی گئی تھی؟	نیو ساؤتھ ویلز کی بنیاد کب رکھی گئی تھی؟	نیو ساؤتھ ویلز کی بنیاد کس سال رکھی گئی تھی؟
uqa_valid	1788 میں نیو ساؤتھ ویلز کی کالونی کی بنیاد رکھنے کے بعد ، آسٹریلیا کو سڈنی میں نوآبادیاتی حکومت کے زیر انتظام <ans> نیو ساؤتھ ویلز </ans> کے نام سے مشرقی نصف اور نیو ہالینڈ کے نام سے مغربی نصف میں تقسیم کیا گیا تھا۔	1788 کی کالونی کے مشرقی نصف کا نام کیا تھا؟	1788 میں آسٹریلیا کو آسٹریلیا کے طور پر کس نام سے جانا جاتا تھا؟	1788 میں آسٹریلیا کو کس نام سے جانا جاتا تھا؟
uqa_valid	1788 میں نیو ساؤتھ ویلز کی کالونی کی بنیاد رکھنے کے بعد ، آسٹریلیا کو نیو ساؤتھ ویلز کے نام سے مشرقی نصف اور سڈنی میں نوآبادیاتی حکومت کے انتظام کے تحت <ans> نیو ہالینڈ </ans> کے نام سے مغربی نصف میں تقسیم کیا گیا تھا۔	کالونی کے مغربی نصف حصے کو کیا نام دیا گیا تھا؟	1788 میں آسٹریلیا میں کون سا مشرقی ساحل قائم کیا گیا تھا؟	1788 میں آسٹریلیا کو کس نام سے جانا جاتا تھا؟
uqa_valid	1788 میں نیو ساؤتھ ویلز کی کالونی کی بنیاد رکھنے کے بعد ، آسٹریلیا کو نیو ساؤتھ ویلز کے نام سے مشرقی نصف اور نیو ہالینڈ کے نام سے مغربی نصف میں تقسیم کیا گیا تھا ، جو <ans> سڈنی </ans> میں نوآبادیاتی حکومت کی انتظامیہ کے تحت تھا۔	نئی کالونی کا انتظام کرنے والی نوآبادیاتی حکومت کا مقام کہاں تھا؟	نیو ایمسٹرڈیم آسٹریلیا کی بنیاد کب رکھی گئی تھی؟	نیو ساؤتھ ویلز کی بنیاد کب رکھی گئی تھی؟
uqa_valid	<ans> 1854 </ans> میں بالارٹ میں کان کنوں نے کان کنی کے ٹیکسوں کے خلاف احتجاج کرتے ہوئے وکٹوریہ کی حکومت کے خلاف مسلح بغاوت کی تھی۔	جب کان کنی کے ٹیکس کے بارے میں Ballarat میں ایک مسلح احتجاج تھا؟	کان کان کان کان کانوں کانوں کانوں کانوں کانوں کے خلاف احتجاج کب ہوئی؟	کان کانوں کان کان کانوں کانوں کانوں نے کانوں کے خلاف احتجاج کب کیا؟
uqa_valid	یہ <ans> برطانوی فوجیوں </ans> کے ذریعہ کچل دیا گیا تھا ، لیکن عدم اطمینان نے نوآبادیاتی حکام کو انتظامیہ میں اصلاحات کرنے (خاص طور پر نفرت انگیز کان کنی لائسنس کی فیس کو کم کرنے) اور فرنچائز میں توسیع کرنے کی ترغیب دی۔	کس مسلح گروپ نے بالارٹ میں بغاوت کو روک دیا؟	کس نے اس کی حکومت کو ختم کرنے کی کوشش کی؟	کون سی فوجی تنظیم نے حکام کو برطرف کرنے میں مدد کی؟
uqa_valid	اسے برطانوی فوجیوں نے کچل دیا تھا ، لیکن عدم اطمینان نے نوآبادیاتی حکام کو انتظامیہ میں اصلاحات کرنے کی ترغیب دی (خاص طور پر نفرت انگیز <ans> کان کنی لائسنس فیس </ans> کو کم کرنے) اور فرنچائز میں توسیع کی۔	بالارٹ بغاوت کی وجہ سے نوآبادیاتی حکام نے کیا کم کیا؟	عدم استحکام نے کس کو کم کرنے کی کوشش کی؟	عدم استحکام نے کس کو کم کرنے میں مدد کی؟
uqa_valid	مختصر وقت کے اندر ، امپیریل پارلیمنٹ نے <ans> کولونی آف وکٹوریہ ایکٹ </ans> 1855 کی منظوری کے ساتھ وکٹوریہ کو ذمہ دار حکومت دی۔	کس ایکٹ کی منظوری نے وکٹوریہ کو اپنی حکومت دی؟	پارلیمنٹ نے کس ایکٹ کی تجویز کی؟	پارلیمنٹ کے ساتھ ساتھ، کون پارلیمنٹ ایکٹ کی منظوری کے لئے ذمہ دار تھا؟
uqa_valid	مختصر وقت کے اندر ، امپیریل پارلیمنٹ نے وکٹوریہ کو ذمہ دار حکومت عطا کی <ans> وکٹوریہ کی کالونی ایکٹ </ans> 1855 کی منظوری کے ساتھ۔	کس ایکٹ کی منظوری نے وکٹوریہ کو اپنی حکومت دی؟	وکٹوریہ نے وکٹوریہ کو کس ایکٹ کی منظوری دی؟	وکٹوریہ نے وکٹوریہ کو کس ایکٹ کی منظوری کی منظوری دی؟
uqa_valid	مختصر وقت کے اندر ، امپیریل پارلیمنٹ نے <ans> کولونی آف وکٹوریہ ایکٹ 1855 </ans> کی منظوری کے ساتھ وکٹوریہ کو ذمہ دار حکومت دی۔	کس ایکٹ کی منظوری نے وکٹوریہ کو اپنی حکومت دی؟	پارلیمنٹ کے ساتھ ساتھ، پارلیمنٹ پارلیمنٹ کو کس ایکٹ کی منظوری دی گئی تھی؟	پارلیمنٹ کے ساتھ ساتھ، پارلیمنٹ پارلیمنٹ کو کس ایکٹ کی منظوری دی گئی تھی؟
uqa_valid	وکٹوریہ کے وزیر اعظم قانون ساز اسمبلی میں <ans> سب سے زیادہ نشستوں </ans> کے ساتھ سیاسی جماعت یا اتحاد کے رہنما ہیں۔	وکٹوریہ کے وزیر اعظم کو قانون ساز اسمبلی میں قیادت کرنے کی کیا ضرورت ہے؟	وکٹوریہ کے وزیر اعظم کے سیاسی اتحاد کے لئے سیاسی اتحاد کیا ہے؟	وکٹوریہ کے وزیر اعظم کے لئے سیاسی اتحاد کیا ہے؟
uqa_valid	وکٹوریہ کے وزیر اعظم <ans> قانون ساز اسمبلی میں سب سے زیادہ نشستوں </ans> کے ساتھ سیاسی جماعت یا اتحاد کے رہنما ہیں۔	وکٹوریہ کے وزیر اعظم کو قانون ساز اسمبلی میں قیادت کرنے کی کیا ضرورت ہے؟	وکٹوریہ کے وزیر اعظم کے لئے وزیر اعظم کیا ہے؟	وکٹوریہ کے وزیر اعظم کا نام کیا ہے؟
uqa_valid	<ans> پریمیر </ans> حکومت کا عوامی چہرہ ہے اور کابینہ کے ساتھ ، قانون سازی اور سیاسی ایجنڈا طے کرتا ہے۔	وکٹوریہ میں قانون سازی کا ایجنڈا کون طے کرتا ہے؟	حکومت کا عوامی چہرہ کیا ہے؟	حکومت کا عوامی چہرہ کیا ہے؟
uqa_valid	<ans> وزیر اعظم حکومت کا عوامی چہرہ ہے اور ، کابینہ کے ساتھ ، </ans> قانون سازی اور سیاسی ایجنڈا طے کرتا ہے۔	وکٹوریہ میں قانون سازی کا ایجنڈا کون طے کرتا ہے؟	قانون سازی کے سیاسی قانون کا نام کیا ہے؟	برما میں سیاسی جماعتوں کو کیا کہا جاتا ہے؟
uqa_valid	<ans> پریمیر آف وکٹوریہ </ans> قانون ساز اسمبلی میں سب سے زیادہ نشستوں کے ساتھ سیاسی جماعت یا اتحاد کا رہنما ہے۔	وکٹوریہ میں قانون سازی کا ایجنڈا کون طے کرتا ہے؟	قانون ساز اسمبلی میں سب سے زیادہ سیاسی اتحاد کیا ہے؟	قانون ساز اسمبلی میں سب سے زیادہ سیاسی اتحاد کیا ہے؟
uqa_valid	کابینہ پارلیمنٹ کے کسی بھی ایوان میں منتخب <ans> نمائندوں </ans> پر مشتمل ہے۔	وکٹورین کابینہ میں کون ہو سکتا ہے؟	کابینہ پارلیمنٹ کے پارلیمنٹ میں پارلیمنٹ میں پارلیمنٹ میں شامل ہونے والے پارلیمنٹ میں پارلیمنٹ میں شامل ہونے والے پارلیمنٹ میں شامل ہونے والے پارلیمنٹ میں شامل ہونے والے پارلیمنٹ میں شامل ہونے والے پارلیمنٹ میں شامل ہونے والے پارلیمنٹ	کابینہ پارلیمنٹ کے پارلیمنٹ میں پارلیمنٹ کو کس چیز پر مشتمل ہے؟
uqa_valid	کابینہ میں <ans> پارلیمنٹ کے دونوں ایوانوں میں منتخب نمائندے </ans> شامل ہیں۔	وکٹورین کابینہ میں کون ہو سکتا ہے؟	کابینہ میں پارلیمنٹ میں شامل ہونے والے کابینہ میں پارلیمنٹ کو کیا کہا جاتا ہے؟	کابینہ میں پارلیمنٹ کو کیا کہا جاتا ہے؟
uqa_valid	وکٹوریہ کے موجودہ وزیر اعظم <ans> ڈینیئل اینڈریوز </ans> ہیں۔	وکٹوریہ کے موجودہ وزیر اعظم کون ہیں؟	وکٹوریہ کے موجودہ وزیر اعظم کون ہیں؟	وکٹوریہ کے موجودہ وزیر اعظم کون ہیں؟
uqa_valid	کابینہ پارلیمنٹ کے کسی بھی ایوان میں <ans> منتخب </ans> نمائندوں پر مشتمل ہے۔	وکٹورین کابینہ کے ارکان کا انتخاب کیسے کیا جاتا ہے؟	کابینہ پارلیمنٹ کے پارلیمنٹ میں پارلیمنٹ کے پارلیمنٹ میں پارلیمنٹ کو پارلیمنٹ میں پارلیمنٹ میں کس طرح شامل ہے؟	کابینہ پارلیمنٹ کے پارلیمنٹ میں پارلیمنٹ کے پارلیمنٹ میں پارلیمنٹ کو پارلیمنٹ میں کس پوزیشن پر مشتمل ہے؟
uqa_valid	اس نے قومی زرعی پیداوار کی کل مجموعی قیمت کا <ans> 24٪ </ans> کی نمائندگی کی۔	2003-04 کے مقابلے میں مجموعی زرعی پیداوار میں کتنا اضافہ ہوا؟	قومی زرعی پیداوار کی کل رقم کا کتنا فیصد قومی نژاد ہے؟	قومی زرعی پیداوار کا کتنا فیصد قومی نژاد ہے؟
uqa_valid	2003-04 کے دوران ، وکٹورین زرعی پیداوار کی مجموعی قیمت <ans> 17٪ </ans> سے بڑھ کر 8.	2003-04 میں زرعی مصنوعات میں کتنا فیصد اضافہ ہوا؟	2003 میں ، زرعی پیداوار کی پیداوار کی شرح کیا تھی؟	2003 میں حیدرآباد کی پیداوار کی قیمت کیا تھی؟
uqa_valid	2004 تک ، ایک اندازے کے مطابق <ans> 32,463 </ans> فارموں نے وکٹورین زمین کے تقریبا 136،000 مربع کلومیٹر (52,500 مربع میل) پر قبضہ کیا۔	وکٹوریہ میں کتنے فارم ہیں؟	2004 تک کتنے فارموں نے زمین پر قبضہ کیا؟	2004 تک کتنے فارموں نے زمین پر قبضہ کیا؟
uqa_valid	2004 تک ، تخمینہ 32،463 فارموں نے وکٹورین زمین کے <ans> 136،000 مربع کلومیٹر </ans> (52،500 مربع میل) کے ارد گرد قبضہ کیا۔	وکٹوریہ میں فارم کتنی زمین استعمال کرتے ہیں؟	2004 تک، کتنے مربع میلوں نے زمین پر قبضہ کیا؟	2004 تک، کتنے مربع میلوں نے زمین پر قبضہ کیا؟
uqa_valid	اس میں ریاست کی کل زمین کی سطح کا <ans> 60٪ </ans> سے زیادہ شامل ہے۔	وکٹوریہ کی زمین کا کتنا فیصد فارموں پر مشتمل ہے؟	ریاست کی کل آبادی کا کتنا فیصد ریاست سے ڈھکا ہے؟	ریاست کی کل زمین کا کتنا فیصد ریاست سے ڈھکا ہے؟
uqa_valid	بڑے واقعات بھی وکٹوریہ میں <ans> سیاحت </ans> میں ایک بڑا کردار ادا کرتے ہیں ، خاص طور پر ثقافتی سیاحت اور کھیلوں کی سیاحت۔	وکٹوریہ کی معیشت میں واقعات کیا کردار ادا کرتے ہیں؟	بڑے پیمانے پر کس قسم کی صنعت میں اضافہ ہوا؟	بڑے پیمانے پر کس قسم کا بڑا کردار ادا کیا جاتا ہے؟
uqa_valid	بڑے واقعات بھی وکٹوریہ میں سیاحت میں <ans> بڑا </ans> کردار ادا کرتے ہیں ، خاص طور پر ثقافتی سیاحت اور کھیلوں کی سیاحت۔	وکٹوریہ کی معیشت میں واقعات کیا کردار ادا کرتے ہیں؟	بڑے واقعات میں سیاحت میں کتنا کردار ادا کیا جاتا ہے؟	بڑے واقعات میں کتنے کردار ادا کرتے ہیں؟
uqa_valid	بڑے واقعات بھی وکٹوریہ میں سیاحت میں ایک بڑا کردار ادا کرتے ہیں ، خاص طور پر ثقافتی سیاحت اور <ans> کھیل </ans> سیاحت۔	ثقافتی تقریبات کے علاوہ، وکٹوریہ میں اور کون سے سیاحتی مقامات ہیں؟	سیاحت کے علاوہ سیاحت میں سیاحت کے سیاحت کے علاوہ ، سیاحت میں سیاحت کے سیاحت میں سیاحت کا سیاحت کیا ہے؟	سیاحت میں سیاحت کے سیاحت کے علاوہ ، سیاحت میں سیاحت کے سیاحت میں سیاحت کا سیاحت کیا ہے؟
uqa_valid	بڑے واقعات بھی وکٹوریہ میں سیاحت میں ایک بڑا کردار ادا کرتے ہیں ، خاص طور پر ثقافتی سیاحت اور <ans> کھیلوں کی سیاحت </ans> ۔	ثقافتی تقریبات کے علاوہ، وکٹوریہ میں اور کون سے سیاحتی مقامات ہیں؟	سیاحت کے علاوہ، سیاحت میں سیاحت کی سیاحت کے علاوہ ، سیاحت میں سیاحت کی سیاحت کیا ہے؟	سیاحت کے علاوہ، سیاحت میں سیاحت میں سیاحت کا سیاحت کیا ہے؟
uqa_valid	1562 تک ہیوگنوٹ کی تعداد تقریبا two دو ملین کے قریب پہنچ گئی ، جو بنیادی طور پر <ans> فرانس کے جنوبی اور وسطی حصوں </ans> میں مرکوز تھی ، جو فرانسیسی کیتھولک کی تعداد کا تقریبا one آٹھواں حصہ تھا۔	فرانس کی ہیوگنوٹ آبادی زیادہ تر کہاں مرکوز تھی؟	154 کے آس پاس کہاں سے زیادہ تر تھے؟	15 ملین سے زیادہ تر لوگوں کی آبادی کہاں تھی؟
uqa_valid	1562 تک ہیگنوٹ کی تعداد تقریبا two دو ملین تک پہنچ گئی ، جو بنیادی طور پر <ans> فرانس کے جنوبی اور وسطی حصوں </ans> میں مرکوز تھی ، جو فرانسیسی کیتھولک کی تعداد کا تقریبا one آٹھواں حصہ تھا۔	فرانس کی ہیوگنوٹ آبادی زیادہ تر کہاں مرکوز تھی؟	154 کے درمیان بنیادی طور پر کہاں اضافہ ہوا؟	154 کے درمیان بنیادی طور پر کس ملک میں اضافہ ہوا؟
uqa_valid	1562 تک ہیگنوٹ کی تعداد تقریبا two دو ملین تک پہنچ گئی ، جو بنیادی طور پر فرانس کے جنوبی اور وسطی حصوں میں مرکوز تھی ، جو فرانسیسی کیتھولک کی تعداد کا <ans> تقریبا ایک آٹھواں </ans> تھا۔	فرانس کی ہیوگنوٹ آبادی زیادہ تر کہاں مرکوز تھی؟	1520 تک فرانس میں کتنے فرانسیسی گرجا گھر تھے؟	1520 میں فرانس کی آبادی کتنی تھی؟
uqa_valid	1562 تک ہیوگنوٹ کی تعداد تقریبا two دو ملین تک پہنچ گئی ، جو بنیادی طور پر فرانس کے جنوبی اور وسطی حصوں میں مرکوز تھی ، <ans> فرانسیسی کیتھولک کی تعداد کا تقریبا one آٹھواں حصہ </ans> ۔	ہیوگنوٹس کا کیتھولکوں کے مقابلے میں تناسب کیا تھا؟	15 اکتوبر میں فرانس کے جنوبی حصوں میں کتنے فیصد لوگ رہتے تھے؟	15 اکتوبر میں فرانس کی آبادی کتنی تھی؟
uqa_valid	1562 تک ہیگنوٹ کی تعداد تقریبا two دو ملین تک پہنچ گئی ، جو بنیادی طور پر فرانس کے جنوبی اور وسطی حصوں میں مرکوز تھی ، جو فرانسیسی کیتھولک کی تعداد کا <ans> تقریبا ایک آٹھواں </ans> تھا۔	ہیوگنوٹس کا کیتھولکوں کے مقابلے میں تناسب کیا تھا؟	1520 تک فرانس میں کتنے فرانسیسی گرجا گھر تھے؟	1520 میں فرانس کی آبادی کتنی تھی؟
uqa_valid	مذہبی تنازعات کا ایک سلسلہ ، جسے مذہبی جنگیں کہا جاتا ہے ، وقفے وقفے سے <ans> 1562 سے 1598 تک </ans> لڑا گیا۔	مذہبی جنگیں کب لڑی گئیں؟	مذہبی جنگیں کب شروع ہوئیں؟	مذہبی جنگیں کب شروع ہوئیں؟
uqa_valid	مذہبی تنازعات کا ایک سلسلہ ، جسے <ans> 1562 سے 1598 تک </ans> مذہبی جنگوں کے نام سے جانا جاتا ہے ، وقفے وقفے سے لڑا گیا۔	مذہبی جنگیں کب لڑی گئیں؟	مذہبی مذہبی جنگوں کے درمیان مذہبی مذہبی اتحاد کب ختم ہوئی؟	مذہبی مذہبی جنگوں کب شروع ہوئی؟
uqa_valid	جنگیں آخر کار <ans> نانٹس کے احکامات </ans> کی فراہمی کے ساتھ ختم ہوگئیں۔	کون سا معاہدہ مذہب کی جنگوں کو ختم کرتا ہے؟	جنگیں کس چیز کی فراہمی کے ختم ختم ہوئیں؟	جنگیں کس چیز کی فراہمی کے ساتھ ختم ہوئیں؟
uqa_valid	جنگیں بالآخر <ans> نینٹس کے احکامات </ans> کی فراہمی کے ساتھ ختم ہوگئیں۔	کون سا معاہدہ مذہب کی جنگوں کو ختم کرتا ہے؟	جنگیں کس چیز کی فراہمی کے ختم ختم کرتی ہیں؟	جنگیں کس چیز کی فراہمی کے ختم ختم ہوئیں؟
uqa_valid	جنگیں آخر کار نینٹس کے حکم نامے کے ساتھ ختم ہوگئیں ، جس نے <ans> ہیگنوٹس کو کافی مذہبی ، سیاسی اور فوجی خودمختاری دی۔ </ans>	اس معاہدے نے کیا کیا؟	جنگ کے آخر کار کون سے مذہبی سیاسی مذہبی سیاسی مذہبی سیاسی مذہبی جنگ کے ساتھ ختم ہوئے؟	جنگ کے آخر میں کون سے مذہبی سیاسی مذہبی عہدیدار نے جنگ کو ختم کیا؟
uqa_valid	ایک اصطلاح جو اصل میں <ans> مضحکہ خیز </ans> میں استعمال کی جاتی ہے ، ہوگنوٹ کی ابتدا غیر واضح ہے۔	اصطلاح Huguenot اصل میں بات چیت کرنے کے لئے کیا گیا تھا؟	کون سا اصطلاح اصل میں استعمال کیا جاتا ہے؟	"کون سا اصطلاح اصل میں ""وٹوٹگن"" کی اصطلاح استعمال کرتا ہے؟"
uqa_valid	<ans> جنیوا </ans> جان کیلون کا گود لینے والا گھر اور کیلونسٹ تحریک کا مرکز تھا۔	سوئٹزرلینڈ کا کون سا شہر کیلونسٹ تحریک کا مرکز تھا؟	جان کیلون کا مرکز کیا تھا؟	جان کیلون کا مرکز کیا تھا؟
uqa_valid	لیبل ہیوگنوٹ مبینہ طور پر سب سے پہلے فرانس میں ان سازش کاروں (ان میں سے تمام ریفارمڈ چرچ کے اشرافیہ کے ممبران) پر لاگو کیا گیا تھا جو 1560 کے <ans> امبوز سازش </ans> میں ملوث تھے۔	فرانسیسی ہاؤس آف گیز سے اقتدار چھیننے کی سازش کو کیا نام دیا گیا تھا؟	15 دسمبر کے چرچ میں سب سے پہلے فرانس میں کس کے پاس تھے؟	سب سے پہلے فرانس میں سب سے پہلے کون سا تھا؟
uqa_valid	لیبل ہیوگنوٹ مبینہ طور پر سب سے پہلے فرانس میں ان سازش کاروں (ان میں سے تمام ریفارمڈ چرچ کے اشرافیہ کے ممبران) پر لاگو کیا گیا تھا جو 1560 کے <ans> امبوئس </ans> سازش میں ملوث تھے۔	فرانسیسی ہاؤس آف گیز سے اقتدار چھیننے کی سازش کو کیا نام دیا گیا تھا؟	154 کے چرچ میں سب سے پہلے فرانس میں کس نے خدمات انجام دیں؟	سب سے پہلے فرانس میں سب سے پہلے کون سا تھا؟
uqa_valid	لیبل ہیوگنوٹ مبینہ طور پر سب سے پہلے فرانس میں ان سازش کاروں (ان میں سے تمام ریفارمڈ چرچ کے اشرافیہ کے ممبران) پر لاگو کیا گیا تھا جو 1560 کے <ans> امبوئس سازش </ans> میں ملوث تھے۔	فرانسیسی ہاؤس آف گیز سے اقتدار چھیننے کی سازش کو کیا نام دیا گیا تھا؟	سب سے پہلے فرانس میں کون سا چرچ سب سے پہلے فرانس میں شامل کیا گیا تھا؟	سب سے پہلے فرانس میں سب سے پہلے فرانس میں کہاں شامل کیا گیا تھا؟
uqa_valid	لیبل ہیوگنوٹ مبینہ طور پر سب سے پہلے فرانس میں ان سازش کاروں (ان میں سے سب ریفارمڈ چرچ کے اشرافیہ کے ممبران) پر لاگو کیا گیا تھا جو <ans> 1560 </ans> کے امبائز سازش میں ملوث تھے۔	یہ کوشش کب کی گئی؟	کس سال میں سب سے پہلے فرانس میں سب سے پہلے چرچ میں شامل کیا گیا تھا؟	کس سال میں سب سے پہلے فرانس میں سب سے پہلے چرچ میں شامل کیا گیا تھا؟
uqa_valid	<ans> مقامی زبانوں میں بائبل کی دستیابی </ans> فرانس میں پروٹسٹنٹ تحریک کے پھیلاؤ اور ریفارمڈ چرچ کی ترقی کے لئے اہم تھی۔	فرانس میں پروٹسٹنٹزم کو پھیلانے میں کس چیز نے مدد کی؟	پروٹسٹنٹ تحریک کے پھیلاؤ میں کس قسم کی بائبل کی تخلیق کی گئی تھی؟	فرانس میں پروٹسٹنٹ تحریک کے لیے کس قسم کی بائبل کی ضرورت تھی؟
uqa_valid	فرانس میں پروٹسٹنٹ تحریک اور ریفارمڈ چرچ کی ترقی کے لئے <ans> مذہبی زبانوں میں بائبل </ans> کی دستیابی اہم تھی۔	فرانس میں پروٹسٹنٹزم کو پھیلانے میں کس چیز نے مدد کی؟	فرانس میں پروٹسٹنٹ تحریک اور پروٹسٹنٹ چرچ پروٹسٹنٹ تحریک کے لیے کیا اہم تھی؟	فرانس میں پروٹسٹنٹ تحریک اور پروٹسٹنٹ چرچ کی ترقی کے لیے کیا فروغ دیا گیا تھا؟
uqa_valid	<ans> 1294 کے آس پاس </ans> ، رومن کیتھولک پادری ، گیارڈ ڈی مولن نے صحیفوں کا ایک فرانسیسی ورژن تیار کیا۔	پہلی فرانسیسی زبان کی بائبل کب شائع ہوئی؟	رومن کیتھولک کا آغاز کب ہوا؟	رومن کیتھولک کا آغاز کب ہوا؟
uqa_valid	<ans> 1294 </ans> کے آس پاس ، رومن کیتھولک پادری ، گیارڈ ڈی مولن نے صحیفوں کا ایک فرانسیسی ورژن تیار کیا۔	پہلی فرانسیسی زبان کی بائبل کب شائع ہوئی؟	رومن کیتھولک چرچ نے کس سال فرانسیسی آئین تیار کیا؟	کس سال میں رومن کیتھولک چرچ نے پہلی بار فرانسیسی آئین کا فرانسیسی ورژن تیار کیا؟
uqa_valid	1294 کے آس پاس ، رومن کیتھولک پادری ، <ans> گیارڈ ڈی مولن </ans> کے ذریعہ صحیفوں کا ایک فرانسیسی ورژن تیار کیا گیا تھا۔	صحیفوں کا یہ ترجمہ کس نے کیا؟	12 کیتھولک کے ارد گرد کون سا فرانسیسی رومن کیتھولک فرانسیسی تھا؟	کون سا رومن کیتھولک رومن کیتھولک گروپ کا ایک ورژن تیار کرتا ہے؟
uqa_valid	جین ڈی ریلی کے ذریعہ ، اس کے مخطوطے پر مبنی دو جلدوں کا تصویری فولیو پیراگراف ورژن <ans> 1487 </ans> میں پیرس میں طباعت کیا گیا تھا۔	اس کا ایک تصویری، نقل شدہ ورژن کب شائع ہوا؟	کس سال میں ڈیوطلیو کا پہلا صدر تھا؟	کس سال میں ڈیوطلیو کا استعمال کیا گیا تھا؟
uqa_valid	جین ڈی ریلی کے ذریعہ ، اس کے مخطوطے پر مبنی دو جلدوں کا تصویری فولیو پیراگراف ورژن 1487 میں <ans> پیرس </ans> میں طباعت کیا گیا تھا۔	جین ڈی ریلی کے فرانسیسی زبان کے مصور صحیفے سب سے پہلے کس شہر میں شائع ہوئے تھے؟	Gomelomelomelomelomes کس سال میں لکھا گیا تھا؟	اس کتاب کا نام کیا تھا جہاں جینو ڈیوگراف کی باقیات کا استعمال کیا گیا تھا؟
uqa_valid	مونٹپیلیئر ان 66 <ans> ویلز ڈی سیوریٹی </ans> میں سے سب سے اہم میں سے ایک تھا جو 1598 کے حکم نامے نے ہوگنوٹس کو دیا تھا۔	1598 میں ہیوگنٹس کو دیئے گئے شہروں کو اجتماعی طور پر کیا کہا جاتا تھا؟	مونٹپیلیئر کس گروپ میں سب سے اہم تھا؟	مونٹپیلیئر کہاں منعقد کیا گیا تھا؟
uqa_valid	<ans> مونٹپیلیئر </ans> ان 66 شہروں میں سے سب سے اہم تھا جو 1598 کے حکم نامے نے ہوگنوٹس کو دیئے تھے۔	ان شہروں یا قصبوں میں سب سے اہم کون سا تھا؟	س شہروں میں کون سے اہم گروہ سب سے اہم تھے؟	س شہروں میں سب سے اہم مقام کیا تھا؟
uqa_valid	پیرس کے ساتھ تناؤ نے <ans> 1622 </ans> میں شاہی فوج کے محاصرے کا باعث بنا۔	فرانس نے کس سال مونٹپیلیئر کا محاصرہ کیا؟	پیرس کے فوج نے کب فوج کا محاصرہ کیا؟	پیرس میں فوج کا محاصرہ کب ہوا؟
uqa_valid	<ans> الیس کا حکم نامہ </ans> (1629) سے پہلے بھی ، پروٹسٹنٹ حکمرانی ختم ہوچکی تھی اور ول ڈی سیوریٹی اب نہیں تھی۔	کون سا اعلامیہ سرکاری طور پر ہیوگنٹ کی محدود خودمختاری کو ختم کرتا ہے؟	کون سا دوسرا عہدیدار پہلے حکمرانی کے بعد تھا؟	کون سا پہلا عہدیدار تھا جس نے پروٹسٹنٹزم کو ختم کیا تھا؟
uqa_valid	ایلس ( <ans> 1629 </ans> ) کے حکم نامے سے پہلے ہی پروٹسٹنٹ حکمرانی ختم ہوچکی تھی اور ویل ڈی سیوریٹ اب نہیں تھی۔	یہ اعلامیہ کب جاری کیا گیا؟	ایلس کب قائم کیا گیا تھا؟	ایلس کب قائم کیا گیا تھا؟
uqa_valid	کیپ آف گڈ ہوپ پر پہنچنے والا پہلا ہیوگنوٹ ماریا ڈی لا کوئلیری تھا ، جو کمانڈر جان وان ریبیک کی اہلیہ (اور والون چرچ کے وزیر کی بیٹی) تھی ، جو آج <ans> کیپ ٹاؤن </ans> میں ایک بستی قائم کرنے کے لئے 6 اپریل 1652 کو پہنچی تھی۔	کون سا جدید شہر اصل ہیوگنٹ کالونی پر واقع ہے؟	Putonce کی طرف سے قائم کیا گیا تھا جو؟	Putonce de Pocio de Pocion کی بنیاد کہاں رکھی گئی تھی؟
uqa_valid	کیپ آف گڈ ہوپ پر پہنچنے والا پہلا ہیوگنوٹ کمانڈر جان وان ریبیک (اور والون چرچ کے وزیر کی بیٹی) کی اہلیہ <ans> ماریا ڈی لا کوئلیری </ans> تھی ، جو آج کے کیپ ٹاؤن میں ایک بستی قائم کرنے کے لئے 6 اپریل 1652 کو پہنچی تھی۔	کیپ آف گڈ ہوپ پر پہنچنے والا پہلا ہیوگنٹ کون تھا؟	وان نیومن نے جان کیکپک کو کس کی طرف سے بنایا؟	وان نیومن کا پہلا لارڈ میئر کون تھا؟
uqa_valid	31 دسمبر 1687 کو ہیگنوٹس کا پہلا منظم گروپ ہالینڈ سے کیپ آف گڈ ہوپ پر <ans> ڈچ ایسٹ انڈیا کمپنی </ans> پوسٹ پر روانہ ہوا۔	کس تجارتی کمپنی نے کیپ کے قریب ہیوگنٹس کو آباد کرنے میں مدد کی؟	دسمبر کے بعد سے پہلے کس گروپ نے اپنے پہلے ادارے پر سب سے زیادہ قانونیپ حاصل کیا؟	کون سی کمپنی نے 1687 میں پہلا گروپ قائم کیا؟
uqa_valid	کیپ میں آباد ہونے والے ہیگنوٹس کا سب سے بڑا حصہ 1688 اور 1689 کے درمیان سات جہازوں میں منظم ہجرت کے حصے کے طور پر پہنچا ، لیکن کافی دیر سے <ans> 1700 </ans> کے طور پر پہنچا۔	نئے ہیوگنوٹ کالونیوں کی تعداد کس سال کے بعد کم ہوگئی؟	کس قسم کے کافی ہجرت کے بعد ہیسسس کے سب سے زیادہ نقصان تھے؟	کس قسم کے کافی ہجرت کے بعد ہیموسس کا سب سے بڑا حصہ بن گیا؟
uqa_valid	حکومت کی طرف سے نیو فرانس میں آباد ہونے سے روک دیا گیا ، جیسے ڈی فارسٹ کی قیادت میں ہوگنوٹس ، <ans> 1624 </ans> میں شمالی امریکہ روانہ ہوئے اور اس کے بجائے ڈچ کالونی نیو نیدرلینڈ (بعد میں نیو یارک اور نیو جرسی میں شامل) میں آباد ہوئے۔	ہیوگنٹس نے شمالی امریکہ میں کب استعمار کیا؟	کس سال میں نیو یارک کی پہلی بار نیو یارک شہر میں آباد ہوئے؟	کس سال شمالی امریکہ میں نیو یارک شہر میں آباد ہوئے؟
uqa_valid	حکومت کی طرف سے نیو فرانس میں آباد ہونے سے روک دیا گیا ، <ans> جیسے ڈی فارسٹ </ans> کی قیادت میں ہوگنوٹس ، 1624 میں شمالی امریکہ روانہ ہوئے اور اس کے بجائے ڈچ کالونی نیو نیدرلینڈ (بعد میں نیو یارک اور نیو جرسی میں شامل کیا گیا) میں آباد ہوئے۔	شمالی امریکہ کے ہیوگنٹ نوآبادیاتی مہم کی قیادت کس نے کی؟	کس نے انگریزوں کو نیو یارک میں آباد ہونے کے لئے نیو یارک میں شامل کیا؟	کون سا گروپ نیو میکسیکو سٹی میں آباد ہوا؟
uqa_valid	1628 میں ہیگنوٹس نے <ans> L'Église française à la Nouvelle-Amsterdam </ans> (نیو ایمسٹرڈیم میں فرانسیسی چرچ) کے طور پر ایک جماعت قائم کی۔	نئی دنیا میں سب سے پہلے ہیوگنٹ چرچ کا نام کیا تھا؟	1648 میں ہیسوٹس نے کس چرچ کے قیام قائم کی؟	1648 میں ہیسوٹس نے کون سا چرچ قائم کیا؟
uqa_valid	1628 میں ہیگنوٹس نے <ans> L'Église française à la Nouvelle-Amsterdam (نیو ایمسٹرڈیم میں فرانسیسی چرچ) </ans> کے طور پر ایک جماعت قائم کی۔	نئی دنیا میں سب سے پہلے ہیوگنٹ چرچ کا نام کیا تھا؟	166 میں ہیسوٹس نے کس چرچ کا قیام کیا؟	1681 میں ہیسوٹس نے کون سا چرچ قائم کیا؟
uqa_valid	یہ پارش آج بھی <ans> L'Eglise du Saint-Esprit </ans> کے طور پر جاری ہے ، جو ایپیسکوپل (انگلیکن) کمیونین کا حصہ ہے ، اور دنیا بھر سے فرانسیسی بولنے والے نیو یارکوں کا خیرمقدم کرتا ہے۔	وہ پہلا ہیوگنٹ چرچ آج کس نام سے جانا جاتا ہے؟	کون سا فرانسیسی لفظ نیو یارک میں دنیا بھر میں مقیم ہے؟	دنیا کا کون سا حصہ دنیا بھر میں مقیم ہے؟
uqa_valid	ابتدائی سالوں میں ، بہت سے ہیوگنوٹ بھی موجودہ <ans> چارلسٹن ، جنوبی کیرولائنا </ans> کے علاقے میں آباد ہوئے۔	ہیوگنٹس کس جنوبی شہر کے قریب آباد ہوئے؟	ابتدائی محققین کے بہت سے حصے کہاں سے آئے تھے؟	کس شہر کے علاقے میں بہت سے زیادہ تر عمارتیں تعمیر کیے گئے تھے؟
uqa_valid	ابتدائی سالوں میں ، بہت سے ہیوگنوٹ موجودہ <ans> چارلسٹن </ans> ، جنوبی کیرولائنا کے علاقے میں بھی آباد ہوئے۔	ہیوگنٹس کس جنوبی شہر کے قریب آباد ہوئے؟	جنوبی کیرولائنا کے علاقے میں کون سا چارلسٹن بہت سے زیادہ تر مقامی لوگ چارلسٹن کے قریب آباد ہوئے؟	جنوبی کیرولائنا کا کون سا علاقہ سب سے زیادہ مشہور ہے؟
uqa_valid	<ans> 1697 </ans> میں بارونیوں میں زمین کی ملکیت کے حق کے لئے برطانوی تاج سے درخواست دینے کے بعد ، وہ کوپر ، ایشپو ، ایشلے اور سانٹی ریور پودوں پر غلام مالکان کی حیثیت سے خوشحال ہوئے جو انہوں نے برطانوی لینڈ گریو ایڈمنڈ بیلنجر سے خریدا تھا۔	جب Huguenots Baronies میں زمین کی ملکیت کے حق کو محفوظ کیا؟	کس سال میں سینٹ جان نے زمین پر زمین کی درخواست کی؟	کس سال میں سینٹ بارٹس میں زمین کی ملکیت کی درخواست کی گئی تھی؟
uqa_valid	بارونیوں میں زمین کی ملکیت کے حق کے لئے 1697 میں برطانوی تاج سے درخواست دینے کے بعد ، وہ کوپر ، ایشپو ، ایشلے اور سانٹی ریور پودوں پر غلام مالکان کی حیثیت سے خوشحال ہوئے جو انہوں نے <ans> برطانوی لینڈ گریو ایڈمنڈ بیلنجر </ans> سے خریدا تھا۔	جنوبی کیرولائنا میں ہیوگنٹس نے کس سے زمین خریدی؟	کون سا ادارہ بیل نے اپنے نئے لقب کو زمین کے لئے درخواست دینے کے لئے درخواست کی؟	کون سا ادارہ بیل کی ملکیت کے لئے ذمہ دار تھا؟
uqa_valid	1697 میں بارونیوں میں زمین کی ملکیت کے حق کے لئے برطانوی تاج سے درخواست دینے کے بعد ، وہ کوپر ، ایشپو ، ایشلے اور سانٹی ریور پودوں پر غلام مالکان کی حیثیت سے خوشحال ہوگئے جنہیں انہوں نے برطانوی لینڈ گریو <ans> ایڈمنڈ بیلنجر </ans> سے خریدا تھا۔	جنوبی کیرولائنا میں ہیوگنٹس نے کس سے زمین خریدی؟	برطانوی آئرشو انڈینو نے کس برطانوی ایئر فورس سے خریدا؟	کون سا برطانوی برطانوی بادشاہ نے برطانوی جزیروں میں زمین کے لئے برطانوی تاج کو شکست دی؟
uqa_valid	1685 میں ، فرانس کے شہر <ans> پونز </ans> سے ریور ایلی پریولو ، وہاں آباد ہونے والے پہلے لوگوں میں سے ایک تھا۔	چارلسٹن کے آباد کار ایلی پریولو کس فرانسیسی شہر سے تھے؟	1685 میں فرانسیسی شہر کے ساتھ کس علاقے سے تعلق رکھتا تھا؟	1685 میں کون سا شہر سب سے پہلے آباد کیا گیا تھا؟
uqa_valid	1685 میں ، <ans> فرانس میں پونس </ans> کے شہر سے ریور ایلی پریولو ، وہاں آباد ہونے والے پہلے لوگوں میں سے ایک تھا۔	چارلسٹن کے آباد کار ایلی پریولو کس فرانسیسی شہر سے تھے؟	1685 میں کس علاقے میں آباد ہونے والے لوگوں نے آباد کاروں کو پری کیا؟	اس علاقے کا نام کیا تھا جس نے گوام میں آباد کیا تھا؟
uqa_valid	اسٹیڈ ہولڈر <ans> ویلیم III آف اورنج </ans> ، جو بعد میں انگلینڈ کا بادشاہ بن گیا ، فرانسیسیوں نے 1672 میں ڈچ جمہوریہ پر حملہ کرنے کے بعد بادشاہ لوئس XIV کا سب سے مضبوط مخالف کے طور پر ابھرا۔	لوئس چودہواں کا اہم حریف کون تھا؟	کون سے دو سال بعد بادشاہ نے بادشاہ لوئس کو بادشاہ کے طور پر دیکھا؟	کون سے دو شہروں نے یونان کے بادشاہ لوئس کا تختہ الٹ دیا؟
uqa_valid	<ans> اسٹڈ ہولڈر ولیم III آف اورنج </ans> ، جو بعد میں انگلینڈ کا بادشاہ بن گیا ، فرانسیسیوں نے 1672 میں ڈچ جمہوریہ پر حملہ کرنے کے بعد بادشاہ لوئس XIV کا سب سے مضبوط مخالف کے طور پر ابھرا۔	لوئس چودہواں کا اہم حریف کون تھا؟	بادشاہ لوئس کا بادشاہ کون تھا؟	بادشاہ لوئس کا بادشاہ کون تھا؟
uqa_valid	سٹیڈ ہولڈر ولیم III آف اورنج ، جو بعد میں <ans> انگلینڈ کا بادشاہ </ans> بن گیا ، فرانسیسیوں نے 1672 میں ڈچ جمہوریہ پر حملہ کرنے کے بعد بادشاہ لوئس XIV کا سب سے مضبوط مخالف کے طور پر ابھرا۔	ولیم آخر کار کون سا تخت حاصل کرے گا؟	15ڈ کے بعد بادشاہ لوئس نے کس بادشاہ کا بادشاہ بن؟	15ڈ کے بعد بادشاہ لوئس نے کس بادشاہ کا بادشاہ بن؟
uqa_valid	ولیم نے لوئس اور فرانسیسی ریاست کی مخالفت کرنے کے لئے ایک اتحاد کے طور پر <ans> لیگ آف آگزبرگ </ans> تشکیل دیا۔	لوئس چودہویں کے فرانس کی مخالفت کرنے کے لئے کون سا اتحاد کھڑا ہوا؟	ولیم نے فرانسیسی انقلاب کے لئے کس اتحاد تشکیل دیا؟	نپولین نے فرانسیسی اور فرانسیسی ریاست کی مخالفت کرنے کے لئے کون سا ادارہ تشکیل دیا؟
uqa_valid	اس کے نتیجے میں ، بہت سے ہیوگنٹس نے امیر اور کیلونسٹ <ans> ڈچ جمہوریہ </ans> کو سمجھا ، جس نے لوئس XIV کی مخالفت کی قیادت کی ، نانٹس کے حکم کی منسوخی کے بعد جلاوطنی کے لئے سب سے زیادہ پرکشش ملک کے طور پر۔	ہیوگنٹس نے کس یورپی ملک کے ساتھ ہجرت کے لئے رشتہ داری محسوس کی؟	بہت سےٹس نے کس ملک کو تسلیم کیا؟	کس ملک نے پالٹس کیٹس کی قیادت کی؟
uqa_valid	سٹیڈ ہولڈر ولیم III آف اورنج ، جو بعد میں انگلینڈ کا بادشاہ بن گیا ، فرانسیسیوں نے <ans> 1672 </ans> میں ڈچ جمہوریہ پر حملہ کرنے کے بعد بادشاہ لوئس XIV کا سب سے مضبوط مخالف کے طور پر ابھرا۔	فرانس اور ڈچ نے 17 ویں صدی میں کب لڑائی کی تھی؟	کس سال انگلینڈ نے بادشاہ لوئس پر حملہ کیا؟	کس سال انگلینڈ نے بادشاہ لوئس پر حملہ کیا؟
uqa_valid	جبکہ بالآخر تقریبا three تین چوتھائی کو مارا گیا یا تسلیم کیا گیا ، تقریبا <ans> 500،000 </ans> ہوگنوٹس 18 ویں صدی کے اوائل تک فرانس سے بھاگ گئے تھے۔	1700s کی طرف سے کتنے Huguenots فرانس سے بھاگ گیا؟	کتنے سال Cregrath صدی کے آخر میں فرانس کے گھروں کو کھو دیا گیا تھا؟	17 ویں صدی کے اوائل میں فرانس کے کتنے حصے بنائے گئے تھے؟
uqa_valid	جبکہ بالآخر تقریبا three تین چوتھائی کو مارا گیا یا تسلیم کیا گیا ، <ans> تقریبا 500،000 </ans> ہوگنوٹس 18 ویں صدی کے اوائل تک فرانس سے بھاگ گئے تھے۔	1700s کی طرف سے کتنے Huguenots فرانس سے بھاگ گیا؟	کتنے سکراہ کے ساتھ شناخت کیا گیا تھا؟	18 ویں صدی کے اوائل میں فرانس کے کتنے حصے بنائے گئے تھے؟
uqa_valid	<ans> فرانس میں کیتھولک چرچ </ans> اور اس کے بہت سے ممبران نے ہیوگنوٹس کی مخالفت کی۔	کون سا گروہ خاص طور پر ہیوگنوٹس کی مخالفت کرتا تھا؟	فرانس کے بہت سے ارکان نے کس چرچ کے خلاف احتجاج کیا؟	فرانس کے بہت سے ارکان نے کس چرچ کی مخالفت کی؟
uqa_valid	اس ظلم و ستم کا عروج <ans> سینٹ بارتھولومیو ڈے قتل عام </ans> تھا جب 5،000 سے 30،000 کو مارا گیا تھا ، حالانکہ اس کی بنیادی سیاسی وجوہات بھی تھیں ، کیونکہ کچھ ہیوگنوٹس جنوبی فرانس میں اقتدار کے الگ الگ مراکز قائم کرنے کی کوشش کرنے والے اشرافیہ تھے۔	ہیوگنوٹ کے ظلم و ستم کی بدترین مثال کیا تھی؟	اس کے قتل کے بعد کون سا قتل عام تھا؟	اس کی موت کے بعد کون سا قتل عام تھا؟
uqa_valid	اس ظلم و ستم کا عروج سینٹ بارتھولومیو ڈے قتل عام تھا جب <ans> 5،000 سے 30،000 </ans> مارے گئے تھے ، حالانکہ اس کی بنیادی سیاسی وجوہات بھی تھیں ، کیونکہ کچھ ہیوگنوٹس جنوبی فرانس میں اقتدار کے الگ الگ مراکز قائم کرنے کی کوشش کرنے والے اشرافیہ تھے۔	اس صفائی کے دوران کتنے Huguenots مارے گئے تھے؟	استھولتھولومی قتل عام طور پر کتنے سال میں تھے؟	سینٹتھولتھو کے قتل عام طور پر کتنے زخمی ہوئے تھے؟
uqa_valid	فرانسیسی کیتھولک کے خلاف انتقامی کارروائی کرتے ہوئے ، ہیوگنوٹس کی <ans> اپنی ملیشیا </ans> تھی۔	ہیوگنٹس نے اپنے آپ کا دفاع کیسے کیا؟	فرانس کے خلاف فرانسیسیوں کے خلاف کیا دلیل دی گئی تھی؟	چیس چیس کیس کے ساتھ کیا ہوا؟
uqa_valid	فرانسیسی کیتھولک کے خلاف انتقامی کارروائی کرتے ہوئے ، <ans> ہیوگنوٹس کی اپنی ملیشیا تھی۔ </ans>	ہیوگنٹس نے اپنے آپ کا دفاع کیسے کیا؟	فرانسیسی کیتھولک کے خلاف فرانسیسیوں کے خلاف کارروائی کے خلاف کیا دفاع کرنے کے لئے استعمال کیا گیا تھا؟	فرانسیسی کیتھولک کے ساتھ نمٹنے کے خلاف فرانسیسیوں کے خلاف کیا ہوا؟
uqa_valid	اس ظلم و ستم کا عروج سینٹ بارتھولومیو ڈے قتل عام تھا جب 5،000 سے 30،000 کو مارا گیا تھا ، حالانکہ اس کی بنیادی سیاسی وجوہات بھی تھیں ، کیونکہ <ans> کچھ ہیوگنوٹس جنوبی فرانس میں طاقت کے الگ الگ مراکز قائم کرنے کی کوشش کرنے والے اشرافیہ تھے۔ </ans>	اس قتل عام کی غیر مذہبی وجہ کیا تھی؟	سینٹتھولومیو قتل عام طور پر کس طرح کے تھے؟	سینٹتھولتھو کے قتل عام طور پر کیا کرتے تھے؟
uqa_valid	اس ظلم و ستم کا عروج سینٹ بارتھولومیو ڈے قتل عام تھا جب 5،000 سے 30،000 کو مارا گیا تھا ، حالانکہ اس کے لئے بنیادی <ans> سیاسی وجوہات </ans> بھی تھیں ، کیونکہ کچھ ہیگنوٹس جنوبی فرانس میں طاقت کے الگ الگ مراکز قائم کرنے کی کوشش کرنے والے اشرافیہ تھے۔	اس قتل عام کی غیر مذہبی وجہ کیا تھی؟	تھوتھوتھوتھوتھوتھو کے قتل عام طور پر کس طرح کے تھے؟	تھوتھوتھو کے قتل عام طور پر کیا کرتے تھے؟
uqa_valid	تین چھوٹی چھوٹی خانہ جنگیوں کا ایک سلسلہ <ans> ہیگنوٹ بغاوتوں </ans> کے نام سے جانا جاتا ہے ، بنیادی طور پر جنوب مغربی فرانس میں ، 1621 اور 1629 کے درمیان شاہی اقتدار کے خلاف بغاوت کی۔	ہیوگنٹس کی وجہ سے ہونے والی خانہ جنگیوں کو کیا کہا جاتا تھا؟	خانہ جنگی کے دوران خانہ جنگیوں کا کیا نتیجہ نکلا؟	خانہ جنگی کے دوران خانہ جنگیوں کو کیا کہا جاتا تھا؟
uqa_valid	تین چھوٹی چھوٹی خانہ جنگیوں کا ایک سلسلہ <ans> ہیگنوٹ بغاوتیں </ans> کے نام سے جانا جاتا ہے ، بنیادی طور پر جنوب مغربی فرانس میں ، 1621 اور 1629 کے درمیان شاہی اتھارٹی کے خلاف بغاوت کی۔	ہیوگنٹس کی وجہ سے ہونے والی خانہ جنگیوں کو کیا کہا جاتا تھا؟	خانہ جنگی کے دوران خانہ جنگیوں کا کیا نتیجہ نکلا؟	خانہ جنگی کے دوران شمالی خانہ جنگیوں کو کیا کہا جاتا تھا؟
uqa_valid	تین چھوٹی چھوٹی خانہ جنگیوں کا ایک سلسلہ شروع ہوا جسے ہیگنوٹ بغاوت کے نام سے جانا جاتا ہے ، بنیادی طور پر <ans> جنوب مغربی فرانس </ans> میں ، 1621 اور 1629 کے درمیان شاہی اقتدار کے خلاف بغاوت کی۔	یہ بغاوتیں کہاں ہوئیں؟	16 بغاوت کے 16 ویں صدی کے وسط میں شاہی بغاوت کہاں ہوئی؟	16 بغاوت کے 16 ویں صدی کے وسط میں بغاوت کہاں ہوئی؟
uqa_valid	تین چھوٹی چھوٹی خانہ جنگیوں کا ایک سلسلہ شروع ہوا جسے ہیگنوٹ بغاوت کے نام سے جانا جاتا ہے ، <ans> بنیادی طور پر جنوب مغربی فرانس میں </ans> ، 1621 اور 1629 کے درمیان شاہی اقتدار کے خلاف بغاوت کی۔	یہ بغاوتیں کہاں ہوئیں؟	16 بغاوت کے 16 ویں صدی کے دوران بغاوتوں کے خلاف بغاوت کہاں ہوئی؟	16 بغاوت کے 1648 میں بغاوتوں کے خلاف بغاوت کا سبب کیا تھا؟
uqa_valid	تین چھوٹی چھوٹی خانہ جنگیوں کا ایک سلسلہ شروع ہوا جسے ہیگنوٹ بغاوت کے نام سے جانا جاتا ہے ، بنیادی طور پر جنوب مغربی فرانس میں ، <ans> 1621 اور 1629 کے درمیان </ans> ۔	یہ بغاوتیں کب ہوئیں؟	مغربی فرانس میں کب حملہ شروع ہوا؟	مغربی پروشیا کب شروع ہوئی؟
uqa_valid	یہ بغاوت کیتھولک مذہب میں تبدیل ہونے سے پہلے ہیگنوٹ <ans> ہینری IV </ans> کی موت کے ایک دہائی بعد ہوئی ، جس نے نانٹس کے حکم کے ذریعے پروٹسٹنٹس کی حفاظت کی تھی۔	کون سا بادشاہ اور سابقہ ہوگنوٹ اس گروپ کی فلاح و بہبود کے لئے دیکھ بھال کرتا تھا؟	بغاوت کے بعد پروٹسٹنٹ مذہب میں کس نے مر گیا؟	قرون وسطی کے پہلے نصف حصے میں کون سا مذہب غالب تھا؟
uqa_valid	اس کے جانشین <ans> لوئی XIII </ans> ، اپنی اطالوی کیتھولک والدہ میری ڈی میڈیسی کی ریجنسی کے تحت ، پروٹسٹنٹزم کے بارے میں زیادہ عدم رواداری کا شکار ہوگئے۔	ہینری کے کون سے جانشین نے ہیوگنوٹس کا ظلم و ستم دوبارہ شروع کیا؟	ڈیرون ڈی کیسیسی کے بعد کون سا جانشین تھا؟	کس نے اپنی موت کے بارے میں اپنی موت کا شکار کیا؟
uqa_valid	جدید فرانس میں تقریبا <ans> ایک ملین </ans> پروٹسٹنٹ اس کی آبادی کا تقریبا 2٪ نمائندگی کرتے ہیں۔	آج فرانس میں کتنے پروٹسٹنٹ رہتے ہیں؟	فرانس میں تقریباً کتنے پروٹسٹنٹ رہتے ہیں؟	فرانس میں تقریباً کتنے پروٹسٹنٹ رہتے ہیں؟
uqa_valid	جدید فرانس میں <ans> تقریبا ایک ملین </ans> پروٹسٹنٹ اس کی آبادی کا تقریبا 2٪ کی نمائندگی کرتے ہیں۔	آج فرانس میں کتنے پروٹسٹنٹ رہتے ہیں؟	فرانس میں کتنے پروٹسٹنٹ رہتے ہیں؟	فرانس میں کتنے پروٹسٹنٹ رہتے ہیں؟
uqa_valid	جدید فرانس میں تقریبا ایک ملین پروٹسٹنٹ اس کی آبادی کا کچھ <ans> 2٪ </ans> کی نمائندگی کرتے ہیں۔	آج فرانس کی آبادی کا کتنا فیصد پروٹسٹنٹ ہے؟	فرانس میں آبادی کا کتنا فیصد جدید فرانس میں رہتا ہے؟	جدید فرانس میں آبادی کا کتنا فیصد جدید پروٹسٹنٹ ہے؟
uqa_valid	زیادہ تر شمال مشرقی فرانس میں <ans> السیس </ans> اور جنوب میں سیون پہاڑی خطے میں مرکوز ہیں ، جو آج بھی اپنے آپ کو ہوگنوٹ سمجھتے ہیں۔	فرانس کے کس شمالی صوبے میں پروٹسٹنٹ کی بڑی آبادی ہے؟	جنوب مشرقی جنوب میں جنوب میں کون سی سمت بہت سی ہے؟	جنوب مشرقی فرانس میں جنوب میں کون سا علاقہ ہے؟
uqa_valid	زیادہ تر شمال مشرقی فرانس میں السیس اور جنوب میں <ans> سیون </ans> پہاڑی خطے میں مرکوز ہیں ، جو آج بھی اپنے آپ کو ہوگنوٹ سمجھتے ہیں۔	وہ کون سا جنوبی علاقہ ہے جہاں پروٹسٹنٹ زیادہ ہیں؟	جنوب مشرقی اور جنوب میں جنوب مشرقی پہاڑی علاقوں میں کون سا پہاڑی سلسلہ ہے؟	جنوب مشرقی اور جنوب میں کون سا پہاڑی علاقہ ہے؟
uqa_valid	زیادہ تر شمال مشرقی فرانس میں السیس اور جنوب میں <ans> سیون پہاڑی خطے </ans> میں مرکوز ہیں ، جو آج بھی اپنے آپ کو ہوگنوٹ سمجھتے ہیں۔	وہ کون سا جنوبی علاقہ ہے جہاں پروٹسٹنٹ زیادہ ہیں؟	جنوب مشرقی اور جنوب میں جنوب مشرقی حصے میں کہاں واقع ہے؟	جنوب مشرقی اور جنوب کے جنوب مشرقی حصے میں کون سا پہاڑی سلسلہ ہے؟
uqa_valid	طویل عرصے سے آسٹریلیائی معاشرے میں ضم ، اسے <ans> آسٹریلیا </ans> کی ہوگنوٹ سوسائٹی کے ذریعہ اپنی ثقافتی ورثہ کو اپنانے اور برقرار رکھنے کی ترغیب دی جاتی ہے ، جس میں سوسائٹی کی نسلی تحقیقی خدمات کی مدد کی جاتی ہے۔	فی الحال کس ملک میں ایک گروہ ہے جو اپنے آپ کو ہیوگنٹس کہتا ہے؟	کون سا ملک معاشرے میں معاشرے کی سوسائٹی کو اپنی طرف متوجہ کرتا ہے؟	کون سا ملک معاشرے کی سوسائٹی کو اپنی ثقافت کو برقرار رکھنے کی اجازت دیتا ہے؟
uqa_valid	ایک شہر نیو یارک میں ، ایک اور 21 میل شمال میں نیو یارک کے ایک قصبے میں جسے انہوں نے <ans> نیو روچیل </ans> کا نام دیا ، اور تیسرا مزید شمال میں نیو پالٹز میں۔	نیو یارک کے شمال میں کون سا شہر ہوگنوٹس نے آباد کیا تھا؟	نیو یارک شہر میں نیو یارک کے لئے ایک اور نام کیا ہے؟	نیو یارک شہر میں نیو یارک شہر کا نام کیا ہے؟
uqa_valid	ایک شہر نیو یارک میں ، نیو یارک کے شمال میں ایک اور 21 میل شمال میں ایک قصبے میں جسے انہوں نے نیو روچیل کا نام دیا ، اور تیسرا مزید شمال میں <ans> نیو پالٹز </ans> میں۔	نیو یارک کے شمالی حصے میں کون سا قصبہ ہوگنوٹس نے آباد کیا تھا؟	نیول نیول کا شمال کس شہر میں واقع ہے؟	نیول نیول کا شمال کہاں واقع ہے؟
uqa_valid	<ans> نیو پالٹز میں ہیوگنٹ اسٹریٹ تاریخی ضلع </ans> کو قومی تاریخی نشان کے طور پر نامزد کیا گیا ہے اور اس میں ریاستہائے متحدہ امریکہ کی سب سے قدیم سڑک موجود ہے۔	کون سا ہیوگنوٹ علاقہ تاریخی نشان کے طور پر نامزد کیا گیا ہے؟	کون سا تاریخی نشان تاریخی طور پر قومی تاریخی نشان کے طور پر نامزد کیا گیا ہے؟	قومی تاریخی طور پر قومی تاریخی نشان کا نام کیا ہے؟
uqa_valid	نیو پالٹز میں <ans> ہیوگنٹ اسٹریٹ تاریخی ضلع </ans> کو قومی تاریخی نشان کے طور پر نامزد کیا گیا ہے اور اس میں ریاستہائے متحدہ امریکہ کی سب سے قدیم سڑک موجود ہے۔	کون سا ہیوگنوٹ علاقہ تاریخی نشان کے طور پر نامزد کیا گیا ہے؟	نیو ہیون میں کون سا ضلع تاریخی طور پر قومی تاریخی نشان کا گھر ہے؟	نیو ہیون میں کون سا ضلع تاریخی طور پر قومی تاریخی نشان کے طور پر نامزد کیا گیا ہے؟
uqa_valid	<ans> نیو پالٹز میں ہیوگنٹ اسٹریٹ تاریخی ضلع </ans> کو ایک قومی تاریخی نشان کے طور پر نامزد کیا گیا ہے اور اس میں ریاستہائے متحدہ امریکہ کی سب سے قدیم سڑک موجود ہے۔	کون سا ہیوگنوٹ علاقہ تاریخی نشان کے طور پر نامزد کیا گیا ہے؟	کون سا تاریخی تاریخی نشان تاریخی طور پر قومی تاریخی نشان کا گھر ہے؟	کون سا تاریخی مقام تاریخی طور پر قومی تاریخی نشان کے طور پر نامزد کیا گیا ہے؟
uqa_valid	نیو پالٹز میں ہیوگنٹ اسٹریٹ تاریخی ضلع کو قومی تاریخی نشان کے طور پر نامزد کیا گیا ہے اور اس میں <ans> ریاستہائے متحدہ امریکہ کی سب سے قدیم گلی </ans> موجود ہے۔	اس ضلع کے اندر کیا واقع ہے؟	نیو ہیون میں تاریخی طور پر نیو ہیون کے تاریخی مقام پر تاریخی طور پر کیا موجود ہے؟	نیو ہیون شہر میں تاریخی طور پر کس تاریخی مقام پر موجود ہے؟
uqa_valid	ہیوگنٹ کا ایک چھوٹا سا گروپ نیو یارک ہاربر کے ساتھ <ans> اسٹیٹن جزیرہ </ans> کے جنوبی ساحل پر بھی آباد ہوا۔	کس ضلع میں ایک پڑوس ہے جسے ہوگنوٹ کہا جاتا ہے؟	کون سا جزیرہ نیو یارک شہر کے قریب واقع ہے؟	کون سا جزیرہ نیو یارک شہر کے قریب واقع ہے؟
uqa_valid	نینٹس کے حکم نامے کی منسوخی کے بعد ، <ans> ڈچ جمہوریہ </ans> نے ہیوگنٹ پناہ گزینوں کا سب سے بڑا گروپ حاصل کیا ، جس کا تخمینہ مجموعی طور پر 75،000 سے 100،000 افراد تھا۔	ابتدائی طور پر کس ملک نے سب سے زیادہ ہیوگنٹ پناہ گزینوں کو قبول کیا؟	کس نے سب سے پہلے گروپ کی حمایت حاصل کی؟	کس گروپ نے سب سے پہلے گروپ کا سب سے بڑا گروپ حاصل کیا؟
uqa_valid	نینٹس کے حکم نامے کی منسوخی کے بعد ، <ans> ڈچ جمہوریہ </ans> نے ہگنوٹ مہاجرین کا سب سے بڑا گروپ حاصل کیا ، جس کا تخمینہ مجموعی طور پر 75،000 سے 100،000 افراد تھا۔	ابتدائی طور پر کس ملک نے سب سے زیادہ ہیوگنٹ پناہ گزینوں کو قبول کیا؟	کون سا گروپ سب سے بڑا گروپ تھا؟	کون سا گروپ سب سے بڑا گروپ تھا؟
uqa_valid	نینٹس کے حکم نامے کی منسوخی کے بعد ، ڈچ جمہوریہ نے ہگنوٹ مہاجرین کا سب سے بڑا گروپ حاصل کیا ، <ans> تقریباً مجموعی طور پر 75،000 سے 100،000 افراد </ans> ۔	کتنے پناہ گزین ڈچ جمہوریہ میں ہجرت کی؟	ہگنوٹ کی سب سے بڑی تعداد کیا ہے؟	ہگنوٹ کا سب سے بڑا گروپ کیا ہے؟
uqa_valid	نینٹس کے حکم نامے کی منسوخی کے بعد ، ڈچ جمہوریہ نے ہیوگنٹ پناہ گزینوں کا سب سے بڑا گروپ حاصل کیا ، جس کا تخمینہ مجموعی طور پر <ans> 75،000 سے 100،000 </ans> افراد تھا۔	کتنے پناہ گزین ڈچ جمہوریہ میں ہجرت کی؟	کتنے لوگوں نے ڈچ مالین مالین کے خلاف زمین حاصل کی؟	کتنے لوگوں نے ڈچ مالائی پناہین کی جگہ لے لی؟
uqa_valid	یہ ایک بہت بڑی آمد تھی کیونکہ اس وقت ڈچ جمہوریہ کی پوری آبادی <ans> تقریبا 2 ملین </ans> تھی۔	اس ہجرت سے پہلے ڈچ جمہوریہ کی آبادی کتنی تھی؟	ڈچ جمہوریہ کی آبادی کتنی تھی؟	ڈچ جمہوریہ کی آبادی کتنی تھی؟
uqa_valid	یہ ایک بہت بڑی آمد تھی کیونکہ اس وقت ڈچ جمہوریہ کی پوری آبادی تقریبا <ans> 2 ملین </ans> تھی۔	اس ہجرت سے پہلے ڈچ جمہوریہ کی آبادی کتنی تھی؟	ڈچ جمہوریہ کی ڈچ جمہوریہ میں تقریباً کتنے لوگ ڈچ جمہوریہ کی بڑی تعداد تھی؟	ڈچ جمہوریہ کی تخمینہ آبادی کتنی تھی؟
uqa_valid	1705 میں ، <ans> ایمسٹرڈم اور مغربی فریشیا کا علاقہ </ans> ہگنوٹ تارکین وطن کو مکمل شہری حقوق فراہم کرنے والے پہلے علاقے تھے۔	جمہوریہ کے کون سے دو علاقے سب سے پہلے ہیوگنٹس کو حقوق دینے والے تھے؟	کون سے دو علاقوں نے ہگن تارکین تارکین وطن کو مکمل شہری بنایا؟	ہگن تارکین تارکین وطن تارکین وطن کو مکمل کرنے والے پہلے شہری علاقوں میں سے پہلے کون تھے؟
uqa_valid	<ans> نینٹس کے حکم نامے کی منسوخی </ans> کے بعد ، ڈچ جمہوریہ نے ہگنوٹ مہاجرین کا سب سے بڑا گروپ حاصل کیا ، جس کا تخمینہ مجموعی طور پر 75،000 سے 100،000 افراد تھا۔	ہیوگنٹ پناہ گزینوں کی ہجرت کا پیش خیمہ کون سا اعلان تھا؟	ڈچ جمہوریہ کے لئے سب سے بڑا گروپ کیا تھا؟	کس واقعے کے بعد ڈچ جمہوریہ نے سب سے بڑا گروپ حاصل کیا؟
uqa_valid	<ans> نانٹس کے حکم نامے </ans> کی منسوخی کے بعد ، ڈچ جمہوریہ نے ہگنوٹ مہاجرین کا سب سے بڑا گروپ حاصل کیا ، جس کا تخمینہ مجموعی طور پر 75،000 سے 100،000 افراد تھا۔	ہیوگنٹ پناہ گزینوں کی ہجرت کا پیش خیمہ کون سا اعلان تھا؟	کس نے اپنی طرف سے ہگنوٹ انجن کا سب سے بڑا گروپ حاصل کیا؟	کس واقعے نے ڈچ جمہوریہ کے لئے سب سے بڑا گروپ حاصل کیا؟
uqa_valid	یہ <ans> ٹورس </ans> میں اس جگہ پر تھا کہ prétendus réformés (یہ مبینہ طور پر 'ریفارمڈ') عام طور پر رات کے وقت جمع ہوتے تھے ، سیاسی مقاصد کے لئے ، اور دعا اور گانا زبور کے لئے۔	کنگ ہیوگو کا دروازہ کہاں تھا؟	کون سا شہر اس وقت کے دوران جھایتیم کے ساتھ رات کے وقت کے دوران جمع کیا گیا تھا؟	کون سا شہر اس وقت کے دوران رات کے وقت کے طور پر استعمال کیا گیا تھا؟
uqa_valid	مقبول فنتاسی کا خیال تھا کہ <ans> ہیوگون </ans> ، کنگ ہیوگو کا دروازہ ، لی روئی ہیوگیٹ (جسے رومن کیتھولک ایک بدنام بدمعاش کے طور پر دیکھتے ہیں) اور دیگر روحوں کی طرف سے گھیر لیا گیا تھا ، جو رات کے وقت زندہ رہنے والوں کو نقصان پہنچانے کے لئے واپس آئے تھے۔	گیٹ کو اور کس نام سے جانا جاتا تھا؟	کون سا نظریہ ایک بار ایک رومن کیتھولک مذہب کے طور پر جانا جاتا تھا؟	کون یقین کرتا ہے کہ ایک رومن کیتھولک مذہب کے لئے جانا جاتا ہے؟
uqa_valid	مقبول فنتاسی کا خیال تھا کہ ہیوگون ، کنگ ہیوگو کا دروازہ ، <ans> لو روئی ہیوگیٹ کا بھوت </ans> (رومن کیتھولک کے ذریعہ ایک بدنام بدمعاش کے طور پر سمجھا جاتا ہے) اور دیگر روحوں کی طرف سے گھیر لیا گیا تھا ، جو رات کے وقت زندہ رہنے والوں کو نقصان پہنچانے کے لئے واپس آئے تھے۔	مبینہ طور پر گیٹ پر کون گھومتا تھا؟	کنگ جارج کا نام کیا تھا؟	کنگ جارج کا نام کیا تھا؟
uqa_valid	مقبول فنتاسی کا خیال تھا کہ ہیوگون ، کنگ ہیوگو کا دروازہ ، <ans> لوئی ہیوگیٹ کا بھوت </ans> (رومن کیتھولک کے ذریعہ ایک بدنام بدمعاش کے طور پر سمجھا جاتا ہے) اور دیگر روحوں کی طرف سے گھیر لیا گیا تھا ، جو رات کے وقت زندہ رہنے والوں کو نقصان پہنچانے کے لئے واپس آئے تھے۔	مبینہ طور پر گیٹ پر کون گھومتا تھا؟	کنگ جارج کا نام کیا تھا؟	کنگ جارج کا نام کیا تھا؟
uqa_valid	یہ ٹورس میں اس جگہ پر تھا کہ <ans> پریٹینڈوس ریفارم </ans> (یہ مبینہ طور پر 'ریفارمڈ' تھے) عام طور پر رات کے وقت جمع ہوتے تھے ، سیاسی مقاصد کے لئے ، اور دعا اور گیت گانے کے لئے۔	""" مبینہ طور پر اصلاح شدہ "" کس نام سے جانا جاتا تھا؟"	کون سا گروپ اس کے ساتھ رات کے وقت کے دوران رات کے وقت کے وقت کے وقت کے دوران رات کے وقت کے دوران جمع کیا گیا تھا؟	کون سا گروپ اس کے ساتھ رات کے وقت کے دوران رات کے وقت کے طور پر رات کے وقت کے دوران جمع کیا گیا تھا؟
uqa_valid	یہ ٹورس میں اس جگہ پر تھا کہ prétendus réformés (یہ مبینہ طور پر 'ریفارمڈ' تھے) عام طور پر <ans> رات </ans> میں جمع ہوتے تھے ، سیاسی مقاصد کے لئے ، اور دعا اور گانے کے لئے۔	ہیوگنوٹ رسومات میں حصہ لینے کے لیے یہ اصلاح پسند دن کے کس وقت جمع ہوتے تھے؟	س جوہریاسک اور س جوہریاس کے ساتھ ساتھ، کس قسم کے جمع عام طور پر سیاسی طور پر جمع ہوتے تھے؟	کس قسم کے پرندے عام طور پر سیاسی طور پر جمع ہوتے ہیں؟
uqa_valid	یہ ٹورس میں اس جگہ پر تھا کہ prétendus réformés (یہ مبینہ طور پر 'ریفارمڈ' تھے) عام طور پر <ans> رات میں </ans> اکٹھے ہوتے تھے ، سیاسی مقاصد کے لئے ، اور دعا اور گانے کے لئے۔	ہیوگنوٹ رسومات میں حصہ لینے کے لیے یہ اصلاح پسند دن کے کس وقت جمع ہوتے تھے؟	"سکس کہتے ہوئے ""ہائی"" کے لئے اصطلاح کیا ہے؟"	سکس کہتے ہیں کہ وہ کس طرح ٹھےے جاتے تھے؟
uqa_valid	<ans> کینٹربری </ans> میں والونز اور ہیوگنٹس کے دیگر شواہد میں ٹرنگین لین میں گھروں کا ایک بلاک شامل ہے ، جہاں بنے ہوئے کھڑکیاں اوپر کی منزل پر زندہ رہتی ہیں ، کیونکہ بہت سے ہیوگنٹس نے بنے ہوئے کے طور پر کام کیا۔	ہیوگنٹس اور والونز انگلینڈ میں کہاں آباد ہوئے؟	والونٹس اور ونگین لین میں گھروں کے لئے ایک اور اصطلاح کیا ہے؟	والونٹس کس سال تعمیر کیا گیا تھا؟
uqa_valid	<ans> ویورز </ans> ، دریا کے کنارے ایک آدھا لکڑی کا گھر ، 16 ویں صدی کے آخر سے تقریبا 1830 تک ایک ویورنگ اسکول کی جگہ تھی۔	کون سا گھر کینٹربری میں ایک تانے بانے کے اسکول کی سائٹ تھا؟	دریا کے کنارے ایک بڑے پیمانے پر ایک بڑا شہر کیا تھا؟	دریا کے کنارے ایک بڑے پیمانے پر گھر کا نام کیا تھا؟
uqa_valid	اس طرح کی <ans> معاشی علیحدگی </ans> شہر میں مہاجرین کی ابتدائی قبولیت کی شرط تھی۔	کینٹربری میں ہیوگنٹ پناہ گزینوں نے کس معاشرتی تعمیر کی مشق کی؟	شہر میں کس قسم کی معیشت کی ابتدائی پیداوار کی گئی تھی؟	شہر میں کس قسم کی حکومت کی گئی تھی؟
uqa_valid	کینٹربری میں والونز اور ہوگنوٹس کے دیگر شواہد میں ٹرنگین لین میں مکانات کا ایک بلاک شامل ہے ، جہاں ویوروں کی کھڑکیاں اوپر کی منزل پر زندہ رہتی ہیں ، کیونکہ بہت سے ہوگنوٹس نے <ans> ویوروں کے طور پر کام کیا </ans> ۔	کینٹربری میں ہیوگنٹ پناہ گزینوں نے کس معاشرتی تعمیر کی مشق کی؟	جب vissss کے لئے ایک plawss کے طور پر استعمال کیا گیا تھا؟	جب visss کے لئے ایک psbles کے طور پر استعمال کیا جاتا ہے؟
uqa_valid	وہ خاص طور پر <ans> کینٹ ، سینڈوچ ، فیورز اور میڈسٹون </ans> میں آباد ہوئے - جس میں مہاجرین کے گرجا گھر ہوتے تھے۔	انگریزی کے کون سے دوسرے قصبے ہوگنوٹ بستیوں کے مقامات تھے؟	کون سے آباد ہوئے تھے؟	کون سے شہروں میں آباد ہوئے؟
uqa_valid	وہ کینٹ میں دوسری جگہوں پر بھی آباد ہوئے ، خاص طور پر <ans> سینڈویچ ، فیورز اور میڈسٹون ٹاؤن </ans> - جس میں مہاجرین کے گرجا گھر تھے۔	انگریزی کے کون سے دوسرے قصبے ہوگنوٹ بستیوں کے مقامات تھے؟	کون سے گرجا گھر گرجا گھروں کے گرجا گھر تھے؟	کون سے گرجا گھر گرجا گھروں کے گرجا گھر تھے؟
uqa_valid	(یہ <ans> ریسٹورنٹ </ans> کے طور پر ڈھال لیا گیا ہے - اوپر کی مثال دیکھیں۔	فی الحال ویونگ ہاؤس کی سائٹ پر کیا واقع ہے؟	"""ن"" کے لئے اصطلاح کیا ہے؟"	"""ن"" کے لئے اصطلاح کیا ہے؟"
uqa_valid	(یہ ایک <ans> ریسٹورینٹ </ans> کے طور پر ڈھال لیا گیا ہے - اوپر کی مثال دیکھیں۔	فی الحال ویونگ ہاؤس کی سائٹ پر کیا واقع ہے؟	"""اسنٹ"" کے لئے اصطلاح کیا ہے؟"	"""ن"" کے لئے اصطلاح کیا ہے؟"
uqa_valid	17 ویں اور 18 ویں صدی میں متعدد ہیوگنٹس نے <ans> ڈبلن ، کورک ، یوگل اور واٹرفورڈ </ans> میں میئرز کی حیثیت سے خدمات انجام دیں۔	1600 اور 1700 کی دہائی میں کون سے آئرش شہروں کے میئر ہوگنوٹ تھے؟	17 ویں صدی میں، نوکلاسیکل کے میئر کون تھے؟	17 ویں صدی میں 18 ویں صدی میں کون سے دو شہروں میں میئر تھے؟
uqa_valid	مثالوں میں <ans> کورک سٹی </ans> میں ہیوگنٹ ڈسٹرکٹ اور فرانسیسی چرچ اسٹریٹ شامل ہیں۔	فرانسیسی چرچ سٹریٹ کس آئرش شہر میں ہے؟	کونگ شہر میں واقع ہے؟	نیوگنٹیاں کہاں واقع ہے؟
uqa_valid	اور <ans> ڈبلن </ans> میں ڈی اولیر اسٹریٹ ، جس کا نام ہائی شیرف اور بینک آف آئرلینڈ کے بانیوں میں سے ایک کے نام پر رکھا گیا ہے۔	D'Olier سٹریٹ کہاں ہے؟	ڈی اولیگ اسٹریٹ کس سال قائم کیا گیا تھا؟	ڈی اولیگ کا بانی کون تھا؟
uqa_valid	اور ڈبلن میں ڈی اولیر اسٹریٹ ، جس کا نام <ans> ہائی شیرف اور بینک آف آئرلینڈ کے بانیوں میں سے ایک </ans> کے نام پر رکھا گیا ہے۔	ڈولیئر اسٹریٹ کا نام کس کے نام پر رکھا گیا ہے؟	ڈی اولیگ اسٹریٹ کا نام کیا ہے؟	ڈی اولیگ اسٹریٹ کا نام کیا ہے؟
uqa_valid	اور ڈبلن میں ڈی اولیر اسٹریٹ ، جس کا نام <ans> ہائی شیرف </ans> اور بینک آف آئرلینڈ کے بانیوں میں سے ایک کے نام پر رکھا گیا ہے۔	ڈولیئر اسٹریٹ کا نام کس کے نام پر رکھا گیا ہے؟	ڈی اولیگ کا نام کیا ہے؟	ڈی اولیگ کا بانی کون ہے؟
uqa_valid	پورٹارلنگٹن میں ایک فرانسیسی چرچ <ans> 1696 </ans> کی تاریخ ہے ، اور شہر میں اہم نئی ہیوگنٹ کمیونٹی کی خدمت کے لئے بنایا گیا تھا۔	پورٹارلنگٹن میں فرانسیسی چرچ کب تعمیر کیا گیا تھا؟	پورٹللنگٹن میں عبادت کی تاریخ کیا ہے؟	پورٹلل کس سال تعمیر کیا گیا تھا؟
uqa_valid	فرانس سے ہیوگنٹس کی روانگی نے ایک <ans> دماغ کا بہاؤ </ans> پیدا کیا ، کیونکہ بہت سے ہیوگنٹس نے معاشرے میں اہم مقامات پر قبضہ کیا تھا۔	Huguenot ہجرت کے لئے فرانسیسی معاشرے کے اہم ارکان کے نقصان کے لئے عام اصطلاح کیا ہے؟	فرانس سے پہلے فرانس سے کیا ہوا؟	فرانس سے پہلے فرانس کو کیا کہا جاتا تھا؟
uqa_valid	فرانسیسی تاج نے غیر کیتھولک افراد کو <ans> نیو فرانس </ans> میں آباد ہونے کی اجازت دینے سے انکار کرنے سے اس کالونی کی آبادی میں اضافے کی سست شرح کی وضاحت کرنے میں مدد مل سکتی ہے۔	نئی دنیا میں فرانس کی بنیادی کالونی کا نام کیا تھا؟	فرانس میں رہنے کی آبادی کی شرح کی حد کیا ہے؟	فرانس میں رہنے کی آبادی میں اضافے کی شرح کیا ہے؟
uqa_valid	فرانسیسی تاج نے <ans> غیر کیتھولک </ans> کو نیو فرانس میں آباد ہونے کی اجازت دینے سے انکار کرنے سے اس کالونی کی آبادی میں اضافے کی سست شرح کی وضاحت کرنے میں مدد مل سکتی ہے۔	کن افراد کو نیو فرانس میں آباد ہونے کی اجازت نہیں تھی؟	فرانس میں رہنے کی آبادی میں اضافے کی شرح کیا ہے؟	فرانس کی آبادی میں اضافے کی شرح کیا ہے؟
uqa_valid	فرانسیسی اور ہندوستانی جنگ ( <ans> سات سالہ جنگ </ans> کا شمالی امریکی محاذ) کے وقت تک ، برطانوی کالونیوں میں ہیوگنٹ نسل کی ایک بڑی آبادی رہتی تھی ، اور بہت سے لوگوں نے 1759-60 میں نیو فرانس کی برطانوی شکست میں حصہ لیا۔	فرانسیسی اور ہندوستانی جنگ کس یورپی تنازعہ کا نیو ورلڈ پہلو تھی؟	فرانسیسی انقلاب کے دوران برطانوی جنگ کس جنگ میں لڑی گئی تھی؟	فرانسیسی انقلاب کس جنگ میں لڑی گئی تھی؟
uqa_valid	فرانسیسی اور ہندوستانی جنگ (سات سالہ جنگ کا شمالی امریکی محاذ) کے وقت تک ، برطانوی کالونیوں میں ہیوگنٹ نسل کی ایک بڑی آبادی رہتی تھی ، اور بہت سے لوگوں نے <ans> 1759-60 </ans> میں نیو فرانس کی برطانوی شکست میں حصہ لیا۔	انگریزوں نے نیو فرانس کو کب شکست دی؟	نیو فرانس کی لڑائی کس سال ہوئی تھی؟	نیو نیدرلینڈ کی لڑائی کس سال ہوئی تھی؟
uqa_valid	جنگ کو حتمی طور پر 1598 میں ختم کردیا گیا تھا ، جب <ans> ہینری آف ناوار </ans> نے ہنری IV کے طور پر فرانسیسی تخت پر کامیابی حاصل کی تھی ، اور رومن کیتھولک مذہب کے حق میں پروٹسٹنٹزم کو مسترد کردیا تھا ، اس نے نینٹس کا حکم جاری کیا۔	تخت پر فائز ہونے سے پہلے ہنری چوتھے کو کس نام سے جانا جاتا تھا؟	ہنری آٹھویں کے بعد تخت پر کس نے حکمرانی کی؟	رومن کیتھولک مذہب کے طور پر کس کو شکست دی گئی تھی؟
uqa_valid	جنگ بندی کو <ans> 1598 </ans> میں حتمی طور پر ختم کردیا گیا تھا ، جب ہنری آف ناوار ، ہنری IV کے طور پر فرانسیسی تخت پر کامیاب ہوئے ، اور رومن کیتھولک مذہب کے حق میں پروٹسٹنٹزم کو مسترد کردیا ، نے اینٹس کا حکم جاری کیا۔	ہنری نے نینٹس کا فرمان کب جاری کیا؟	کس جنگ میں جنگ بندی کے بعد برطانیہ کو ختم کر دیا گیا تھا؟	کس سال جنگ بندی کو ختم کر دیا گیا تھا؟
uqa_valid	حکم نے کیتھولک مذہب کو فرانس کے ریاستی مذہب کے طور پر دوبارہ تصدیق کی ، لیکن تخت کے تحت <ans> پروٹسٹنٹس کو کیتھولک کے ساتھ مساوات اور ان کے ڈومینز کے اندر مذہبی اور سیاسی آزادی کی ایک ڈگری دی </ans> ۔	فرمان نے فرانس میں ہوگنوٹس کے لئے کیا کیا؟	کیتھولک مذہب کے بادشاہ کے تحت کیا مذہب تھی؟	کیتھولک مذہب کے کیتھولک مذہب کو کیا سمجھا جاتا تھا؟
uqa_valid	حکم نے کیتھولک مذہب کو فرانس کے ریاستی مذہب کے طور پر دوبارہ تصدیق کی ، لیکن تخت کے تحت کیتھولک کے ساتھ <ans> پروٹسٹنٹ مساوات </ans> اور ان کے ڈومینز کے اندر مذہبی اور سیاسی آزادی کی ایک ڈگری دی۔	فرمان نے فرانس میں ہوگنوٹس کے لئے کیا کیا؟	کیتھولک مذہب کے کیتھولک مذہبی عقائد کے ساتھ مذہبی اتحاد کے ساتھ کیا مذہبی اتحاد کی پیروی کر رہے تھے؟	کیتھولک مذہب کے تحت کیتھولک مذہب کے ساتھ مذہبی اتحاد کے ساتھ کیا ہوا؟
uqa_valid	حکم نے کیتھولک مذہب کو فرانس کے ریاستی مذہب کے طور پر دوبارہ تصدیق کی ، لیکن <ans> پروٹسٹنٹس کو تخت کے تحت کیتھولک کے ساتھ مساوات اور ان کے ڈومینز کے اندر مذہبی اور سیاسی آزادی کی ایک ڈگری دی </ans> ۔	فرمان نے فرانس میں ہوگنوٹس کے لئے کیا کیا؟	کیتھولک مذہب کو کیتھولک مذہب کے طور پر کیا تصدیق کی گئی تھی؟	کیتھولک مذہب کو کیتھولک مذہب کے طور پر کیا تصدیق کی گئی تھی؟
uqa_valid	حکم نے ایک ہی وقت میں کیتھولک علاقوں میں <ans> نئے پروٹسٹنٹ گرجا گھروں کی بنیاد </ans> کی حوصلہ شکنی کرکے کیتھولک مفادات کی حفاظت کی۔	اس فرمان نے کیتھولکوں کی حفاظت کس چیز سے کی؟	کیتھولک مذہب میں کیتھولک مذہب کی حفاظت کی حفاظت کی وجہ کیا تھی؟	کیتھولک مذہب نے کیتھولک مذہب میں کیتھولک مذہب کی حفاظت کے لئے کیا حوصلہ افزائی کی؟
uqa_valid	حکم نے ایک ہی وقت میں <ans> کیتھولک کنٹرول والے علاقوں میں نئے پروٹسٹنٹ گرجا گھروں کی بنیاد </ans> کی حوصلہ شکنی کرکے کیتھولک مفادات کی حفاظت کی۔	اس فرمان نے کیتھولکوں کی حفاظت کس چیز سے کی؟	کیتھولک مذہب میں کیتھولک مذہب کی حفاظت کی حوصلہ افزائی کی گئی تھی؟	کیتھولک مذہب میں کیتھولک گرجا گھروں کی حفاظت کے لئے کیا حوصلہ افزائی کی گئی تھی؟
uqa_valid	جنگ کو حتمی طور پر 1598 میں ختم کردیا گیا تھا ، جب ہنری آف ناوار ، ہنری IV کے طور پر فرانسیسی تخت پر کامیاب ہوئے ، اور رومن کیتھولک مذہب کے حق میں <ans> پروٹسٹنٹزم </ans> سے دستبردار ہوگئے ، نے اینٹس کا حکم جاری کیا۔	ہینری نے تخت پر چڑھنے پر کس مذہب کو ترک کر دیا؟	رومن کیتھولک مذہب کے حق میں، کس رومن کیتھولک گروپ نے عنا شروع کیا؟	رومن کیتھولک مذہب کے بعد رومن کیتھولک مذہب کا آغاز کس نے کیا؟
uqa_valid	اس منسوخی نے پروٹسٹنٹ خدمات پر پابندی عائد کردی ، <ans> بچوں کو کیتھولک کے طور پر تعلیم دینے </ans> کی ضرورت کی ، اور ہجرت پر پابندی عائد کردی۔	حکم نامہ منسوخ ہونے کے بعد ہوگنوٹ بچوں سے کیا مطالبہ کیا گیا تھا؟	اس پابندی کی پابندی عائد کرنے کے لئے کیا ضرورت تھی؟	بچوں کی پابندی پر پابندی عائد کرنے کے لئے کیا ضرورت تھی؟
uqa_valid	اس منسوخی نے پروٹسٹنٹ خدمات پر پابندی عائد کردی ، <ans> بچوں کی تعلیم کو کیتھولک کے طور پر لازمی قرار دیا </ans> ، اور ہجرت پر پابندی عائد کردی۔	حکم نامہ منسوخ ہونے کے بعد ہوگنوٹ بچوں سے کیا مطالبہ کیا گیا تھا؟	بچوں کی پابندی کے پابندی پر پابندی عائد کرنے کے لئے کیا استعمال کیا گیا تھا؟	بچوں کی پابندی پر پابندی کیوں لگائی گئی؟
uqa_valid	اس منسوخی نے پروٹسٹنٹ خدمات پر پابندی عائد کردی ، بچوں کی تعلیم کو کیتھولک کے طور پر لازمی قرار دیا ، اور <ans> ممنوع ہجرت </ans> کی۔	اس منسوخی نے ہیوگنٹ کے سفر پر کس طرح پابندی عائد کی؟	بچوں کی تعلیم کے بارے میں کیا خیال ہے؟	بچوں کی تعلیم کے بارے میں کیا خیال ہے؟
uqa_valid	<ans> چار ہزار </ans> شمالی امریکہ کی نوآبادیات میں ہجرت کر گئے ، جہاں وہ خاص طور پر نیو یارک اور ورجینیا میں آباد ہوئے۔	کتنے Huguenots نوآبادیات کے طور پر شمالی امریکہ میں ہجرت کی؟	شمالی امریکہ میں کتنے شمالی امریکہ چلے گئے؟	شمالی امریکہ میں کتنے شمالی امریکہ چلے گئے؟
uqa_valid	وہ ہیوگنٹس جو فرانس میں رہے وہ کیتھولک بن گئے اور انہیں <ans> نئے تبدیل </ans> کہا جاتا تھا۔	فرانس میں رہنے والے ہیوگنٹس کو آخر کار کس نام سے جانا جاتا تھا؟	فرانس میں فرانس کے لئے ایک اور نام کیا تھا؟	فرانس میں کیتھولک چرچ کو کیا کہا جاتا تھا؟
uqa_valid	اس نے شہری خونریزی کو تیز کردیا ، تجارت کو برباد کردیا ، اور اس کے نتیجے میں سیکڑوں ہزاروں پروٹسٹنٹ غیر قانونی طور پر ملک سے بھاگ گئے ، جن میں سے بہت سے برطانیہ کے ساتھ ساتھ <ans> ہالینڈ ، پروسیا اور جنوبی افریقہ </ans> میں دانشور ، ڈاکٹر اور کاروباری رہنما بن گئے۔	ہیوگنٹ مہاجرین برطانیہ اور شمالی امریکہ کے علاوہ اور کہاں آباد ہوئے؟	ناصر نے کس ملک میں تیزی سے زیادہ اثر ڈالا؟	ناصر کے ساتھ ساتھ، کون سے ممالک نے برطانیہ کو متاثر کیا؟
uqa_valid	اس نے شہری خونریزی کو تیز کردیا ، تجارت کو برباد کردیا ، اور اس کے نتیجے میں سینکڑوں ہزاروں پروٹسٹنٹ ملک سے غیر قانونی طور پر بھاگ گئے ، جن میں سے بہت سے <ans> برطانیہ کے ساتھ ساتھ ہالینڈ ، پروسیا اور جنوبی افریقہ </ans> میں دانشور ، ڈاکٹر اور کاروباری رہنما بن گئے۔	ہیوگنٹ مہاجرین برطانیہ اور شمالی امریکہ کے علاوہ اور کہاں آباد ہوئے؟	ناصر نے کس ملک میں حصہ لیا؟	ناصر کو کس ملک میں تبدیل کیا گیا تھا؟
uqa_valid	فرانس چھوڑنے والے پہلے ہیوگنٹس نے <ans> سوئٹزرلینڈ اور نیدرلینڈز </ans> میں ظلم و ستم سے آزادی کی تلاش کی۔	ہیوگنٹ مہاجرین کی پہلی دو منزلیں کیا تھیں؟	فرانس کے پہلے دو علاقوں میں سے دو سب سے پہلے کہاں سے تھے؟	فرانس نے کس دو علاقوں میں آزادی حاصل کی؟
uqa_valid	ہیوگنٹس کا ایک گروپ فرانسیسی نوآبادیات کا حصہ تھا جو <ans> 1555 </ans> میں برازیل پہنچے اور فرانس انٹارکٹیکا کی بنیاد رکھی۔	جدید دور کے برازیل میں فرانسیسی کالونی کی بنیاد کب رکھی گئی؟	فرانس کے کس گروپ نے فرانس اور فرانس کی بنیاد رکھی؟	فرانس کی بنیاد کس سال رکھی گئی تھی؟
uqa_valid	ہیوگنٹس کا ایک گروپ فرانسیسی نوآبادیات کا حصہ تھا جو 1555 میں برازیل پہنچے اور <ans> فرانس انٹارکٹک </ans> کی بنیاد رکھی۔	برازیل کی فرانسیسی کالونی کو کیا کہا جاتا تھا؟	1530 کے اوائل میں ، فرانس کے کس گروپ نے فرانس کے ساتھ گروپ کا ایک گروپ قائم کیا؟	فرانس کے کس گروپ کی بنیاد رکھی گئی تھی؟
uqa_valid	یہ قلعہ <ans> 1560 </ans> میں پرتگالیوں کے ذریعہ تباہ کردیا گیا تھا ، جنہوں نے ہوگنوٹس کا ایک حصہ گرفتار کرلیا تھا۔	کس سال فورٹ Coligny تباہ کر دیا گیا تھا؟	کس سال میں Houssus Prances کے لئے تباہ کر دیا؟	یہ کس سال ہوا؟
uqa_valid	یہ دستاویز ، <ans> گوانابارا عقیدے کا اعتراف </ans> ، پورے امریکہ میں عقیدے کا پہلا پروٹسٹنٹ اعتراف بن گیا۔	ہیوگنٹس نے برازیل میں پرتگالیوں کو اپنے ایمان کا اعتراف کس دستاویز کے ذریعے کیا؟	امریکہ کا پہلا پروٹسٹنٹ کون تھا؟	امریکہ کا پہلا پروٹسٹنٹ کون تھا؟
uqa_valid	بہت سے خاندان ، آج زیادہ تر <ans> افریکانس </ans> بولنے والے ، کے نام ہیں جو ان کے فرانسیسی ہوگنوٹ نسب کی نشاندہی کرتے ہیں۔	جنوبی افریقہ میں فرانسیسی ناموں والے خاندان آج کل کون سی زبان بولتے ہیں؟	زیادہ تر آج کل زیادہ تر کس زبان بولتے ہیں؟	آج کل زیادہ تر کس زبان بولتے ہیں؟
uqa_valid	جنوبی افریقہ میں <ans> مغربی کیپ صوبہ </ans> میں بہت سے فارم اب بھی فرانسیسی نام رکھتے ہیں۔	جنوبی افریقہ میں سابقہ ہوگنوٹ فارم کہاں پائے جا سکتے ہیں؟	جنوبی افریقہ میں بہت سے فارم کہاں ہیں؟	جنوبی افریقہ میں بہت سے فارم کہاں ہیں؟
uqa_valid	بہت سے خاندان ، آج زیادہ تر افریقی زبان بولنے والے ، کے پاس اپنے فرانسیسی ہوگنوٹ نسب کی نشاندہی کرنے والے <ans> پسرنامے </ans> ہیں۔	کچھ جنوبی افریقیوں کی فرانسیسی نسل کی شناخت کس خصوصیت سے کی جاتی ہے؟	سنسکرت کے پاس سنسکرت کے پاس کیا ہو سکتا ہے؟	سنسکرت میں زیادہ تر افریقی زبان کیا ہیں؟
uqa_valid	جنوبی افریقہ میں مغربی کیپ صوبے میں بہت سے فارم اب بھی فرانسیسی <ans> نام </ans> رکھتے ہیں۔	کچھ جنوبی افریقیوں کی فرانسیسی نسل کی شناخت کس خصوصیت سے کی جاتی ہے؟	جنوبی افریقہ میں بہت سے فارم اب بھی کس قسم کے فرانسیسی زبان میں رہتے ہیں؟	جنوبی افریقہ میں بہت سے فارم کہاں واقع ہیں؟
uqa_valid	<ans> پال ریور </ans> ہوگنوٹ پناہ گزینوں سے نکلا تھا ، جیسا کہ ہنری لارنس تھا ، جس نے جنوبی کیرولائنا کے لئے کنفیڈریشن کے آرٹیکلز پر دستخط کیے تھے۔	کون سا انقلابی جنگ آدھی رات کا سوار ایک Huguenot اولاد تھا؟	کون سا Hagimons کے جنوبی کنفیڈریشن کے لئے کنفیڈریشن کے طور پر دستخط کیا گیا تھا؟	کس نے جنوبی کیرولائنا کے کنفیڈریشن کے کنفیڈریشن کنفیڈریشنز پر دستخط کیے؟
uqa_valid	پال ریور ہوگنوٹ پناہ گزینوں سے descended تھا ، جیسا کہ <ans> ہینری لارنس </ans> تھا ، جس نے جنوبی کیرولائنا کے لئے کنفیڈریشن کے آرٹیکلز پر دستخط کیے۔	کنفیڈریشن کے مضامین کے کس دستخط کنندہ Huguenots سے descended کیا گیا تھا؟	پال کنفیڈریشن کے کنفیڈریشن کنفیڈریشنز کے کنفیڈریشنز نے کس کنفیڈریشن کے لئے کنفیڈریشن کی؟	کون سا کنفیڈریشن جنوبی کیرولائنا کے کنفیڈریشن کے کنفیڈریشنز پر دستخط کیے گئے تھے؟
uqa_valid	شمالی امریکہ میں آخری فعال ہوگنوٹ جماعت <ans> چارلسٹن ، جنوبی کیرولائنا </ans> میں ایک چرچ میں عبادت کرتی ہے۔	امریکہ میں آخری ہیوگنٹ جماعت کس شہر میں ہے؟	شمالی امریکہ میں آخری فعال آخری بپٹسٹ کہاں واقع ہے؟	شمالی امریکہ میں آخری فعال کہاں واقع ہے؟
uqa_valid	شمالی امریکہ میں آخری فعال ہوگنوٹ جماعت <ans> چارلسٹن </ans> ، جنوبی کیرولائنا میں ، ایک چرچ میں عبادت کرتی ہے جو 1844 سے ہے۔	امریکہ میں آخری ہیوگنٹ جماعت کس شہر میں ہے؟	شمالی کیرولائنا میں آخری فعال آخری نمبر کیا ہے؟	شمالی کیرولائنا میں آخری فعال آخری نمبر کیا ہے؟
uqa_valid	ہگنوٹ سوسائٹی آف امریکہ ورجینیا میں <ans> مینکن ایپیسکوپل چرچ </ans> کو کبھی کبھار خدمات کے ساتھ ایک تاریخی مزار کے طور پر برقرار رکھتی ہے۔	ورجینیا میں کون سا چرچ ایک تاریخی مزار کے طور پر Huguenots کی طرف سے برقرار رکھا جاتا ہے؟	کون سا چرچ امریکی فضائیہ کے ساتھ ایک تاریخی تاریخی طور پر برقرار رکھتا ہے؟	ہگن لائبریری سوسائٹی آف امریکہ میں کون سا چرچ تباہ کرتا ہے؟
uqa_valid	سوسائٹی کے متعدد ریاستوں میں باب ہیں ، جس میں <ans> ٹیکساس </ans> سب سے بڑا ہے۔	سب سے بڑی ہیوگنٹ سوسائٹی کس ریاست میں واقع ہے؟	سوسائٹی کے ریاستوں میں سب سے بڑا خطرہ کیا ہے؟	سوسائٹی کے ریاستوں میں سب سے بڑا خطرہ کیا ہے؟
uqa_valid	کچھ ہیوگنٹس بیڈفورڈ شائر میں آباد ہوئے ، جو اس وقت برطانوی <ans> لیس </ans> صنعت کے اہم مراکز میں سے ایک تھا۔	بیڈفورڈ شائر میں کس صنعت کا مرکز تھا؟	Rutwaffende کے گھر کس برطانوی شہر میں تھا؟	کس قسم کی صنعت نے بی بیٹس کو متاثر کیا؟
uqa_valid	کچھ ہیوگنٹس بیڈفورڈشائر میں آباد ہوئے ، جو اس وقت <ans> برطانوی لیس </ans> کی صنعت کے اہم مراکز میں سے ایک تھا۔	بیڈفورڈ شائر میں کس صنعت کا مرکز تھا؟	کچھ ڈشڈش وشڈش و شمار کس کاؤنٹی میں اہم تھا؟	کچھ ڈشڈٹس ویلڈش میں آباد ہونے والا کون سا ادارہ تھا؟
uqa_valid	اس کا مطلب یہ ہے کہ <ans> بکس پوائنٹ </ans> کے نام سے جانا جانے والا لیس ایک ہیوگنٹ اثر و رسوخ کا مظاہرہ کرتا ہے ، جو لیل گراؤنڈ پر میکلن نمونوں کا مجموعہ ہے ، غلط ہے۔	کچھ لوگوں کا غلط خیال ہے کہ کس قسم کے لینس پر ہیوگنوٹ کا اثر پڑا ہے؟	لیلنٹی کا کون سا حصہ اس کے بجائے ایک برینٹنٹنٹ کا اشتراک کرتا ہے؟	To Kill a Mockingbird کا ایک اور نام کیا ہے؟
uqa_valid	اس دور میں تارکین وطن لیس میکرز کا واحد حوالہ <ans> بیس پچیس بیوہ خواتین ہیں جو ڈوور میں آباد ہوئیں </ans> ہے ، اور اس کی حمایت کرنے کے لئے کوئی معاصر دستاویزات موجود نہیں ہیں۔	انیسویں صدی میں ہیوگنوٹ لینس میکرز کا کیا حوالہ ہے؟	کون سا مشہور تارکین وطن اس کے دور میں ایک بار پھر آنے کے لئے کوئی مسئلہ تھا؟	کون سا مشہور تارکین وطن اس دور میں مقابلہ کرنے کے قابل تھا؟
uqa_valid	جو اب میچلن لیس کے نام سے جانا جاتا ہے وہ <ans> آٹھویں صدی کے پہلے نصف </ans> تک تیار نہیں ہوا تھا اور 18 ویں صدی کے آخر تک میچلن نمونوں اور لیل گراؤنڈ کے ساتھ لیس نہیں آیا ، جب اسے پورے یورپ میں بڑے پیمانے پر کاپی کیا گیا تھا۔	میکلن لینس کب تیار ہوا؟	ابلن اب کب تیار کیا گیا تھا؟	ابلن اب کب تیار کیا گیا تھا؟
uqa_valid	برلن میں ، ہوگنوٹس نے دو نئے پڑوس بنائے: <ans> ڈوروتھین سٹیٹ اور فریڈرک سٹیٹ </ans> ۔	برلن میں پیدا ہونے والے دو ہوگنوٹ پڑوس کیا تھے؟	ہوگنس نے دو نئے نام کے دو نئے نام کیا ہیں؟	ہو کروٹس کے دو نئے نام کیا ہیں؟
uqa_valid	1700 تک ، شہر کی آبادی کا <ans> ایک پانچواں حصہ </ans> فرانسیسی بولنے والا تھا۔	برلن کی آبادی کا کتنا حصہ 1700 تک فرانسیسی بولتا تھا؟	1700 کی آبادی کا کتنا حصہ فرانسیسی بولنے والا تھا؟	1700 کی آبادی کا کتنا حصہ فرانسیسی بولنے والا تھا؟
uqa_valid	انہوں نے بالآخر 1806-07 میں <ans> نپولین کے ذریعہ پروسیا پر قبضے کے خلاف احتجاج میں </ans> جرمن میں تبدیل ہونے کا فیصلہ کیا۔	برلن کے ہیوگنٹس نے اپنی خدمات میں فرانسیسی زبان سے جرمن زبان میں تبدیلی کیوں کی؟	نپولین نے کس پروشین جرمن میں جرمن سلطنت کا فیصلہ کیا؟	1806-06 میں فریڈرک نے کس ادارے میں تبدیل ہونے کا فیصلہ کیا؟
uqa_valid	انہوں نے بالآخر 1806-07 میں نپولین کے ذریعہ پروشیا پر قبضے کے خلاف <ans> احتجاج </ans> میں جرمن میں تبدیل ہونے کا فیصلہ کیا۔	برلن کے ہیوگنٹس نے اپنی خدمات میں فرانسیسی زبان سے جرمن زبان میں تبدیلی کیوں کی؟	نپولین نے کس سال جرمن فتح کا فیصلہ کیا؟	نپولین بوناپارٹ کس سال میں تبدیل کیا گیا تھا؟
uqa_valid	انہوں نے بالآخر <ans> 1806-07 </ans> میں نپولین کے ذریعہ پروشیا پر قبضے کے خلاف احتجاج میں جرمن میں تبدیل ہونے کا فیصلہ کیا۔	یہ قبضہ کس سال ہوا تھا؟	نپولین نے پروسیا پر قبضہ کرنے کے لئے کب شکست دی؟	نپولین نے کس سال نپولین پر قبضہ کیا؟
uqa_valid	انہوں نے بالآخر <ans> 1806-07 </ans> میں نپولین کے ذریعہ پروشیا پر قبضے کے خلاف احتجاج میں جرمن زبان میں تبدیل ہونے کا فیصلہ کیا۔	یہ قبضہ کس سال ہوا تھا؟	نپولین نے کس سال نپولین پر قبضہ کیا؟	نپولین نے کس سال نپولین پر قبضہ کیا؟
uqa_valid	کئی جماعتوں کی بنیاد رکھی گئی ، جیسے <ans> فریڈریشیا (ڈنمارک) ، برلن ، اسٹاک ہوم ، ہیمبرگ ، فرینکفرٹ ، ہیلسنکی ، اور ایمڈن </ans> ۔	شمالی یورپ کے کون سے دوسرے شہروں میں ہیوگنٹ جماعتیں تھیں؟	کون سی دو سڑکیں پارٹی کی بنیاد رکھی گئی ہیں؟	کون سی تین جماعتیں قائم کی گئی تھی؟
uqa_valid	جنوب میں سخت <ans> سیون </ans> علاقہ۔	Huguenots فرانس سے بھاگنے کے بعد، ان کے آخری باقی گڑھ کہاں تھا؟	جنوب میں جنوب میں کون سا علاقہ ہے؟	جنوب میں جنوب میں کون سا علاقہ ہے؟
uqa_valid	اس خروج کے بعد ، ہوگنوٹس فرانس کے صرف ایک خطے میں بڑی تعداد میں رہے: جنوب میں سخت <ans> سیون خطے </ans> ۔	Huguenots فرانس سے بھاگنے کے بعد، ان کے آخری باقی گڑھ کہاں تھا؟	جروج کے فرانس میں جنوب مشرقی ایشیا میں کون سا خطے غالب ہے؟	کون سا علاقہ جنوب مشرقی ایشیا کے جنوب میں واقع ہے؟
uqa_valid	18 ویں صدی کے اوائل میں ، ایک علاقائی گروپ جسے <ans> کیمیسارڈز </ans> کہا جاتا تھا جو ہوگنوٹس تھے اس خطے میں کیتھولک چرچ کے خلاف بغاوت کی ، گرجا گھروں کو جلا دیا اور پادریوں کو مار ڈالا۔	18 ویں صدی کے ہوگنوٹ گروپ نے اپنے آپ کو کیا کہا؟	18 ویں صدی کے اوائل میں کون سا گروپ ایک گروپ کے طور پر جانا جاتا تھا؟	18 ویں صدی کے اوائل میں کون سا گروپ تشکیل دیا گیا تھا؟
uqa_valid	18 ویں صدی کے اوائل میں ، ایک علاقائی گروپ جسے <ans> کامیزارڈس </ans> کہا جاتا تھا جو ہوگنوٹس تھے اس خطے میں کیتھولک چرچ کے خلاف فسادات کرتے ، گرجا گھروں کو جلا دیتے اور پادریوں کو مارتے تھے۔	18 ویں صدی کے ہوگنوٹ گروپ نے اپنے آپ کو کیا کہا؟	18 ویں صدی کے اوائل میں کون سا گروپ گروپ کو اپنے گھروں کے خلاف تسلیم کیا گیا تھا؟	18 ویں صدی کے اوائل میں کون سا گروپ ایک گروپ کے طور پر جانا جاتا تھا؟
uqa_valid	18 ویں صدی کے اوائل میں ، ایک علاقائی گروپ جسے کیمیسارڈز کے نام سے جانا جاتا تھا جو ہوگنوٹس تھے اس خطے میں <ans> کیتھولک چرچ </ans> کے خلاف بغاوت کی ، گرجا گھروں کو جلا دیا اور پادریوں کو مار ڈالا۔	Camisards کس کے خلاف لڑنے کے لئے اٹھ کھڑے ہوئے؟	کون سا گروپ اس گروپ کو مارا گیا تھا کہ وہ اپنے گھروں کو قتل کر رہے تھے؟	کس گروپ کے خلاف بغاوت ہوئی؟
uqa_valid	18 ویں صدی کے اوائل میں ، ایک علاقائی گروپ جسے کیمیسارڈز کہا جاتا تھا جو ہوگنوٹس تھے اس خطے میں <ans> کیتھولک چرچ </ans> کے خلاف بغاوت کی ، گرجا گھروں کو جلا دیا اور پادریوں کو مار ڈالا۔	Camisards کس کے خلاف لڑنے کے لئے اٹھ کھڑے ہوئے؟	کون سا گروپ اس گروپ کو مارا گیا تھا کہ وہ اپنے گھروں کو قتل کر رہا تھا؟	کس گروپ کے خلاف بغاوت ہوئی؟
uqa_valid	فرانسیسی فوجیوں کو <ans> 1702 اور 1709 </ans> کے درمیان کیمیسارڈز کے تمام بینڈوں کا شکار اور تباہ کرنے میں سال لگے۔	فرانسیسی فوجیوں نے کس سال کے درمیان Camisard بغاوتوں کو ختم کر دیا؟	فرانسیسیوں نے کب سے سسزارڈز شکار کے شکار بینڈوں کو شکار کرنے میں مدد کی؟	کس سال فرانسیسی فوجیوں نے فرانسیسیوں کو تباہ کرنے میں مدد کی؟
uqa_valid	1564 میں جین ریبولٹ کی قیادت میں نارمن ہیوگنٹس کے ایک گروپ نے سینٹ جونز دریا کے کنارے پر فورٹ کیرولائن کی ایک چھوٹی سی کالونی قائم کی جو آج فلوریڈا کے <ans> جیکسن ویل </ans> میں ہے۔	سولہویں صدی میں فلوریڈا کے کس جدید شہر کے قریب ایک ہوگنوٹ بستی تھی؟	سان ڈیاگو کیتھیڈرل کی طرف سے قائم کی گئی فرانسیسی کالونی کہاں واقع ہے؟	سان ڈیاگو کیتھیڈرل کہاں واقع ہے؟
uqa_valid	1564 میں <ans> جان ریبولٹ </ans> کی قیادت میں نارمن ہیوگنٹس کے ایک گروپ نے سینٹ جانس دریا کے کنارے پر فورٹ کیرولائن کی ایک چھوٹی سی کالونی قائم کی جو آج جیکسن ویل ، فلوریڈا میں ہے۔	وہ رہنما کون تھا جس نے فلوریڈا میں کالونی قائم کی تھی؟	15 نومبر میں کس گروپ نے سینٹ جان کی بنیاد رکھی؟	15 ویں صدی میں سینٹ جان کی قیادت کس نے کی؟
uqa_valid	1564 میں جین ریبولٹ کی قیادت میں نارمن ہیوگنوٹس کے ایک گروپ نے سینٹ جونز دریا کے کنارے پر <ans> فورٹ کیرولائن </ans> کی ایک چھوٹی سی کالونی قائم کی جو آج جیکسن ویل ، فلوریڈا میں ہے۔	فلوریڈا Huguenot کالونی کا نام کیا تھا؟	15 ویں صدی میں کون سا گروپ قائم کیا گیا تھا؟	15 ویں صدی میں کون سا گروپ قائم کیا گیا تھا؟
uqa_valid	ستمبر 1565 میں سینٹ آگسٹین میں نئی ہسپانوی کالونی کے خلاف فرانسیسی بحری حملہ ناکام ہوگیا جب اس کے جہازوں کو فورٹ میٹانساس میں <ans> ہسپانوی </ans> کیمپنگ کے راستے میں طوفان نے مارا۔	کس فوج نے اس کالونی پر حملہ کیا اور اسے تباہ کر دیا؟	15 ستمبر میں ہسپانوی فائر کے راستے پر کس نے حملہ کیا؟	کون سا ہسپانوی 15 ستمبر 18 ویں صدی میں بندرگاہ میں داخل ہوا؟
uqa_valid	ستمبر <ans> 1565 </ans> میں سینٹ آگسٹین میں نئی ہسپانوی کالونی کے خلاف فرانسیسی بحری حملہ ناکام ہوگیا جب اس کے جہازوں کو فورٹ میٹانساس میں ہسپانوی کیمپنگ کے راستے میں سمندری طوفان نے مارا۔	کالونی کب تباہ کی گئی تھی؟	سینٹ Grigworws کے خلاف فرانسیسی بحری جہازوں کب تھا؟	سینٹ جان نے ہسپانوی کالونی کے خلاف فرانسیسی بحری جہازوں پر کب حملہ کیا؟
uqa_valid	1562 میں ، بحری افسر جین ریبوٹ نے ایک مہم کی قیادت کی جس نے فلوریڈا اور موجودہ جنوب مشرقی امریکہ کی کھوج کی ، اور جنوبی کیرولائنا کے پارس جزیرے پر <ans> چارلز فورٹ </ans> کی چوکی کی بنیاد رکھی۔	جنوبی کیرولائنا میں ہیوگنٹ کی پہلی چوکی کا نام کیا تھا؟	کون سا گروپ جنوبی کوریا کی حفاظت کرتا ہے؟	دریائے تھیمز کی بنیاد کس نے رکھی؟
uqa_valid	1562 میں ، بحری افسر جین ریبوٹ نے ایک مہم کی قیادت کی جس نے فلوریڈا اور موجودہ جنوب مشرقی امریکہ کی کھوج کی ، اور جنوبی کیرولائنا کے <ans> پیرس جزیرے </ans> پر چارلس فورٹ کی چوکی کی بنیاد رکھی۔	یہ بستی آج کے کس علاقے کے قریب تھی؟	چارلس فورٹ کی بنیاد کہاں رکھی گئی تھی؟	چارلس فورٹ کی بنیاد کہاں رکھی گئی تھی؟
uqa_valid	1562 میں ، بحری افسر جین ریبوٹ نے ایک مہم کی قیادت کی جس نے فلوریڈا اور موجودہ <ans> جنوب مشرقی امریکہ </ans> کی کھوج کی ، اور جنوبی کیرولائنا کے پارس جزیرے پر چارلس فورٹ کی چوکی کی بنیاد رکھی۔	یہ بستی آج کے کس علاقے کے قریب تھی؟	پارڈو ریبوٹ کی بنیاد کس نے رکھی؟	پارڈو ریبوٹ کی بنیاد کس نے رکھی؟
uqa_valid	1565 میں ہسپانویوں نے لا فلوریڈا پر اپنے دعوے کو نافذ کرنے کا فیصلہ کیا ، اور <ans> پیڈرو مینینڈیز ڈی ایولیس </ans> کو بھیجا ، جس نے فورٹ کیرولین کے قریب سینٹ آگسٹین کی بستی قائم کی۔	کون سا ہسپانوی افسر سینٹ آگسٹین میں تصفیہ قائم کیا؟	ہسپانویوں نے سینٹ جان پر قبضہ کرنے کا حکم کس کو دیا؟	ہسپانویوں نے سینٹ جان پر قبضہ کرنے کا حکم کس کو دیا؟
uqa_valid	<ans> 1562 </ans> میں ، بحری افسر جین ریبوٹ نے ایک مہم کی قیادت کی جس نے فلوریڈا اور موجودہ جنوب مشرقی امریکہ کی کھوج کی ، اور جنوبی کیرولائنا کے پارس جزیرے پر چارلس فورٹ کی چوکی کی بنیاد رکھی۔	جب Ribault پہلی بار جنوبی کیرولائنا میں ایک تصفیہ قائم کیا؟	کس سال میں Ap ریبوٹ ریبوٹ نے ایک مہم کی قیادت کی؟	کس سال انگریزوں نے ایک بار مہم کی قیادت کی؟
uqa_valid	<ans> 1564 </ans> میں ، ریبوٹ کے سابق لیفٹیننٹ رینی گولین ڈی لاڈونیئر نے کالونی بنانے کے لئے دوسرا سفر شروع کیا۔	جب Ribault پہلی بار جنوبی کیرولائنا میں ایک تصفیہ قائم کیا؟	ریبوٹ رییئر نے ڈی ایچ ڈی لایئر کے قیام کے لئے سفر کرنا کب شروع کیا؟	ریبوٹ رییئر نے کس سال رینا شروع کیا؟
uqa_valid	<ans> مذہبی جنگوں </ans> نے واپسی کے سفر کو روک دیا ، اور چوکی کو ترک کردیا گیا۔	یورپ میں کس واقعے نے ہیوگنٹس کو چارلس فورٹ چھوڑنے پر مجبور کیا؟	کس نے روک دیا کہ چوکی کو ترک کر دیا گیا تھا؟	کون سی مذہبی جنگ نے روککی کو ترک کر دیا؟
uqa_valid	1700 میں کئی سو فرانسیسی ہیوگنٹس انگلینڈ سے <ans> ورجینیا </ans> کی کالونی میں ہجرت کر گئے ، جہاں انگریزی تاج نے انہیں لوئر نورفولک کاؤنٹی میں زمین کے گرانٹ کا وعدہ کیا تھا۔	کس انگریزی کالونی میں ہیوگنٹ آباد کاروں کو زمین کا وعدہ کیا گیا تھا؟	برطانوی فرانسیسی انگلینڈ سے کس ملک کی ہجرت کر رہے تھے؟	برطانویوں نے کس ملک میں ہجرت کی؟
uqa_valid	1700 میں کئی سو فرانسیسی ہیوگنٹس انگلینڈ سے ورجینیا کی کالونی میں ہجرت کر گئے ، جہاں انگریزی تاج نے انہیں <ans> لوئر نورفولک کاؤنٹی </ans> میں زمین کے گرانٹ کا وعدہ کیا تھا۔	اس برطانوی کالونی کے کس علاقے میں ہیوگنٹ زمین کے گرانٹ تھے؟	17 ویں صدی میں انگریزی میں کس کاؤنٹی میں زمین کا حصہ تھا؟	17 ویں صدی میں انگریزی میں کون سا کاؤنٹی زمین کے زمین کا حصہ تھا؟
uqa_valid	جب وہ پہنچے تو نوآبادیاتی حکام نے انہیں اس کے بجائے جیمز دریا کے آبشاروں سے 20 میل اوپر زمین کی پیش کش کی ، جسے اب پوہٹن کاؤنٹی میں <ans> ماناکن ٹاؤن </ans> کے نام سے جانا جاتا ہے۔	اصل میں ہیوگنٹس کو پہنچنے پر کون سا شہر دیا گیا تھا؟	اب تک کا نام کیا تھا؟	وہ کون سا شہر تھا جس نے جیمز دریا کو پار کیا تھا؟
uqa_valid	الگ تھلگ بستی میں اصل <ans> 390 </ans> آبادکاروں میں سے ، بہت سے مر چکے تھے۔	کتنے آباد کاروں اصل Manakintown میں آباد؟	الگ الگ تھلگ اصل میں کتنے لوگ مر گئے؟	الگ الگ تھلگ اصل میں کتنے لوگ مر گئے؟
uqa_valid	<ans> 12 مئی 1705 </ans> کو ، ورجینیا جنرل اسمبلی نے 148 ہیوگنٹس کو جو اب بھی مینکن ٹاؤن میں مقیم ہیں ، کو قدرتی بنانے کے لئے ایک ایکٹ منظور کیا۔	ان آباد کاروں کو انگریزی نوآبادیات کے طور پر کب شہریت دی گئی؟	کس تاریخ کو ورجینیا نے ایک پورے یورپی یونین کے لئے ایک ایکٹ منظور کیا؟	کس تاریخ کو ورجینیا کے لئے ایک قدرتی تاریخ کو منظور کیا گیا تھا؟
uqa_valid	12 مئی <ans> 1705 </ans> کو ، ورجینیا جنرل اسمبلی نے 148 ہیوگنٹس کو جو اب بھی مینکن ٹاؤن میں مقیم ہیں ، کو قدرتی بنانے کے لئے ایک ایکٹ منظور کیا۔	ان آباد کاروں کو انگریزی نوآبادیات کے طور پر کب شہریت دی گئی؟	کس سال ورجینیا نے ایک نئے گھر کے لئے ایک ایکٹ منظور کیا؟	کس تاریخ کو ورجینیا کے لئے ایک قدرتی ایکٹ منظور کیا گیا تھا؟
uqa_valid	ڈچ بغاوت ( <ans> 1568--1609 </ans> ) کے پہلے سالوں کے دوران کچھ ہیوگنٹس نے ہالینڈ کے خلاف ہالینڈ کے ساتھ نچلے ممالک میں لڑائی لڑی۔	ڈچ بغاوت کب ہوئی تھی؟	ڈچ کس سال ڈچ میں داخل ہوا؟	ڈچ جنگ کب لڑی گئی تھی؟
uqa_valid	ڈچ بغاوت (1568-1609) کے پہلے سالوں کے دوران کچھ ہیوگنٹس نے نچلے ممالک میں ڈچوں کے ساتھ <ans> سپین </ans> کے خلاف لڑا۔	ڈچ بغاوت میں ڈچوں نے کس سے لڑا؟	ڈچ کے ساتھ ساتھ، ڈچ نے ڈچوں میں ڈچوں کے ساتھ کیا کیا؟	ڈچوں نے ڈچوں میں ڈچوں کے ساتھ کس کے خلاف لڑا؟
uqa_valid	ابتدائی تعلقات پہلے ہی ولیم خاموش کے <ans> اپولوجی </ans> میں نظر آرہے تھے ، جس میں ہسپانوی انکوائری کی مذمت کی گئی تھی ، جو اس کے عدالت کے وزیر ، ہیوگنٹ پیئر ایل اویسیلور ، لارڈ آف ویلیئرز نے لکھا تھا۔	کس ڈچ دستاویز نے ہسپانوی انکوائری کی مذمت کی؟	ابتدائی ولیم پہلے کس زبان میں نمودار ہوئے؟	ابتدائی ولیم پہلے کس زبان میں واقع تھے؟
uqa_valid	ابتدائی تعلقات پہلے ہی <ans> اپولوجی آف ولیم دی سائیلنٹ </ans> میں نظر آرہے تھے ، جس میں ہسپانوی انکوائری کی مذمت کی گئی تھی ، جو اس کے عدالت کے وزیر ، ہیوگنٹ پیئر ایل اویسیلور ، لارڈ آف ویلیئرز نے لکھا تھا۔	کس ڈچ دستاویز نے ہسپانوی انکوائری کی مذمت کی؟	ابتدائی طور پر ابتدائی طور پر کس کے بارے میں خیال کیا جاتا تھا کہ وہ ہسپانویوں کی مذمت کی گئی تھی؟	'دیہہائی' کہاں منعقد کیا گیا تھا؟
uqa_valid	مارے گئے ہیوگنٹ رہنما گاسپارڈ ڈی کولگنی کی بیٹی لوئس ڈی کولگنی نے ہسپانوی (کیتھولک) حکمرانی کے خلاف ڈچ (کالونسٹ) بغاوت کے رہنما <ans> ولیم خاموش </ans> سے شادی کی۔	کس رہنما نے ڈچ بغاوت کی قیادت کی اور اپولوجی لکھی؟	ڈی وی ڈی فرانس نے کس سے شادی کی؟	ڈی وی ڈی فرانس نے کس سے شادی کی؟
uqa_valid	ابتدائی تعلقات پہلے ہی ولیم کے اپولوجی میں نظر آرہے تھے ، جس میں ہسپانوی انکوائری کی مذمت کی گئی تھی ، جو اس کے عدالت کے وزیر ، ہیوگنٹ <ans> پیئر ایل اویسیلور </ans> ، لارڈ آف ویلیئرز نے لکھا تھا۔	کس رہنما نے ڈچ بغاوت کی قیادت کی اور اپولوجی لکھی؟	کون سا وزیر وزیر ڈیپارٹمنٹ اسٹور کے طور پر کام کیا؟	کون سا وزیر عدالت وزیر اعظم کی طرف سے لکھا گیا تھا؟
uqa_valid	مارے گئے ہیوگنٹ رہنما گاسپارڈ ڈی کولینی کی بیٹی لوئیس ڈی کولینی نے ہسپانوی (کیتھولک) حکمرانی کے خلاف ڈچ ( <ans> کلونسٹ </ans> ) بغاوت کے رہنما ولیم خاموش سے شادی کی۔	ڈچ رہنما کی مذہبی وابستگی کیا تھی؟	ستھی کا باپ کون تھا؟	کون سا فرانسیسی بادشاہ شادی کے رہنما کے طور پر شادی کی تھی؟
uqa_valid	پرنسینہوف ڈچ ریفارمڈ چرچ کے 14 فعال <ans> والون </ans> گرجا گھروں میں سے ایک ہے۔	ڈچ رہنما کی مذہبی وابستگی کیا تھی؟	کون سا چرچ تقریباً قدیم ڈچ کے ارکان کے ساتھ ایک ہی گھر ہے؟	اینگلیکن چرچ کے چرچ کے چرچ کا نام کیا ہے؟
uqa_valid	1708 میں <ans> غیر ملکی پروٹسٹنٹس نیچرلائزیشن ایکٹ </ans> کے پاس ہونے سے پہلے اور اس کے بعد ، ایک اندازے کے مطابق 50،000 پروٹسٹنٹ والون اور ہوگنوٹ انگلینڈ بھاگ گئے ، جن میں سے بہت سے آئرلینڈ اور کہیں اور چلے گئے۔	کون سا انگریزی قانون اس ملک کو ہیوگنٹس کے لیے زیادہ خوش آئند بنا دیتا ہے؟	1779 میں کون سا ایکٹ غیر معمولی اور فضوں کے بعد سے ایک اور فضمے کے بعد سے ایک اور تنہاضوں کے بعد سے ایک اور تن	176 میں کون سا ایکٹ منظور کیا گیا تھا؟
uqa_valid	1708 میں <ans> غیر ملکی پروٹسٹنٹس نیچرلائزیشن ایکٹ </ans> کے پاس ہونے سے پہلے اور اس کے بعد ، ایک اندازے کے مطابق 50،000 پروٹسٹنٹ والون اور ہوگنوٹ انگلینڈ بھاگ گئے ، جن میں سے بہت سے آئرلینڈ اور دوسری جگہوں پر چلے گئے۔	کون سا انگریزی قانون اس ملک کو ہیوگنٹس کے لیے زیادہ خوش آئند بنا دیتا ہے؟	176 میں کس ایکٹ نے اس کی آبادی کا سبب بنا؟	176 میں کون سا ایکٹ منظور کیا گیا تھا؟
uqa_valid	<ans> 1708 </ans> سے پہلے اور اس کے بعد دونوں غیر ملکی پروٹسٹنٹس نیچرلائزیشن ایکٹ کی منظوری ، ایک اندازے کے مطابق 50،000 پروٹسٹنٹ والون اور ہوگنوٹ انگلینڈ بھاگ گئے ، جن میں سے بہت سے آئرلینڈ اور دوسری جگہوں پر چلے گئے۔	یہ شہریت کا ایکٹ کب منظور کیا گیا تھا؟	کس سال میں غیر ملکی پروٹسٹنٹس نے قانون سازی کی منظوری کی منظوری کی؟	کون سا سال پہلے غیر ملکی پروٹسٹنٹس ایکٹ منظور کیا گیا تھا؟
uqa_valid	1708 میں غیر ملکی پروٹسٹنٹس نیچرلائزیشن ایکٹ کے پاس ہونے سے پہلے اور اس کے بعد ، ایک اندازے کے مطابق <ans> 50,000 </ans> پروٹسٹنٹ والون اور ہوگنوٹ انگلینڈ بھاگ گئے ، جن میں سے بہت سے آئرلینڈ اور کہیں اور چلے گئے۔	اس دور میں تقریباً کتنے والون اور ہوگنوٹ انگلینڈ اور آئرلینڈ ہجرت کر گئے؟	1708 میں کتنے پروٹسٹنٹ ہلاک ہوئے؟	1708 میں انگلینڈ میں کتنے پروٹسٹنٹ ہلاک ہوئے؟
uqa_valid	<ans> اینڈریو لورٹی </ans> (پیدائش آندرے لورٹی) ، ایک معروف ہوگنوٹ الہیات اور مصنف جو لندن میں جلاوطن برادری کی قیادت کرتے تھے ، ماس کے دوران پوپ اور ٹرانسسبسٹینٹیشن کے عقیدے پر اپنی تنقید کو واضح کرنے کے لئے مشہور ہوئے۔	لندن میں مشہور ہیوگنٹ الہیات دان اور مصنف کون تھا؟	کس نے کہا کہ پوپ اور پوپ کے ساتھ مل کر کام کرنے والوں کی کوشش کرتے ہیں؟	"کس نے کہا کہ پوپ اور ""سبائیوں کی حمایت"" کی قیادت کی گئی تھی؟"
uqa_valid	اینڈریو لورٹی (پیدائش آندرے لورٹی) ، ایک معروف ہوگنوٹ الہیات اور مصنف جنہوں نے لندن میں جلاوطن برادری کی قیادت کی ، ماس کے دوران پوپ اور <ans> ٹرانس سبسٹینٹیشن کے عقیدے </ans> پر اپنی تنقید کا اظہار کرنے کے لئے مشہور ہوئے۔	لورٹی نے کیتھولک چرچ کے کس مذہبی عقیدے پر کھلے عام تنقید کی؟	ماسک نے کس تنقید پر تنقید کی؟	ماسک نے کس تنقید پر تنقید کی؟
uqa_valid	اینڈریو لورٹی (پیدائش آندرے لورٹی) ، ایک معروف ہوگنوٹ الہیات اور مصنف جنہوں نے لندن میں جلاوطنی کی برادری کی قیادت کی ، پوپ اور <ans> ماس کے دوران منتقلی کی تعلیم </ans> کی تنقید کرنے کے لئے مشہور ہوئے۔	لورٹی نے کیتھولک چرچ کے کس مذہبی عقیدے پر کھلے عام تنقید کی؟	پوپ اور رتبٹی کی تنقید کی تنقید کی تنقید کی تنقید کی تنقید کیا تھی؟	فری میسنری کو کس چیز کی تنقید کرنے کے لئے مشہور تھی؟
uqa_valid	اینڈریو لورٹی (پیدائش آندرے لورٹی) ، ایک معروف ہوگنوٹ الہیات اور مصنف جنہوں نے لندن میں جلاوطن برادری کی قیادت کی ، ماس کے دوران <ans> پوپ اور ٹرانسسبسٹینٹیشن کے عقیدے </ans> پر اپنی تنقید کا اظہار کرنے کے لئے مشہور ہوئے۔	لورٹی نے کیتھولک چرچ کے کس مذہبی عقیدے پر کھلے عام تنقید کی؟	کون سا مشہور انسائیکلوپیڈیا تبتٹی کی تنقید کے دوران مشہور تنقید کا اظہار کرتا تھا؟	کس نے اپنی تنقید کا اظہار کرنے کی کوشش کی؟
uqa_valid	ہوگنوٹ رجمنٹوں نے آئرلینڈ میں <ans> ولیمائٹ جنگ </ans> میں ولیم آف اورنج کے لئے لڑا ، جس کے لئے انہیں زمین کے گرانٹ اور عنوانات سے نوازا گیا ، بہت سے ڈبلن میں آباد ہوئے۔	آئرلینڈ میں کس جنگ میں ہیوگنٹ ریجنٹس شامل تھے؟	ہون اور نموں نے کس جنگ میں ولیم دوم اور سماجی تعمیر کے لئے لڑائی لڑی؟	ہونوں نے کس جنگ میں ولیم دوم کا دورہ کیا؟
uqa_valid	ہوگنوٹ رجمنٹوں نے آئرلینڈ میں <ans> ولیمائٹ </ans> جنگ میں ولیم آف اورنج کے لئے لڑا ، جس کے لئے انہیں زمین کے گرانٹ اور عنوانات سے نوازا گیا ، بہت سے ڈبلن میں آباد ہوئے۔	آئرلینڈ میں کس جنگ میں ہیوگنٹ ریجنٹس شامل تھے؟	ہونوٹ نے کس جنگ میں ولیم دوم اور سماجی تعمیر کے لئے لڑائی لڑی؟	کون سا بادشاہ سومر اورنج کے لئے لڑا؟
uqa_valid	ہوگنوٹ رجمنٹوں نے آئرلینڈ میں <ans> ولیمائٹ جنگ </ans> میں ولیم آف اورنج کے لئے لڑا ، جس کے لئے انہیں زمین کی گرانٹ اور عنوانات سے نوازا گیا ، بہت سے ڈبلن میں آباد ہوئے۔	آئرلینڈ میں کس جنگ میں ہیوگنٹ ریجنٹس شامل تھے؟	ہون اور نموں نے کس جنگ میں سفر کیا؟	ہونوں نے کس جنگ میں ولیم دوم اور اس کے لئے سفر کیا؟
uqa_valid	ہوگنوٹ رجمنٹوں نے آئرلینڈ میں ولیمائٹ جنگ میں <ans> ولیم آف اورنج </ans> کے لئے لڑا ، جس کے لئے انہیں زمین کی گرانٹ اور عنوانات سے نوازا گیا ، بہت سے ڈبلن میں آباد ہوئے۔	اس تنازعہ میں ہیوگنوٹس نے کس رہنما کے تحت لڑائی لڑی؟	کون سے دو امریکی خانہ جنگی مشن نے آئرلینڈ میں اس کی زمین کے لئے زمین کے لئے ایک اور نام دیا؟	کون سے دو امریکی خانہ جنگی مشنوں نے آئرلینڈ میں آباد کیا؟
uqa_valid	اہم ہوگنوٹ بستیوں میں <ans> ڈبلن ، کورک ، پورٹارلنگٹن ، لیسبرن ، واٹرفورڈ اور یوگال </ans> تھے۔	آئرش کے کون سے شہروں میں ہیوگنٹ کے بڑے بڑے علاقے تھے؟	اہم بستیوں اہم بستیوں میں سے کچھ کون تھے؟	اہم بستیوں اہم بستیوں میں سے کچھ کون تھے؟
uqa_valid	چھوٹی بستیوں ، جن میں کاؤنٹی کیوان میں خندرا شامل تھے ، نے <ans> فلیکس کاشت </ans> اور آئرش لینن انڈسٹری کی توسیع میں حصہ لیا۔	Killeshandra اور کاؤنٹی Cavan میں Huguenots کس زرعی صنعت میں توسیع کی؟	کون سا مشہور آئرش کاؤنٹی میں کاؤنٹی میں توسیع کی؟	کون سا شہر Chopins کی توسیع میں حصہ لیتا ہے؟
uqa_valid	چھوٹی بستیوں ، جن میں کاؤنٹی کیوان میں خندرا شامل تھے ، نے <ans> فلیکس </ans> کی کاشت اور آئرش لینن انڈسٹری کی ترقی میں حصہ لیا۔	Killeshandra اور کاؤنٹی Cavan میں Huguenots کس زرعی صنعت میں توسیع کی؟	کون سا جانور جوش کی ترقی میں ترقی میں مدد کرتا تھا؟	خندرا کا پیشہ کیا تھا؟
uqa_valid	چھوٹی بستیوں ، جن میں کاؤنٹی کیوان میں خندرا شامل تھے ، نے فلیکس کی کاشت اور <ans> آئرش لینن انڈسٹری </ans> کی توسیع میں حصہ لیا۔	ہیوگنٹس نے آئرلینڈ میں ٹیکسٹائل کی کس صنعت میں حصہ لیا؟	فلیمرا نے کس قسم کی توسیع کی؟	فلیمدرا نے کس کی توسیع میں حصہ لیا؟
uqa_valid	چھوٹی بستیوں ، جن میں کاؤنٹی کیوان میں خندرا شامل تھے ، نے فلیکس کی کاشت اور آئرش <ans> لینن </ans> صنعت کی ترقی میں حصہ لیا۔	ہیوگنٹس نے آئرلینڈ میں ٹیکسٹائل کی کس صنعت میں حصہ لیا؟	کون سا صنعت اس کی ترقی میں حصہ لیا گیا تھا؟	کس قسم کی صنعت کی ترقی میں حصہ لیا گیا تھا؟
uqa_valid	چھوٹی بستیوں ، جن میں کاؤنٹی کیوان میں خندرا شامل تھے ، نے فلیکس کی کاشت اور <ans> آئرش لینن </ans> انڈسٹری کی توسیع میں حصہ لیا۔	ہیوگنٹس نے آئرلینڈ میں ٹیکسٹائل کی کس صنعت میں حصہ لیا؟	فلیمرا نے کس قسم کی توسیع کی فراہمی کی؟	فلیمدرا نے کس قسم کی توسیع کی فراہمی کی؟
uqa_valid	<ans> شہزادہ لوئس ڈی کونڈے </ans> نے اپنے بیٹوں ڈینیئل اور اوسیاس کے ساتھ مل کر 1604 میں موجودہ سارلینڈ میں ہگنوٹ کمیونٹی قائم کرنے کے لئے کاؤنٹ لڈویگ وان ناساؤ-ساربرکن کے ساتھ بندوبست کیا۔	کس اشرافیہ نے سارلینڈ میں ہوگنوٹ بستی قائم کرنے میں مدد کی؟	کون تاسی اور سیگون کے ساتھ ساتھ واڈویگون کے ساتھ قیام کیا؟	کس نے اپنے سگون اور سیگون کے ساتھ شراکت داری کی؟
uqa_valid	شہزادہ <ans> لوئی ڈی کونڈے </ans> نے اپنے بیٹوں ڈینیئل اور اوسیاس کے ساتھ مل کر 1604 میں موجودہ سارلینڈ میں ہگنوٹ کمیونٹی قائم کرنے کے لئے کاؤنٹ لڈویگ وان ناساؤ-ساربرکن کے ساتھ بندوبست کیا۔	کس اشرافیہ نے سارلینڈ میں ہوگنوٹ بستی قائم کرنے میں مدد کی؟	کون سا شہزادہ البرٹ نے ونیم نکولس اور سیگون کے ساتھ قیام کیا؟	کون سا شہزادہ چارلس ونڈو اور سیگون کے ساتھ مل گیا؟
uqa_valid	شہزادہ لوئس ڈی کونڈے نے اپنے بیٹوں ڈینیئل اور اوسیاس کے ساتھ مل کر 1604 میں موجودہ سارلینڈ میں ایک ہوگنوٹ کمیونٹی قائم کرنے کے لئے <ans> کاؤنٹ لڈویگ وان ناساؤ-ساربرکن </ans> کے ساتھ بندوبست کیا۔	کون سا کاؤنٹ شہزادے کے ساتھ ایک معاہدے پر دستخط کیے؟	شہزادہ لوئس ڈی نے کس کے ساتھ کام کیا؟	شہزادہ لوئس ڈی نے کس کے ساتھ کام کیا؟
uqa_valid	شہزادہ لوئس ڈی کونڈے نے اپنے بیٹوں ڈینیئل اور اوسیاس کے ساتھ مل کر 1604 میں موجودہ سارلینڈ میں ایک ہوگنوٹ کمیونٹی قائم کرنے کے لئے کاؤنٹ <ans> لوڈویگ وان ناساؤ-ساربرکن </ans> کے ساتھ بندوبست کیا۔	کون سا کاؤنٹ شہزادے کے ساتھ ایک معاہدے پر دستخط کیے؟	شہزادہ لوئس ڈی نے کس کے ساتھ کام کیا؟	شہزادہ لوئس ڈی نے کس ٹیم کے ساتھ مل کر کام کیا؟
uqa_valid	کونڈیز نے ایک فروغ پزیر <ans> گلاس بنانے </ans> کے کاموں کا قیام کیا ، جس نے کئی سالوں تک شہنشاہیت کو دولت فراہم کی۔	اس بستی کے ساتھ اشرافیہ نے کیا صنعت قائم کی؟	کونڈیپنز نے ایک پزیر بنانے کے لئے ایک پزیر بنانے کے لئے ایک پزیر فراہم کیا؟	ڈیزیر نے کس چیز کا حکم دیا؟
uqa_valid	اس کمیونٹی کے کچھ ممبران <ans> 1890 کی دہائی </ans> میں امریکہ ہجرت کر گئے۔	اس کمیونٹی کے کچھ ارکان کس دور میں امریکہ ہجرت کر گئے تھے؟	امریکہ میں کب ہجرت کر گئے؟	امریکہ میں کب ہجرت کر گئے؟
uqa_valid	شہزادہ لوئس ڈی کونڈے نے اپنے بیٹوں ڈینیئل اور اوسیاس کے ساتھ مل کر <ans> 1604 </ans> میں موجودہ سارلینڈ میں ایک ہوگنوٹ کمیونٹی قائم کرنے کے لئے کاؤنٹ لڈویگ وان ناساؤ-ساربرکن کے ساتھ بندوبست کیا۔	کس سال سارلینڈ تصفیہ کی اجازت دینے کے لئے معاہدہ کیا گیا تھا؟	شہزادہ سارلینڈ نے کس سال ایک bess قائم کیا؟	شہزادہ سارلینڈ کب قائم کیا گیا تھا؟
uqa_valid	ہیوگنٹ تارکین وطن کا بڑا حصہ پروٹسٹنٹ یورپی ممالک جیسے انگلینڈ ، ویلز ، اسکاٹ لینڈ ، ڈنمارک ، سویڈن ، سوئٹزرلینڈ ، ڈچ جمہوریہ ، مقدس رومن سلطنت میں <ans> برینڈنبرگ کے الیکٹوریٹ اور پلاتینیٹ کے الیکٹوریٹ </ans> ، ڈچی آف پروشیا ، چینل جزائر ، اور آئرلینڈ میں منتقل ہوا۔	مقدس رومن سلطنت کے کون سے دو رکن ممالک نے ہیوگنٹ پناہ گزینوں کو قبول کیا؟	کون سے ممالک نے یورپی ممالک کے ساتھ مل کر کام کیا؟	کون سے ممالک نے یورپی ممالک کے ساتھ مل کر کام کیا؟
uqa_valid	ہیوگنوٹ تارکین وطن کا بڑا حصہ پروٹسٹنٹ یورپی ممالک جیسے انگلینڈ ، ویلز ، اسکاٹ لینڈ ، ڈنمارک ، سویڈن ، سوئٹزرلینڈ ، ڈچ جمہوریہ ، مقدس رومن سلطنت میں <ans> برینڈنبرگ کا الیکٹوریٹ اور پلاتینیٹ کا الیکٹوریٹ </ans> ، ڈچی آف پروشیا ، چینل جزائر ، اور آئرلینڈ میں منتقل ہوا۔	مقدس رومن سلطنت کے کون سے دو رکن ممالک نے ہیوگنٹ پناہ گزینوں کو قبول کیا؟	کون سے ممالک نے یورپی ممالک میں سب سے زیادہ یورپی تارکین وطن فراہم کیے؟	کون سے ممالک نے یورپی ممالک کے ساتھ اتحاد کیا؟
uqa_valid	ہیوگنٹ تارکین وطن کا بڑا حصہ <ans> پروٹسٹنٹ </ans> یورپی ممالک جیسے انگلینڈ ، ویلز ، اسکاٹ لینڈ ، ڈنمارک ، سویڈن ، سوئٹزرلینڈ ، ڈچ جمہوریہ ، برینڈنبرگ کے الیکٹوریٹ اور مقدس رومن سلطنت میں پلاٹینیٹ کے الیکٹوریٹ ، ڈچی آف پروشیا ، چینل جزائر ، اور آئرلینڈ میں منتقل ہوا۔	ہیوگنٹ پناہ گزینوں کو قبول کرنے والی قوموں میں عام طور پر کون سا مذہبی عقیدہ مشترک تھا؟	کس ملک نے یورپی تارکین وطن کو تشکیل دیا؟	کون سا یورپی ملک یورپی تارکین وطن کا حصہ تھا؟
uqa_valid	وہ یورپ سے باہر جنوبی افریقہ میں ڈچ کیپ کالونی ، ڈچ ایسٹ انڈیز ، کیریبین ، اور شمالی امریکہ کی کئی انگریزی کالونیوں ، اور <ans> کیوبیک </ans> میں بھی پھیل گئے ، جہاں انہیں قبول کیا گیا اور آزادانہ طور پر عبادت کرنے کی اجازت دی گئی۔	جدید کینیڈا کے کس علاقے میں ہیوگنوٹ تارکین وطن آئے؟	ڈچ ایسٹ انڈیز کے ساتھ ساتھ، جنوبی افریقہ میں کس ملک میں ڈچ کی تجارت شامل تھی؟	ڈچ ایسٹ انڈیا اور شمالی امریکہ کے ساتھ ساتھ، جنوبی افریقہ میں کس ملک میں ڈچ کی تجارت شامل تھی؟
uqa_valid	وہ یورپ سے باہر جنوبی افریقہ میں ڈچ کیپ کالونی ، ڈچ ایسٹ انڈیز ، کیریبین ، اور شمالی امریکہ کی کئی انگریزی کالونیوں ، اور کیوبیک میں بھی پھیل گئے ، جہاں <ans> انہیں قبول کیا گیا اور آزادانہ طور پر عبادت کرنے کی اجازت دی گئی۔ </ans>	ان کالونیوں میں ہجرت کو پرکشش بنانے والا کیا تھا؟	ڈچ نے کیا کیا؟	ڈچ ایسٹ انڈیا کمپنی نے کیا کیا؟
uqa_valid	وہ یورپ سے باہر جنوبی افریقہ میں ڈچ کیپ کالونی ، ڈچ ایسٹ انڈیز ، کیریبین ، اور شمالی امریکہ کی کئی انگریزی کالونیوں ، اور کیوبیک میں بھی پھیل گئے ، جہاں انہیں قبول کیا گیا اور <ans> آزادی سے عبادت کرنے کی اجازت دی گئی۔ </ans>	ان کالونیوں میں ہجرت کو پرکشش بنانے والا کیا تھا؟	ڈچ ایسٹ انڈیانا نے کیا کیا؟	ڈچ ایسٹ انڈیز کے ساتھ کیا ہوا؟
uqa_valid	ہیوگس مفروضے کا استدلال ہے کہ یہ نام فرانس کے بادشاہ <ans> ہیوگس کیپٹ </ans> سے وابستہ ہونے سے حاصل کیا گیا تھا ، جس نے اصلاح سے بہت پہلے حکومت کی۔	ہیوگنٹ نام کس فرانسیسی بادشاہ سے ماخوذ ہو سکتا ہے؟	فرانس کا بادشاہ کون تھا؟	فرانس کا بادشاہ کون تھا؟
uqa_valid	<ans> ہیوگس مفروضہ </ans> کا استدلال ہے کہ یہ نام فرانس کے بادشاہ ہیوگس کیپٹ کے ساتھ وابستگی سے حاصل کیا گیا تھا ، جو اصلاح سے بہت پہلے حکومت کرتا تھا۔	"یہ نظریہ کیا ہے کہ اس بادشاہ کا نام ""ہیوگنٹ"" کی اصل ہے؟"	کون سا دستاویز یقین رکھتا تھا کہ یہ بادشاہ کے بادشاہ کے ساتھ ساتھ تھا؟	کس نے استدلال کیا کہ پولینڈ فرانس بادشاہ کے بادشاہ کے ساتھ شناخت کر رہا تھا؟
uqa_valid	<ans> ہیوگس مفروضہ </ans> کا استدلال ہے کہ یہ نام فرانس کے بادشاہ ہیوگس کیپٹ سے وابستہ ہونے کی وجہ سے حاصل کیا گیا تھا ، جو اصلاح سے بہت پہلے حکومت کرتا تھا۔	"یہ نظریہ کیا ہے کہ اس بادشاہ کا نام ""ہیوگنٹ"" کی اصل ہے؟"	کون سا دستاویز یقین رکھتا تھا کہ نام فرانس کے بادشاہ کے نام سے جانا جاتا ہے؟	کون یقین کرتا ہے کہ نام فرانس کے بادشاہ کے نام سے جانا جاتا ہے؟
uqa_valid	<ans> جینیٹ گرے </ans> اور مفروضے کے دوسرے حامیوں کا مشورہ ہے کہ ہیوگوٹ کا نام چھوٹے ہیوگس ، یا ان لوگوں کے برابر ہوگا جو ہیوگو چاہتے ہیں۔	اس نظریہ کا ایک نمایاں حامی کون ہے؟	"کون سا مشہور نشان کا نام ""آن"" کا نام ہے؟"	کون سا گروپ یقین رکھتا ہے کہ ہیومین کا نام پوپ کے نام سے جانا جاتا ہے؟
uqa_valid	جینیٹ گرے اور مفروضے کے دیگر حامیوں کا مشورہ ہے کہ ہیوگنوٹ کا نام <ans> چھوٹے ہیوگو ، یا وہ جو ہیوگو چاہتے ہیں </ans> کے برابر ہوگا۔	"اس نظریہ کے مطابق، ""ہیوگنٹ"" نام کا کیا مطلب ہے؟"	جیگن کا کہنا ہے کہ نیند کا نام کیا ہے؟	جییگون کا نام کیا ہے؟
uqa_valid	جینیٹ گرے اور مفروضے کے دیگر حامیوں کا مشورہ ہے کہ ہیوگنوٹ کا نام <ans> چھوٹا ہیوگو </ans> ، یا ان لوگوں کے برابر ہوگا۔	"اس نظریہ کے مطابق، ""ہیوگنٹ"" نام کا کیا مطلب ہے؟"	جیگن کا کہنا ہے کہوٹگن کا نام کیا ہے؟	جیگن کا کہنا ہے کہوٹگن کا نام کیا ہے؟
uqa_valid	کچھ اس طرح کے <ans> ڈبل یا ٹرپل غیر فرانسیسی لسانی نژاد </ans> سے متفق نہیں ہیں ، اس دلیل کے ساتھ کہ فرانس میں عام استعمال میں لفظ پھیلنے کے لئے ، اس کی ابتدا فرانسیسی زبان میں ہونی چاہئے۔	لفظ کی اصل کے بارے میں دیگر نظریات کو عام طور پر کس طرح درجہ بندی کیا جا سکتا ہے؟	فرانس میں فرانس کے بجائے، فرانس میں فرانس میں کس زبان سے نہیں ہے؟	فرانس میں کاتالان زبان میں کیا شامل نہیں ہے؟
uqa_valid	کچھ اس طرح کے ڈبل یا ٹرپل <ans> غیر فرانسیسی لسانی اصل </ans> سے متفق نہیں ہیں ، اس دلیل کے ساتھ کہ فرانس میں عام استعمال میں لفظ پھیلنے کے لئے ، اس کی ابتدا فرانسیسی زبان میں ہونی چاہئے۔	لفظ کی اصل کے بارے میں دیگر نظریات کو عام طور پر کس طرح درجہ بندی کیا جا سکتا ہے؟	فرانس میں کس قسم کی اصل زبان نہیں ہے؟	فرانس میں کس قسم کی اصل زبان نہیں ہے؟
uqa_valid	ریفارمڈ چرچ کے دیگر پیشرووں میں اصلاح پسند اور گیلیکن رومن کیتھولک شامل تھے ، جیسے <ans> جیک لیفور </ans> (تقریبا 1455-1536) ۔	پندرہویں صدی کا ایک فرانسیسی رومن کیتھولک کون تھا جو اصلاحات کے حامی تھا؟	چرچ کے کیتھولک چرچ کے ارکان کے طور پر کون سا فرقہ درج کیا گیا تھا؟	ریفارمڈ چرچ کا چرچ کون تھا؟
uqa_valid	پروٹسٹنٹ ریفارمیشن کے دوران ، <ans> یونیورسٹی آف پیرس </ans> کے پروفیسر لیفور نے 1523 میں نئے عہد نامے کا اپنا فرانسیسی ترجمہ شائع کیا ، اس کے بعد 1530 میں فرانسیسی زبان میں پوری بائبل۔	یہ اصلاح پسند رہنما کہاں پڑھاتا تھا؟	لیفور کے نئے آئین کا نام کیا ہے؟	کون سا یونیورسٹی 1564 میں نئے عہد نامے کا ترجمہ کرتا ہے؟
uqa_valid	پروٹسٹنٹ ریفارمیشن کے دوران ، پیرس یونیورسٹی کے پروفیسر لیفور نے 1523 میں نئے عہد نامے کا اپنا فرانسیسی ترجمہ شائع کیا ، اس کے بعد <ans> 1530 </ans> میں فرانسیسی زبان میں پوری بائبل۔	اس رہنما نے فرانسیسی زبان کی بائبل کب شائع کی؟	فرانسیسی زبان نے فرانسیسی زبان میں اپنا ترجمہ کب شائع کیا؟	فرانسیسی زبان نے فرانسیسی زبان میں اپنا ترجمہ کب شائع کیا؟
uqa_valid	پروٹسٹنٹ ریفارمیشن کے دوران ، پیرس یونیورسٹی کے پروفیسر لیفور نے <ans> 1523 </ans> میں نئے عہد نامے کا اپنا فرانسیسی ترجمہ شائع کیا ، اس کے بعد 1530 میں فرانسیسی زبان میں پوری بائبل۔	اس رہنما نے فرانسیسی زبان کی بائبل کب شائع کی؟	نئے عہد نامے کا نیا ترجمہ کب شائع ہوا؟	نئے عہد نامے کا نیا ترجمہ کب شائع ہوا؟
uqa_valid	<ans> ولیم فارل </ans> لیفیور کا ایک طالب علم تھا جو سوئس ریفارمیشن کا رہنما بن گیا ، جس نے جنیوا میں ایک پروٹسٹنٹ حکومت قائم کی۔	سوئٹزرلینڈ کی اصلاحات کا کون سا رہنما لیفور کا شاگرد تھا؟	کون سا مشہور سیاسی رہنما ایک شزا کا گھر تھا؟	کون سا مشہور سیاسی رہنما تھا جس نے سوئس حکومت کا تختہ الٹ دیا؟
uqa_valid	پیرس یونیورسٹی کے ایک اور طالب علم <ans> جان کاوین (جان کیلون) </ans> نے بھی پروٹسٹنٹزم میں تبدیلی کی۔	کون سا دوسرا یورپی پروٹسٹنٹ رہنما پیرس یونیورسٹی میں تعلیم یافتہ تھا؟	پیرس یونیورسٹی کے طالب علم کے قیام کے لئے ایک اور علم کیا ہے؟	پیرس یونیورسٹی میں ایک طالب علم کا نام کیا ہے؟
uqa_valid	<ans> جان کاوین </ans> (جان کیلون) ، یونیورسٹی آف پیرس کا ایک اور طالب علم ، بھی پروٹسٹنٹزم میں تبدیل ہوگیا۔	کون سا دوسرا یورپی پروٹسٹنٹ رہنما پیرس یونیورسٹی میں تعلیم یافتہ تھا؟	یونیورسٹی آف پیرس کیلون میں طالب علم کا نام کیا تھا؟	یونیورسٹی آف پیرس کے طالب علم کا نام کیا ہے؟
uqa_valid	<ans> 24 اگست - 3 اکتوبر 1572 </ans> کے سینٹ بارتھولومیو کے دن کے قتل عام کے نام سے جانا جاتا ہے ، کیتھولک نے پیرس میں ہزاروں ہیگنوٹس کو مار ڈالا۔	سینٹ Bartholomew کے دن قتل عام کب تھا؟	سینٹتھولول قتل دن قتل عام کب ہوا؟	سینٹتھولول قتل دن قتل عام کب شروع ہوا؟
uqa_valid	24 اگست - 3 اکتوبر 1572 کو سینٹ بارتھولومیو کے دن کے قتل عام کے نام سے جانا جانے والا واقعہ میں ، <ans> کیتھولک </ans> نے پیرس میں ہزاروں ہوگنوٹس کو مار ڈالا۔	کس گروپ نے ہزاروں ہیوگنوٹس کو قتل کیا؟	سینٹ بارٹس میں قتل ہونے والے قتل کے بعد کون سا مذہب آیا؟	سینٹ بارٹس کو قتل کرنے کے لئے کس نے قتل کیا؟
uqa_valid	صرف ٹولوز میں <ans> تقریبا 3،000 </ans> پروٹسٹنٹس کو قتل کیا گیا تھا۔	کتنے Huguenots ٹولوز میں مارا گیا تھا؟	وزوز میں کتنے پروٹسٹنٹس قتل ہوئے تھے؟	کتنےوزس کو قتل کیا گیا تھا؟
uqa_valid	<ans> 1573 </ans> میں دی گئی معافی نے مجرموں کو معاف کردیا۔	اس قتل عام کے ذمہ داروں کو کب معافی دی گئی؟	دیف نے کس سال دیف دیف دیف دیف دیف دیف دیف دیف دی؟	کس سال دی ٹائمز نے دیف دیف کو دیففف دیف دیف دیف دیف دی؟
uqa_valid	17 ستمبر تک ، صرف پیرس میں <ans> تقریبا 25،000 </ans> پروٹسٹنٹس کو قتل کیا گیا تھا۔	رپورٹیں دستاویز کرتی ہیں کہ 17 ستمبر تک کتنے پیرس کے پروٹسٹنٹ مارے گئے تھے؟	1720 تک پیرس میں کتنے پروٹسٹنٹس قتل ہوئے تھے؟	1720 تک پیرس میں کتنے پروٹسٹنٹس قتل ہوئے تھے؟
uqa_valid	<ans> لوئی چودہویں </ans> نے 1643 میں تخت حاصل کیا اور ہیوگنٹس کو زبردستی تبدیل کرنے پر مجبور کرنے کے لئے تیزی سے جارحانہ طور پر کام کیا۔	1643 میں کون بادشاہ بنا؟	1603 میں 1603 میں تخت سے کس نے حاصل کیا؟	1673 میں 1603 میں تخت حاصل کرنے کے لئے کون ذمہ دار تھا؟
uqa_valid	لوئس چودہویں نے 1643 میں تخت حاصل کیا اور ہیوگنٹس کو زبردستی تبدیل کرنے پر مجبور کرنے کے لئے تیزی سے <ans> جارحانہ </ans> طور پر کام کیا۔	نئے بادشاہ نے ہیوگنوٹس پر کیا رد عمل ظاہر کیا؟	لوئس سولہویں نے کس کو کام کرنے کے لئے کام کیا؟	لوئس نے لوئس کوٹس سے تبدیل کرنے کے لئے کیا کیا؟
uqa_valid	لوئس چودہویں نے 1643 میں تخت حاصل کیا اور ہیوگنٹس کو زبردستی تبدیل کرنے پر مجبور کرنے کے لئے <ans> زیادہ سے زیادہ جارحانہ طور پر </ans> کام کیا۔	نئے بادشاہ نے ہیوگنوٹس پر کیا رد عمل ظاہر کیا؟	لوئس چودہویںٹس کو کیا کام کرنے کے لئے کام کیا گیا تھا؟	لوئس چودہویںٹس کو کس طرح کام کرتے تھے؟
uqa_valid	پہلے اس نے <ans> مشنریوں </ans> کو بھیجا ، جو کیتھولک مذہب میں تبدیل ہونے والوں کو مالی طور پر انعام دینے کے لئے ایک فنڈ کی حمایت کرتے تھے۔	بادشاہ نے ہیوگنٹس سے سب سے پہلے کیا رابطہ کیا؟	مذہب میں مذہب کی حمایت کرنے کے لئے کون بھیجا گیا تھا؟	کون سا مذہب بھیجا گیا مذہب میں کیتھولک مذہب کی حمایت کرتا تھا؟
uqa_valid	پھر اس نے سزائیں عائد کیں ، <ans> ہیوگنٹ اسکولوں کو بند کردیا </ans> اور انہیں پسندیدہ پیشوں سے خارج کردیا۔	بادشاہ نے ہیوگنوٹ تعلیم کے بارے میں کیا کیا؟	جب وہ ایک ساتھ باندھتا ہے تو سزا کیا ہے؟	کون سی کلاسیں عورتوں سے خارج کر سکتی ہیں؟
uqa_valid	پھر اس نے سزائیں عائد کیں ، <ans> ہیوگنٹ اسکولوں کو بند کردیا اور انہیں پسندیدہ پیشوں سے خارج کردیا۔ </ans>	بادشاہ نے ہیوگنوٹ تعلیم کے بارے میں کیا کیا؟	جب اس نے سزا دی تو کیتھولک اسکولوں کو کیا کہا جاتا ہے؟	جب اس کی سزا دی گئی تھی تو کیا ہوتا ہے؟
uqa_valid	بڑھتے ہوئے ، اس نے <ans> ڈریگنڈس </ans> کا آغاز کیا ، جس میں فوجی دستوں کے ذریعہ ہیوگنٹ گھروں پر قبضہ اور لوٹ مار شامل تھی ، تاکہ انہیں زبردستی تبدیل کیا جاسکے۔	Huguenot گھروں پر قبضہ کرنے اور لوٹ مار کرنے کی پریکٹس کہا جاتا تھا؟	فوجی بغاوتوں نے کس چیز کا آغاز کیا؟	فوجی بغاوتوں کے نتیجے میں کون سا فوجی واقعہ پیش آیا؟
uqa_valid	نیو روچیل ، جو لانگ آئلینڈ ساؤنڈ کے شمالی ساحل پر <ans> ویسٹچیسٹر </ans> کی کاؤنٹی میں واقع ہے ، نیو یارک میں ہوگنوٹس کا عظیم مقام لگتا تھا۔	نیو روچیل آج کل کس کاؤنٹی میں ہے؟	نیول نیول کس کاؤنٹی میں واقع ہے؟	نیو نیول کس کاؤنٹی میں واقع ہے؟
uqa_valid	یہ کہا جاتا ہے کہ وہ انگلینڈ سے سفر کرنے کے بعد <ans> بوفٹ پوائنٹ </ans> کے نام سے ڈیونپورٹس ناک کے ساحلی جزیرہ نما پر اتریں جہاں انہوں نے پہلے مذہبی ظلم و ستم کی وجہ سے پناہ لی تھی ، چار سال قبل نانٹس کے حکم کی منسوخی سے۔	ہیوگنٹس نے اصل میں نیو یارک میں کہاں لینڈ کیا؟	ڈیونپورٹس جزیرہ نما کے بعد انگلینڈ کے سفر کے بعد انگلینڈ کا سفر کس نے کیا؟	انگلینڈ میں انگلینڈ کے سفر کا آغاز کس نے کیا؟
uqa_valid	انہوں نے <ans> جان پیل ، لارڈ آف پیلہم مینور </ans> سے جیکب لیسلر کی مدد سے چھ ہزار ایک سو ایکڑ پر مشتمل زمین کا ایک ٹکڑا خریدا۔	ہیوگنٹس نے وہ زمین کس سے خریدی جہاں وہ آباد ہوئے؟	کیری نے کس سے ملاقات کی؟	کیری نے کہاں سے ملاقات کی؟
uqa_valid	انہوں نے جیکب لیسلر کی مدد سے <ans> جان پیل </ans> ، لارڈ آف پیلہم مینور سے چھ ہزار ایک سو ایکڑ زمین کا ایک ٹکڑا خریدا۔	ہیوگنٹس نے وہ زمین کس سے خریدی جہاں وہ آباد ہوئے؟	کیری نے کس کے ساتھ ایک عظیم زمین حاصل کیا؟	کیری نے پیب لیور کی مدد کے لیے کیا کیا؟
uqa_valid	اس کا نام <ans> لا روچیل </ans> رکھا گیا ، جو فرانس میں ان کا سابقہ مضبوط قلعہ تھا۔	نیو روچیل کا نام کس فرانسیسی شہر کے نام پر رکھا گیا تھا؟	فرانس کا سابقہ نام کیا تھا؟	فرانس کا سابقہ نام کیا تھا؟
uqa_valid	آخر کار چرچ کی جگہ تیسری ، <ans> ٹرینیٹی-سینٹ پال ایپیسکوپل چرچ </ans> نے لے لی ، جس میں ورثہ شامل ہے جس میں نیو یارک شہر میں پائن اسٹریٹ پر فرانسیسی ہیوگنٹ چرچ ایگلیس ڈو سینٹ ایسپیریت کی اصل گھنٹی بھی شامل ہے ، جو ٹاور روم میں ایک یادگار کے طور پر محفوظ ہے۔	نیو روچیل میں تیسری، مستقل ہیوگنٹ چرچ کا نام کیا ہے؟	چرچ کی جگہ تیسری چرچ کی جگہ کس نے لی؟	چرچ کے چرچ کی جگہ کس نے لے لی؟
uqa_valid	شمالی امریکہ میں زیادہ تر ہیوگنٹ جماعتیں (یا افراد) بالآخر زیادہ تعداد میں ممبروں کے ساتھ <ans> دیگر پروٹسٹنٹ فرقوں سے وابستہ </ans> ہوگئیں۔	ہیوگنٹس نے نئی دنیا میں اپنے مذہبی عقائد کو کس طرح تیار کیا؟	امریکہ میں زیادہ تر سیاہ فام لوگ کس قسم کے جانوروں سے وابستہ تھے؟	شمالی امریکہ میں زیادہ تر سیاہ فام لوگ کس قسم کے جانوروں سے تعلق رکھتے تھے؟
uqa_valid	شمالی امریکہ میں زیادہ تر ہیوگنٹ جماعتوں (یا افراد) نے بالآخر <ans> مزید متعدد ممبروں کے ساتھ دوسرے پروٹسٹنٹ فرقوں سے وابستہ </ans> کیا۔	ہیوگنٹس نے نئی دنیا میں اپنے مذہبی عقائد کو کس طرح تیار کیا؟	شمالی امریکہ میں زیادہ تر سیاہ فام عورتیں کیا تھیں؟	شمالی امریکہ میں زیادہ تر سیاہ فام عورتیں کس چیز سے وابستہ تھیں؟
uqa_valid	ہیوگنٹس نے تیزی سے ڈھال لیا اور اکثر <ans> اپنی فوری فرانسیسی برادریوں سے باہر شادی کی </ans> ، جس کی وجہ سے ان کا انضمام ہوا۔	ہیوگنٹ آباد کاروں کو شمالی امریکہ کے معاشرے میں کس طرح ضم کیا گیا؟	اتناگنٹس نے اکثر کیا کیا؟	اتناگنٹس نے اکثر کس سے شادی کی؟
uqa_valid	ہیوگنٹ <ans> جلدی سے ڈھل گئے اور اکثر اپنی فوری فرانسیسی برادریوں سے باہر شادی کرتے تھے </ans> ، جس کی وجہ سے ان کا انضمام ہوا۔	ہیوگنٹ آباد کاروں کو شمالی امریکہ کے معاشرے میں کس طرح ضم کیا گیا؟	کونگنٹی گنٹل اور ڈھائیوں کے ساتھ شادی کرنے کے لئے ڈھل اور ڈھل کے ساتھ شادی کرنے کے قابل تھے؟	ہیوگنٹنٹ کے ساتھ کیا ہوا؟
uqa_valid	مثال کے طور پر ، <ans> ای آئی ڈو پونٹ </ans> ، لاووزیئر کے سابق طالب علم نے ایلیٹیرین بارود کی ملیں قائم کیں۔	ہیوگنوٹ نسل کا ایک مشہور ہتھیار بنانے والا کون تھا؟	طالب علمزیئریئریئر کے طالب علم کے ساتھ طالب علم کے اعزاز کے ساتھ کون سا مشہور اطالوی سابق طالب علم تھا؟	طالب علمزیئریئریئر کے طالب علم کون تھے؟
uqa_valid	بہت سے خاندانوں میں ان کے اولاد نے اپنے بچوں کے لئے فرانسیسی پہلے نام اور کنیتوں کا استعمال <ans> انیسویں صدی میں </ans> جاری رکھا۔	ہیوگنٹس نے کب تک فرانسیسی ناموں کا استعمال جاری رکھا؟	خاندانوں نے اپنے پہلے بچے کا نام کب رکھا؟	خاندانوں کے خاندانوں کا نام کب رکھا گیا تھا؟
uqa_valid	بہت سے خاندانوں میں ان کے اولاد نے اپنے بچوں کے لئے فرانسیسی پہلے نام اور کنیتوں کا استعمال <ans> انتیسویں صدی تک </ans> جاری رکھا۔	ہیوگنٹس نے کب تک فرانسیسی ناموں کا استعمال جاری رکھا؟	خاندانوں نے اپنے پہلے بچے کا نام کب رکھا؟	خاندانوں نے اپنے پہلے بچے کا نام کب رکھا؟
uqa_valid	مثال کے طور پر ، ای آئی ڈو پونٹ ، لاووزیئر کے سابق طالب علم ، نے <ans> ایلوتیرین بارود ملز </ans> قائم کیے۔	ڈوپونٹ کے بارود آپریشن کا نام کیا تھا؟	ای آئی ایٹو نے طالب علم کے ساتھ کون سا آلہ قائم کیا؟	ای آئی ایٹو کے سابق طالب علم نے سابق طالب علم کے ساتھ کیا قائم کیا؟
uqa_valid	مثال کے طور پر ، ای آئی ڈو پونٹ ، لاووزیئر کے سابق طالب علم ، نے <ans> ایلتھیرین </ans> بارود کی ملیں قائم کیں۔	ڈوپونٹ کے بارود آپریشن کا نام کیا تھا؟	ایتھزنٹ نے کس قسم کی باقیات کی ملیں قائم کیں؟	طالب علمز نے کس قسم کی رسل کی ملیں قائم کیں؟
uqa_valid	نیدرلینڈز میں سب سے نمایاں ہوگنوٹ مہاجرین میں سے ایک <ans> پیئر بیل </ans> تھا۔	ہالینڈ میں ایک ممتاز ہیوگنوٹ کون تھا؟	نیدرلینڈز میں سب سے نمایاں ہورہ کیا تھا؟	نیدرلینڈز میں سب سے نمایاں ہورہ کیا تھا؟
uqa_valid	انہوں نے <ans> روٹرڈیم </ans> میں پڑھانا شروع کیا ، جہاں انہوں نے اپنا کثیر حجم شاہکار ، تاریخی اور تنقیدی لغت لکھنا اور شائع کرنا ختم کیا۔	اس نے تعلیم دینا کہاں سے شروع کیا؟	نپولین نے اپنا کام کہاں سے شروع کیا؟	نپولین نے اپنا کام کہاں سے شروع کیا؟
uqa_valid	انہوں نے روٹرڈیم میں پڑھانا شروع کیا ، جہاں انہوں نے اپنا کثیر حجم شاہکار ، <ans> تاریخی اور تنقیدی لغت </ans> لکھنا اور شائع کرنا ختم کیا۔	بیل نے کون سی کتابیں شائع کیں؟	آئزن ہاور نے کون سی کتاب لکھی؟	آئزن ہاور نے کون سی کتاب لکھی؟
uqa_valid	یہ <ans> یو ایس لائبریری آف کانگریس </ans> کے 100 بنیادی نصوص میں سے ایک بن گیا۔	یہ کتابیں کس لائبریری کے لئے ایک بنیادی متن بن گئیں؟	کون سی تنظیم نے اس کے لئے ایک اہم تحریر بنایا؟	کون سا ادارہ نوٹری ڈیم میں ایک اہم نصوص بن گیا؟
uqa_valid	کچھ ہوگنوٹ خاندانوں نے مختلف روایات کو زندہ رکھا ہے ، جیسے ان کے سرپرست <ans> سینٹ نکولس </ans> کا جشن اور تہوار ، ڈچ سینٹ نکولس (سنٹر کلا) تہوار کی طرح۔	Huguenots کے سرپرست سینٹ کون ہے؟	کون سا قدیم جشن مشریان تہوار کے تہوار کو متاثر کرتا ہے؟	کون سا قدیم جشن مشریان تہوار کے تہوار کے طور پر جانا جاتا ہے؟
uqa_valid	<ans> لندن کا فرانسیسی پروٹسٹنٹ چرچ </ans> رائل چارٹر کے ذریعہ 1550 میں قائم کیا گیا تھا۔	انگلینڈ میں کون سا ابتدائی ہیوگنٹ چرچ قائم کیا گیا تھا؟	رائل چارٹر میں چارٹر رائل انسٹی ٹیوٹ کا قیام کس نے کیا؟	رائل چارٹر کی بنیاد کس نے رکھی؟
uqa_valid	لندن کا فرانسیسی پروٹسٹنٹ چرچ <ans> 1550 </ans> میں رائل چارٹر کے ذریعہ قائم کیا گیا تھا۔	اس چرچ کے چارٹر پر کب دستخط کیے گئے؟	رائل سوسائٹی کا چرچ کب قائم کیا گیا تھا؟	رائل سوسائٹی کا چرچ کب قائم کیا گیا تھا؟
uqa_valid	یہ اب <ans> سوہو اسکوائر </ans> میں واقع ہے۔	اس چرچ کا موجودہ مقام کیا ہے؟	اب کہاں واقع ہے؟	مونٹیویڈیو اب کہاں واقع ہے؟
uqa_valid	ہیوگنٹ پناہ گزینوں نے لندن کے <ans> شورڈیچ </ans> میں ہجوم کیا۔	لندن کا کون سا علاقہ ہیوگنٹ پناہ گزینوں کو اپنی طرف متوجہ کرتا تھا؟	لندنگڈونٹین نے لندن کے کس حصے میں تعلیم حاصل کی؟	گگنٹین نے لندن میں کہاں تعلیم حاصل کی؟
uqa_valid	اولڈ ٹرمین بریوری ، جسے اس وقت بلیک ایگل بریوری کے نام سے جانا جاتا تھا ، کی بنیاد <ans> 1724 </ans> میں رکھی گئی تھی۔	پرانے ٹرومن بریوری کی بنیاد کب رکھی گئی تھی؟	ٹرمینٹر بریوری کی بنیاد کب رکھی گئی تھی؟	ٹرمینٹر بریوری کی بنیاد کب رکھی گئی تھی؟
uqa_valid	1685 کے آس پاس ، ہیوگنوٹ مہاجرین نے جرمنی اور اسکینڈینیویا میں <ans> لوتھرن اور ریفارمڈ </ans> ریاستوں میں ایک محفوظ پناہ گاہ پائی۔	کون سے پروٹسٹنٹ مذاہب نے شمالی یورپی کاؤنٹیوں کو ہوگنوٹ امیگریشن کے لئے محفوظ بنایا؟	16 ریاستوں میں جرمنی میں کون ریاستوں ریاستوں میں محفوظ تھا؟	16 ریاستوں میں جرمنی میں کون ریاستوں ریاستوں میں محفوظ تھا؟
uqa_valid	1685 کے آس پاس ، ہوگنوٹ پناہ گزینوں نے <ans> جرمنی اور اسکینڈینیویا </ans> میں لوتھرین اور اصلاح پسند ریاستوں میں ایک محفوظ پناہ گاہ پائی۔	شمالی یورپ کے کون سے علاقوں میں ان مذاہب کی مشق کی جاتی ہے؟	1648 میں، لوتھرینوں اور لوتھرانوں نے کس مذہب میں محفوظ پناہ گاہ کا آغاز کیا؟	کون سے دو شہروں میں لوتھران اور پناہ گزین پناہ گزین پناہ گزین پائے گئے تھے؟
uqa_valid	تقریبا 50 50،000 ہیوگنوٹس نے خود کو جرمنی میں قائم کیا ، جن میں سے 20،000 کا برینڈنبرگ-پروسیا میں خیرمقدم کیا گیا ، جہاں انہیں خصوصی مراعات (پوٹسڈیم کا حکم) اور گرجا گھر دیئے گئے تھے (جیسے چرچ آف سینٹ پیٹر اور سینٹ پال ، اینگرمنڈے) فریڈرک ولیم ، <ans> برینڈنبرگ کے الیکٹر اور ڈیوک آف پروسیا </ans> کے ذریعہ۔	فریڈرک ولیم نے کون سے دوہری لقب رکھے تھے؟	کون سے دو علاقوں نے جرمنی میں جرمنی میں قائم کیا؟	کون سے دو گروہوں نے جرمنی کو جرمنی میں قائم کیا؟
uqa_valid	ہیوگنوٹس نے اس کی فوج کی <ans> دو نئی رجمنٹ </ans> فراہم کیں: الٹپروسیسی انفنٹری رجمنٹ نمبر 13 (پیدل چلنے والی رجمنٹ وارین) اور 15 (پیدل چلنے والی رجمنٹ وائلچ) ۔	ہیگنوٹ امیگریشن کا فریڈرک کی فوج پر کیا فوجی اثر پڑا؟	السسس نے کتنے فوجیوں کی تحریریں؟	سرسوٹس نے فوجیوں کی فوج میں کتنے فوجیوں کی مدد کی؟
uqa_valid	ہیوگنوٹس نے <ans> اس کی فوج کی دو نئی رجمنٹیں فراہم کیں </ans> : الٹپروسیسی انفنٹری رجمنٹ نمبر 13 (پیدل چلنے والی رجمنٹ وارین) اور 15 (پیدل چلنے والی رجمنٹ وائلچ) ۔	ہیگنوٹ امیگریشن کا فریڈرک کی فوج پر کیا فوجی اثر پڑا؟	Piomachius نے کیا کیا؟	یوگنوٹس نے کیا کیا؟
uqa_valid	<ans> فریڈرک ولیم </ans> ، برینڈنبرگ کے الیکٹر نے ہوگنوٹس کو اپنے علاقوں میں آباد ہونے کی دعوت دی ، اور ان کے متعدد اولاد پروسیا میں نمایاں عہدوں پر فائز ہوئے۔	کس جرمن حکمران نے ہیوگنٹ امیگریشن کو مدعو کیا؟	کس نے اپنے نوٹس کو اپنے علاقوں میں آباد ہونے کی دعوت دی؟	کس نے اپنے آپ کو اپنے علاقوں میں آباد ہونے کی دعوت دی؟
uqa_valid	(مشرقی) جرمن ڈیموکریٹک جمہوریہ کے آخری وزیر اعظم ، <ans> لوٹار ڈی میزیئر </ans> بھی ایک ہیوگنوٹ خاندان کے اولاد ہیں ، جیسا کہ جرمن وفاقی وزیر داخلہ ، تھامس ڈی میزیئر ہیں۔	مشرقی جرمنی کا آخری وزیر اعظم کون تھا؟	جرمن وزیر اعظم کون ہے؟	جرمن وزیر اعظم کون ہے؟
uqa_valid	(مشرقی) جرمن ڈیموکریٹک جمہوریہ کے آخری وزیر اعظم ، لوٹار ڈی میزیئر ، بھی ایک ہیوگنوٹ خاندان کے اولاد ہیں ، جیسا کہ <ans> وفاقی جرمن وزیر داخلہ </ans> ، تھامس ڈی میزیئر ہیں۔	تھامس ڈی میزیئر جرمن کابینہ میں کیا کردار ادا کرتا ہے؟	ڈی ڈی ڈی کا نام کیا ہے؟	ڈی ڈی ڈی کا نام کیا ہے؟
uqa_valid	(مشرقی) جرمن ڈیموکریٹک جمہوریہ کے آخری وزیر اعظم ، لوٹار ڈی میزیئر ، بھی ایک ہیوگنوٹ خاندان کے اولاد ہیں ، جیسا کہ جرمن وفاقی <ans> وزیر داخلہ </ans> ، تھامس ڈی میزیئر۔	تھامس ڈی میزیئر جرمن کابینہ میں کیا کردار ادا کرتا ہے؟	تھامس ڈی فرانس کا ایک وزیر اعظم کون سا ہے؟	تھامس ڈی فرانس کا نام کیا ہے؟
uqa_valid	غیر دہن کے حرارت کے ذرائع جیسے <ans> شمسی </ans> بجلی ، جوہری توانائی یا جیوتھرمل توانائی کا استعمال کیا جاسکتا ہے۔	جیوتھرمل اور نیوکلیئر کے ساتھ ساتھ ، ایک قابل ذکر غیر دہن گرمی کا ذریعہ کیا ہے؟	غیر توانائی کے ذرائع کے ذرائع کے ذرائع کیا ہیں؟	غیر توانائی کی توانائی کے ذرائع کے ذرائع کیا ہیں؟
uqa_valid	غیر دہن کے حرارت کے ذرائع جیسے <ans> شمسی توانائی </ans> ، جوہری توانائی یا جیوتھرمل توانائی کا استعمال کیا جاسکتا ہے۔	جیوتھرمل اور نیوکلیئر کے ساتھ ساتھ ، ایک قابل ذکر غیر دہن گرمی کا ذریعہ کیا ہے؟	توانائی کے توانائی کے ذرائع کے ذرائع سے کیا توانائی حاصل کی جا سکتی ہے؟	توانائی کی توانائی کا استعمال کرنے کے لئے غیر ذرائع کیا استعمال کیا جا سکتا ہے؟
uqa_valid	غیر دہن کے حرارت کے ذرائع جیسے <ans> شمسی توانائی ، جوہری توانائی یا جیوتھرمل توانائی </ans> کا استعمال کیا جاسکتا ہے۔	جیوتھرمل اور نیوکلیئر کے ساتھ ساتھ ، ایک قابل ذکر غیر دہن گرمی کا ذریعہ کیا ہے؟	غیر کوڈنگن کے ذرائع کے ذرائع کیا ہیں؟	غیر کوڈنگ تسلسل کے ذرائع کے ذرائع کیا ہیں؟
uqa_valid	اس عمل کا تجزیہ کرنے کے لئے استعمال ہونے والے مثالی تھرموڈینامک سائیکل کو <ans> رینکین </ans> سائیکل کہا جاتا ہے۔	کون سا مثالی تھرموڈینامک سائیکل اس عمل کا تجزیہ کرتا ہے جس کے ذریعہ بھاپ انجن کام کرتے ہیں؟	تھرموڈی سائیکل سائیکل سائیکل کے لئے سائیکل سائیکل کیا ہے؟	تھرموڈی سائیکل سائیکل سائیکل کے لئے سائیکل سائیکل کیا ہے؟
uqa_valid	اس عمل کا تجزیہ کرنے کے لئے استعمال ہونے والے مثالی تھرموڈینامک سائیکل کو <ans> رینکین سائیکل </ans> کہا جاتا ہے۔	کون سا مثالی تھرموڈینامک سائیکل اس عمل کا تجزیہ کرتا ہے جس کے ذریعہ بھاپ انجن کام کرتے ہیں؟	تھرموجو سائیکل سائیکل کے لئے استعمال ہونے والے تھرموجو سائیکل کیا ہیں؟	تھرموڈی سائیکل سائیکل کیا ہے؟
uqa_valid	سائیکل میں ، پانی کو گرم کیا جاتا ہے اور اعلی دباؤ پر کام کرنے والے بوائلر کے اندر <ans> بھاپ </ans> میں تبدیل ہوجاتا ہے۔	رینکین سائیکل میں، جب پانی گرم کیا جاتا ہے تو وہ کیا بن جاتا ہے؟	بوڑر کے ساتھ ساتھ، پانی کے کس علاقے میں پانی کے دباؤ والے پانی کو کم کرنے کے لئے استعمال کیا جاتا ہے؟	بوڑر کے ساتھ ساتھ، کون سا مادہ بوڑر کو گرم پانی کے طور پر کام کرتا ہے؟
uqa_valid	سائیکل میں ، پانی کو گرم کیا جاتا ہے اور <ans> اعلی </ans> دباؤ پر کام کرنے والے بوائلر کے اندر بھاپ میں تبدیل ہوجاتا ہے۔	رینکین سائیکل میں پانی کس دباؤ پر گرم کیا جاتا ہے؟	بوئرر کے ساتھ ساتھ، پانی کے کس قسم کے دباؤ میں بوڑرر کو تبدیل کرنے میں تبدیل کیا جاتا ہے؟	کس قسم کے دباؤ میں بوڑرر کو تبدیل کیا جاتا ہے؟
uqa_valid	سائیکل میں ، پانی کو گرم کیا جاتا ہے اور <ans> ہائی پریشر </ans> پر کام کرنے والے بوائلر کے اندر بھاپ میں تبدیل ہوجاتا ہے۔	رینکین سائیکل میں پانی کس دباؤ پر گرم کیا جاتا ہے؟	بوئرر کے ساتھ ساتھ، پانی کے پانی کو کس چیز پر کام کرنے کی ضرورت ہے؟	بوئرر کس چیز پر کام کرتا ہے؟
uqa_valid	بھاپ انجن <ans> بیرونی دہن </ans> انجن ہیں ، جہاں کام کرنے والا سیال دہن کی مصنوعات سے الگ ہوتا ہے۔	بھاپ کے انجن کس قسم کے انجن ہیں؟	بھاپ کے کام کے لئے کون سا انجن ذمہ دار ہے؟	بھاپ کا کون سا حصہ کام کرتا ہے؟
uqa_valid	بھاپ انجن <ans> بیرونی دہن کے انجن </ans> ہیں ، جہاں کام کرنے والا سیال دہن کی مصنوعات سے الگ ہوتا ہے۔	بھاپ کے انجن کس قسم کے انجن ہیں؟	بھاپ کے کس جغرافیائی حصے میں کام کرنے کے لئے ایک اور اصطلاح کا استعمال کیا جاتا ہے؟	بھاپ کا کون سا حصہ مکمل طور پر سیالنن کی مصنوعات سے الگ ہوتا ہے؟
uqa_valid	پہلا تجارتی طور پر کامیاب حقیقی انجن ، جس میں یہ بجلی پیدا کرسکتا تھا اور اسے مشین میں منتقل کرسکتا تھا ، <ans> فضائی انجن </ans> تھا ، جسے تھامس نیو کامن نے 1712 کے آس پاس ایجاد کیا تھا۔	پہلا حقیقی انجن کیا تھا جو تجارتی طور پر کامیاب تھا؟	کون سا پہلا تجارتی ہتھیار تھا جس نے تھامس جیفرسن کا استعمال کیا تھا؟	تھامس ایڈیسن کا پہلا تجارتی نام کیا تھا؟
uqa_valid	پہلا تجارتی طور پر کامیاب حقیقی انجن ، جس میں یہ بجلی پیدا کرسکتا تھا اور اسے مشین میں منتقل کرسکتا تھا ، <ans> تھامس نیو کامن </ans> نے 1712 کے آس پاس ایجاد کیا تھا۔	ماحولیاتی انجن کا موجد کون تھا؟	17 ویں صدی میں کس نے پہلی بار الیکٹرک لیمپ تیار کیا؟	17 ویں صدی کے آس پاس کو کس نے ایجاد کیا؟
uqa_valid	پہلا تجارتی طور پر کامیاب حقیقی انجن ، جس میں یہ بجلی پیدا کرسکتا تھا اور اسے کسی مشین میں منتقل کرسکتا تھا ، تھامس نیو کامن نے <ans> 1712 </ans> کے آس پاس ایجاد کیا تھا۔	کس سال کے بارے میں ماحول کے انجن کی ایجاد کی گئی تھی؟	تھامس جیفرسن کامن کب ایجاد کیا گیا تھا؟	تھامس جیفرسن کامن کس سال ایجاد کیا گیا تھا؟
uqa_valid	پہلا تجارتی طور پر کامیاب حقیقی انجن ، جس میں یہ بجلی پیدا کرسکتا تھا اور اسے مشین میں منتقل کرسکتا تھا ، تھامس نیو کامن نے <ans> تقریبا 1712 </ans> میں ایجاد کیا تھا۔	کس سال کے بارے میں ماحول کے انجن کی ایجاد کی گئی تھی؟	تھامس ایڈیسن کامن کب ایجاد کیا گیا تھا؟	تھامس ایڈیسن کامن کب ایجاد کیا گیا تھا؟
uqa_valid	یہ پیپن کے تجویز کردہ پسٹن کا استعمال کرتے ہوئے سیوری کے <ans> بھاپ پمپ </ans> پر ایک بہتری تھی۔	Savery کی طرف سے ایجاد کیا گیا تھا؟	پی سین کے ٹوٹنے کے لئے ایک اور اصطلاح کیا ہے؟	پیپن کا استعمال کس چیز پر مبنی تھا؟
uqa_valid	یہ سیوری کے بھاپ پمپ کے مقابلے میں ایک بہتری تھی ، جس میں <ans> پاپین </ans> کے ذریعہ تجویز کردہ پسٹن کا استعمال کیا گیا تھا۔	کس نے پسٹن کا تصور کیا؟	کون سا فنکار نے تجویز کیا کہ سیٹن کا استعمال کیا جاتا ہے؟	کس نے تجویز دی کہ سیٹن کا استعمال کیا گیا تھا؟
uqa_valid	پہلا مکمل پیمانے پر کام کرنے والا ریلوے بھاپ لوکوموٹو برطانیہ میں رچرڈ ٹریویٹک نے تعمیر کیا تھا اور 21 فروری 1804 کو ، دنیا کا پہلا ریلوے سفر ہوا جب ٹریویٹک کے بے نام بھاپ لوکوموٹو نے پین-ای-ڈارن آئرن ورکس سے <ans> جنوبی </ans> ویلز میں میرتھر ٹائڈفیل سے ایبرسینن تک ٹرام وے کے ساتھ ایک ٹرین کھینچی۔	ویلز کا کون سا جغرافیائی حصہ Abercynon میں واقع ہے؟	پہلا تیز رفتار کس ملک میں تھا؟	پہلا تیز رفتار کس سال کھولا گیا تھا؟
uqa_valid	رینکین سائیکل اور زیادہ تر عملی بھاپ انجنوں میں بوائلر کے پانی کو ری سائیکل کرنے یا بھرنے کے لئے <ans> واٹر پمپ </ans> ہوتا ہے ، تاکہ وہ مستقل طور پر چل سکیں۔	زیادہ تر بھاپ کے انجنوں میں بوائلر کے پانی کو ری سائیکل کرنے کے لئے کون سا آلہ استعمال کیا جاتا ہے؟	بووی سائیکل کے پانی کے پانی کو پانی کے لئے کیا ہوتا ہے؟	بووی سائیکل کے پانی میں پانی کے پانی کو ری سائیکل کرنے کے لئے کیا ہوتا ہے؟
uqa_valid	یوٹیلیٹی اور صنعتی بوائلر عام طور پر <ans> ملٹی اسٹیج سینٹرفیوگل </ans> پمپ استعمال کرتے ہیں۔	صنعتی بوائلر میں عام طور پر کس قسم کے پمپ استعمال ہوتے ہیں؟	یوٹی بور عام طور پر کس قسم کا استعمال استعمال کرتے ہیں؟	یوٹی بور عام طور پر کس قسم کا ایسڈ استعمال کرتے ہیں؟
uqa_valid	یوٹیلیٹی اور صنعتی بوائلر عام طور پر <ans> ملٹی اسٹیج سینٹرفیوگل پمپ </ans> استعمال کرتے ہیں۔	صنعتی بوائلر میں عام طور پر کس قسم کے پمپ استعمال ہوتے ہیں؟	یوٹیویی اور بو بور عام طور پر کس قسم کے رنگوں کے استعمال ہوتے ہیں؟	یوٹییکسی عام طور پر کس قسم کا استعمال ہوتے ہیں؟
uqa_valid	انجیکٹر <ans> 1850 کی دہائی </ans> میں مشہور ہوئے لیکن اب بھاپ لوکوموٹو جیسے ایپلی کیشنز کے علاوہ بڑے پیمانے پر استعمال نہیں ہوتے ہیں۔	کس دہائی میں بھاپ کے انجنوں میں انجیکٹر بڑے پیمانے پر استعمال ہوتے تھے؟	اب اب کس دہائی میں اب پب اب لکڑی کے استعمال کے لئے استعمال کیا جاتا ہے؟	کس دہائی میں اب انجیکشن اب استعمال کیا جاتا ہے؟
uqa_valid	انجیکٹر 1850 کی دہائی میں مشہور ہوئے لیکن اب بڑے پیمانے پر استعمال نہیں ہوتے ہیں ، سوائے <ans> بھاپ لوکوموٹو </ans> جیسے ایپلی کیشنز میں۔	آج کل انجیکٹرز کا ایک قابل ذکر استعمال کیا ہے؟	اب کس قسم کی ایپلی کیشنز میں استعمال نہیں ہوتے ہیں؟	کس قسم کی ایپلی کیشنز میں اب بھی استعمال نہیں کیا جاتا ہے؟
uqa_valid	<ans> کم دباؤ والے بوائلر فیڈ واٹر </ans> کی فراہمی کا ایک اور ذریعہ ایک انجیکٹر ہے ، جو عام طور پر بوائلر سے فراہم کردہ بھاپ جیٹ کا استعمال کرتا ہے۔	انجیکٹر کس چیز کی فراہمی کے لیے استعمال ہوتے ہیں؟	بوائلر کے لئے ایک اور اصطلاح کیا ہے؟	بوائلر کے لئے ایک اور اصطلاح کیا ہے؟
uqa_valid	کم دباؤ والے بوائلر فیڈ <ans> پانی </ans> کی فراہمی کا ایک اور ذریعہ ایک انجیکٹر ہے ، جو عام طور پر بوائلر سے فراہم کردہ بھاپ جیٹ کا استعمال کرتا ہے۔	انجیکٹر کس چیز کی فراہمی کے لیے استعمال ہوتے ہیں؟	بو بورر کس قسم کی فراہمی کا استعمال کرتا ہے؟	بو بورر کس قسم کی فراہمی فراہم کرتا ہے؟
uqa_valid	اس طرح کے انجن یا تو <ans> تین </ans> یا چار توسیع مراحل کا استعمال کرتے ہیں اور بالترتیب ٹرپل اور چار گنا توسیع انجن کے نام سے جانا جاتا ہے۔	ٹرپل توسیع انجن کی طرف سے کتنے توسیع کے مراحل کا استعمال کیا جاتا ہے؟	چار یا چار مراحل کے کتنے مراحل ہیں؟	چار مراحل میں کتنے مراحل ہوتے ہیں؟
uqa_valid	اس طرح کے انجن یا تو <ans> تین یا چار </ans> توسیع کے مراحل کا استعمال کرتے ہیں اور بالترتیب ٹرپل اور چار گنا توسیع انجن کے نام سے جانا جاتا ہے۔	ٹرپل توسیع انجن کی طرف سے کتنے توسیع کے مراحل کا استعمال کیا جاتا ہے؟	چار یا چارمین کے چار مراحل کے مراحل کے کتنے مراحل ہوتے ہیں؟	چار مراحل میں کتنے مراحل ہوتے ہیں؟
uqa_valid	اس طرح کے انجن یا تو تین یا چار توسیع مراحل کا استعمال کرتے ہیں اور بالترتیب ٹرپل اور <ans> چار گنا توسیع انجن </ans> کے نام سے جانا جاتا ہے۔	چار توسیع کے مراحل کا استعمال کرتے ہوئے انجنوں کو کیا کہا جاتا ہے؟	چار یا چارمین کے چار مراحل کو کیا کہا جاتا ہے؟	چار یا چار چینل کے چار مراحل کو کیا کہا جاتا ہے؟
uqa_valid	اس طرح کے انجن یا تو تین یا چار توسیع مراحل کا استعمال کرتے ہیں اور بالترتیب ٹرپل اور <ans> کواڈریپل </ans> توسیع انجن کے نام سے جانا جاتا ہے۔	چار توسیع کے مراحل کا استعمال کرتے ہوئے انجنوں کو کیا کہا جاتا ہے؟	چار یا کمروں کے ساتھ ساتھ، کون سا دوسرا مرحلہ وارنٹ کے انجن یا چار مراحل کو استعمال کرتا ہے؟	چار ٹیموں کے ساتھ ساتھ، کس قسم کی توسیع کا استعمال کیا جاتا ہے؟
uqa_valid	<ans> 19 ویں </ans> صدی کے آخر میں ، یاررو-شلیک-ٹویڈی بیلنسنگ 'سسٹم' کو کچھ سمندری ٹرپل توسیع کے انجنوں پر استعمال کیا گیا تھا۔	Yarrow-Schlick-Tweedy توازن کا نظام کس صدی میں استعمال کیا گیا تھا؟	کس صدی میں رسٹ-ڈیگریگریشنسٹ کوسٹنگ کے طور پر استعمال کیا گیا تھا؟	کس صدی کے آخر میں آخر کار ہیرسٹ-ڈیسٹ-ڈیسٹ-مسٹ-مسٹ-مسٹ-مسٹ-مسٹ-مسٹ-مسٹ-مسٹ
uqa_valid	19 ویں صدی کے آخر میں ، یارو-شلیک-ٹویڈی بیلنسنگ 'سسٹم' کو کچھ <ans> میرین ٹرپل توسیع </ans> انجنوں پر استعمال کیا گیا تھا۔	کس طرح کے انجنوں Yarrow-Schlick-Tweedy توازن کے نظام کا استعمال کیا؟	سرگونس-ڈیگریسٹنسسٹ کس قسم کا انجن استعمال کیا گیا تھا؟	سرگونس-ڈیگرنسسٹنس کو کس قسم کا انجن استعمال کیا گیا تھا؟
uqa_valid	19 ویں صدی کے آخر میں ، یارو-شلیک-ٹویڈی بیلنسنگ 'سسٹم' کو کچھ <ans> میرین ٹرپل توسیع انجنوں </ans> پر استعمال کیا گیا تھا۔	کس طرح کے انجنوں Yarrow-Schlick-Tweedy توازن کے نظام کا استعمال کیا؟	سرگونس-ڈیسا-انگوسٹ-انگوسٹ-انگوسٹ-انگوسٹ-انگوسٹ کس چیز پر استعمال کیا گیا تھا؟	سرگونس-ڈیانا-ڈیسا-انگوسٹ-انگوسٹ-مسٹنسسٹ کو کس چیز پر استعمال کیا گیا تھا؟
uqa_valid	اس نے 4 سلنڈر ٹرپل توسیع انجن کو بڑے مسافر لائنرز (جیسے <ans> اولمپک </ans> کلاس) کے ساتھ مقبول بنایا ، لیکن آخر کار اس کی جگہ عملی طور پر کمپن سے پاک ٹربائن انجن نے لے لی۔	جہازوں کا کون سا طبقہ بڑے مسافر لائنرز کی ایک مثال ہے؟	جب RML نے انجن Rithat کے ساتھ شراکت داری کی؟	بببائن انجن کا نیا ماڈیولر کس سال تعمیر کیا گیا تھا؟
uqa_valid	<ans> کورلس </ans> ، اور بعد میں ، پاپٹ والو گیئرز میں الگ الگ داخلہ اور راستہ والو تھے جو ٹرپ میکانزم یا کیموں کے ذریعہ چلائے جاتے تھے تاکہ مثالی واقعات فراہم کیے جاسکیں۔	پاپٹ والو گیئرز کے ساتھ ساتھ ، کس قسم کے گیئرز نے مثالی واقعات دینے کے لئے علیحدہ داخلہ اور راستہ والو کا استعمال کیا؟	کون سا مشہور مصنف مونٹی وڈیو میں ٹرپکم اور ٹرپپموں کے ذریعے رہنمائی فراہم کرتا ہے؟	کس نے کہا کہ پاپ وپم اور ٹرپکموں کی طرف سے فراہم کیا جاتا ہے؟
uqa_valid	1840 کی دہائی اور 50 کی دہائی میں ، مختلف <ans> پیٹنٹ والو </ans> گیئرز کے ذریعہ اس مسئلے پر قابو پانے کی کوششیں کی گئیں جس میں ایک علیحدہ ، متغیر کٹ آف توسیع والو مرکزی سلائڈ والو کی پشت پر سوار تھا۔	پاپٹ والو گیئرز کے ساتھ ساتھ ، کس قسم کے گیئرز نے مثالی واقعات دینے کے لئے علیحدہ داخلہ اور راستہ والو کا استعمال کیا؟	1840 کی دہائی میں کس قسم کی فلمیں بند کر دی گئی تھی؟	1840 کی دہائی کی دہائی میں کس قسم کی گیئرز کی طرف سے چلایا جاتا تھا؟
uqa_valid	اس کے بعد سے یہ طریقہ عام طور پر زیادہ تر مقاصد کے لئے اطمینان بخش سمجھا جاتا ہے اور سادہ اسٹیفنسن ، <ans> خوشی </ans> اور والشرٹس تحریکوں کے استعمال کو ممکن بناتا ہے۔	اسٹیفنسن اور Walschaerts کے ساتھ ساتھ، ایک سادہ تحریک کی ایک مثال کیا ہے؟	ایک اور اصطلاح کیا ہے جو اکثر ایک بار بنایا جاتا ہے؟	"کون سا اصطلاح ""الحی"" کے استعمال کے لئے استعمال کیا جاتا ہے؟"
uqa_valid	عام سمجھوتہ حل یہ رہا ہے کہ <ans> والو کی رگڑنے والی سطحوں کو لمبا کرنا </ans> اس طرح سے کہ داخلے کی طرف بندرگاہ کو اوورلیپ کیا جائے ، جس کے نتیجے میں خارج ہونے والی طرف طویل عرصے تک کھلا رہتا ہے۔	داخلے کی طرف بندرگاہ overlapping کی طرف سے گود کس طرح فراہم کی جاتی ہے؟	اگر یہ نظریہ کہتا ہے کہ اس کی بندرگاہ کو ختم کرنا بند ہو جائے تو کیا ہوگا؟	اگر خدا کی طرف سے مداخلت کی جاتی ہے تو اس کا مقصد کیا ہو سکتا ہے؟
uqa_valid	عام سمجھوتہ حل یہ رہا ہے کہ والو کی <ans> لمبی رگڑنے والی سطحوں </ans> کو اس طرح سے فراہم کیا جائے کہ وہ داخلہ کی طرف سے بندرگاہ کو اوورلیپ کرے ، جس کے نتیجے میں راستہ کی طرف سے کٹ آف ہونے کے بعد طویل عرصے تک کھلا رہتا ہے۔	داخلے کی طرف بندرگاہ overlapping کی طرف سے گود کس طرح فراہم کی جاتی ہے؟	والو کی طرف سے مداخلت کی گئی تھی کہ والو کی کون سی خصوصیت کو فروغ دیا گیا ہے؟	والو کے مطابق، والو کس چیز سے ملتی ہے؟
uqa_valid	بوائلر کے فائر باکس کے تاج میں <ans> لیڈ فیوزبل پلگ </ans> موجود ہوسکتے ہیں۔	کبھی کبھی بوائلر کے فائر باکس کے تاج میں کیا موجود ہوتا ہے؟	بو بور کے فائر والر کے فائر والو کے ساتھ کیا موجود ہے؟	بو بورر کے فائر والو میں کیا موجود ہے؟
uqa_valid	اگر پانی کی سطح گرتی ہے ، اس طرح کہ فائر باکس کے تاج کا درجہ حرارت نمایاں طور پر بڑھ جاتا ہے تو ، لیڈ <ans> پگھل جاتا ہے </ans> اور بھاپ فرار ہوجاتی ہے ، آپریٹرز کو انتباہ کرتا ہے ، جو پھر دستی طور پر آگ کو دباسکتے ہیں۔	اگر بوائلر میں پانی کی سطح گر جاتی ہے تو لیڈ فیوزبل پلگوں کا کیا ہوتا ہے؟	اگر ایک stergams کو ایک ssteragams کے طور پر دیکھا جاتا ہے تو کیا ہوتا ہے؟	اگر کسی شخص کو درجہ حرارت کے طور پر درجہ بندی کیا جاتا ہے تو کیا ہوتا ہے؟
uqa_valid	اگر پانی کی سطح گر جاتی ہے ، اس طرح کہ فائر باکس کے تاج کا درجہ حرارت نمایاں طور پر بڑھ جاتا ہے تو ، <ans> لیڈ پگھل جاتا ہے </ans> اور بھاپ فرار ہوجاتی ہے ، آپریٹرز کو انتباہ کرتا ہے ، جو پھر دستی طور پر آگ کو دباسکتے ہیں۔	اگر بوائلر میں پانی کی سطح گر جاتی ہے تو لیڈ فیوزبل پلگوں کا کیا ہوتا ہے؟	جب ایک پانی کی درجہ حرارت کو درجہ حرارت کو ظاہر کیا جاتا ہے تو کیا ہوتا ہے؟	جب ایک پانی کی درجہ حرارت کو ذخیرہ کیا جاتا ہے تو اسے کیا کہا جاتا ہے؟
uqa_valid	اگر پانی کی سطح گرتی ہے ، اس طرح کہ فائر باکس کے تاج کا درجہ حرارت نمایاں طور پر بڑھ جاتا ہے تو ، لیڈ پگھل جاتا ہے اور <ans> بھاپ فرار ہوتا ہے </ans> ، آپریٹرز کو انتباہ کرتا ہے ، جو پھر دستی طور پر آگ کو دباسکتے ہیں۔	لیڈ پگھلنے کے بعد کیا ہوتا ہے؟	جب ایک پانی کی درجہ بندی کو سطح پر درجہ حرارت کیا جاتا ہے تو کیا ہوتا ہے؟	جب ایک پانی کی درجہ بندی کے طور پر درجہ بندی کیا جاتا ہے تو کیا ہوتا ہے؟
uqa_valid	اگر پانی کی سطح گر جاتی ہے ، اس طرح کہ فائر باکس کے تاج کا درجہ حرارت نمایاں طور پر بڑھ جاتا ہے تو ، لیڈ پگھل جاتا ہے اور <ans> بھاپ فرار ہوتا ہے </ans> ، آپریٹرز کو خبردار کرتا ہے ، جو پھر دستی طور پر آگ کو دباسکتے ہیں۔	لیڈ پگھلنے کے بعد کیا ہوتا ہے؟	جب ایک شخص کو پانی کے درجہ حرارت کو درجہ حرارت پر کیا جاتا ہے تو کیا ہوتا ہے؟	جب ایک پانی کی درجہ بندی کے طور پر درجہ بندی کیا جاتا ہے تو کیا ہوتا ہے؟
uqa_valid	اگر پانی کی سطح کم ہوجاتی ہے ، اس طرح کہ فائر باکس کے تاج کا درجہ حرارت نمایاں طور پر بڑھ جاتا ہے تو ، لیڈ پگھل جاتا ہے اور <ans> بھاپ فرار ہوجاتا ہے </ans> ، آپریٹرز کو انتباہ کرتا ہے ، جو پھر دستی طور پر آگ کو دباسکتے ہیں۔	لیڈ پگھلنے کے بعد کیا ہوتا ہے؟	جب ایک شخص کو پانی کے طور پر درجہ بندی کیا جاتا ہے تو کیا ہوتا ہے؟	جب ایک شخص کو پانی کے طور پر درجہ بندی کیا جاتا ہے تو کیا ہوتا ہے؟
uqa_valid	اگر پانی کی سطح گرتی ہے ، اس طرح کہ فائر باکس کے تاج کا درجہ حرارت نمایاں طور پر بڑھ جاتا ہے تو ، لیڈ پگھل جاتا ہے اور بھاپ فرار ہوجاتی ہے ، آپریٹرز کو انتباہ کرتا ہے ، جو پھر <ans> دستی سے آگ کو دبانے </ans> کرسکتے ہیں۔	اس کے بعد آپریٹرز بھاپ کے اخراج کی طرف سے خبردار کیا جاتا ہے، وہ پھر کیا کر سکتے ہیں؟	جب ایک پانی کی درجہ حرارت کو درجہ حرارتی جاتی ہے تو کیا ہوتا ہے؟	جب ایک پانی کی درجہ حرارت کو کھو دیا جاتا ہے تو اسے کیا کہا جاتا ہے؟
uqa_valid	سب سے چھوٹے بوائلر کو چھوڑ کر بھاپ فرار کا <ans> آگ کو دبانے </ans> پر بہت کم اثر پڑتا ہے۔	سب سے چھوٹے بوائلر کے علاوہ سب میں بھاپ کی فرار کیا حاصل کرنے کے لئے ناممکن ہے؟	بورر کو کس چیز پر بہت کم اثر پڑتا ہے؟	بوئرر کس چیز پر بہت کم ہوتا ہے؟
uqa_valid	1781 میں <ans> جیمز واٹ </ans> نے ایک بھاپ انجن کا پیٹنٹ حاصل کیا جس نے مسلسل گھومنے والی حرکت پیدا کی۔	1781 میں بھاپ کے انجن کا پیٹنٹ کس نے حاصل کیا؟	1708 میں کس نے ایک انجن انجن پیٹنٹ حاصل کیا؟	1708 میں کس نے ایک انجن انجن پیٹنٹ حاصل کیا؟
uqa_valid	1781 میں جیمز واٹ نے ایک بھاپ انجن کا پیٹنٹ حاصل کیا جس نے مسلسل <ans> روٹری </ans> حرکت پیدا کی۔	واٹ کے بھاپ کے انجن نے مسلسل کس طرح کی تحریک پیدا کی؟	جیمز 17 نے جیمز 17 میں جیمز کے پیٹنٹ کے نتیجے میں کیا پیدا کیا؟	جیمز 17 نے جیمز 1791 میں کیا پیدا کیا؟
uqa_valid	1781 میں جیمز واٹ نے ایک بھاپ انجن کا پیٹنٹ حاصل کیا جس نے مسلسل <ans> روٹری موشن </ans> تیار کیا۔	واٹ کے بھاپ کے انجن نے مسلسل کس طرح کی تحریک پیدا کی؟	جیمز 17 نے 1734 میں جیمز کے پیٹنٹ کے پیٹنٹ کے لئے کیا تیار کیا؟	جیمز 1734 میں جیمز ٹاؤن نے پیٹنٹ کے لئے کیا تیار کیا؟
uqa_valid	1781 میں جیمز واٹ نے ایک بھاپ انجن کا پیٹنٹ حاصل کیا جس نے <ans> مسلسل گھومنے والی حرکت </ans> پیدا کی۔	واٹ کے بھاپ کے انجن نے مسلسل کس طرح کی تحریک پیدا کی؟	جیمز 17 نے 1791 میں جیمز کے پیٹنٹ کے پیٹنٹ کو کیا پیدا کیا؟	جیمز 17 نے جیمز 1791 میں کیا پیدا کیا؟
uqa_valid	واٹ کے <ans> دس </ans> ہارس پاور انجنوں نے مینوفیکچرنگ مشینری کی ایک وسیع رینج کو طاقت دینے کے قابل بنایا۔	واٹ کا انجن کتنے ہارس پاور کا تھا؟	کتنے Esgggggarth مشینوں کے لئے ایک قابل ذکر طاقت تھا؟	کس سال میں Begghughuck مشینوں کے لئے ایک قابل ذکر طاقت دینے کی اجازت دینے کے قابل تھا؟
uqa_valid	واٹ کے <ans> دس ہارس پاور </ans> انجنوں نے مینوفیکچرنگ مشینری کی ایک وسیع رینج کو طاقت دینے کے قابل بنایا۔	واٹ کا انجن کتنے ہارس پاور کا تھا؟	کون سا انجن نے مشینریری کی طاقت کو وسیع پیمانے پر طاقت دینے کے قابل بنایا؟	کس قسم کے انجنوں نے مشینریری کی طاقت کو طاقت دینے کے قابل بنایا؟
uqa_valid	<ans> 1883 </ans> تک ، انجن جو 10،000 hp فراہم کرسکتے تھے وہ قابل عمل ہوچکے تھے۔	کس سال سے 10000 ہارس پاور انجن دستیاب تھے؟	کس سال تک انجن پش فراہم کرنے کے قابل تھے؟	کس سال تک انجن پش فراہم کرنے کے قابل تھے؟
uqa_valid	اسٹیشنری بھاپ انجن <ans> صنعتی انقلاب </ans> کا ایک اہم جزو تھا ، جس سے فیکٹریوں کو وہ جگہ تلاش کرنے کی اجازت ملتی تھی جہاں پانی کی طاقت دستیاب نہیں تھی۔	بھاپ کا انجن کس کا ایک اہم جزو تھا؟	ٹرینری بھاپ کا اہم صنعتی علاقہ کیا تھا؟	ٹرینری بھاپ کا اہم صنعتی علاقہ کیا تھا؟
uqa_valid	بھاپ انجن کی تاریخ <ans> پہلی </ans> صدی عیسوی تک پھیلی ہوئی ہے۔	بھاپ کے انجن کی تاریخ کس صدی میں شروع ہوئی؟	بھاپ کی تاریخ کس صدی میں شروع ہوئی؟	بھاپ کی تاریخ کس صدی میں شروع ہوئی؟
uqa_valid	بھاپ انجن کی تاریخ <ans> پہلی صدی عیسوی </ans> تک پھیلی ہوئی ہے۔	بھاپ کے انجن کی تاریخ کس صدی میں شروع ہوئی؟	بھاپ کا دور کب شروع ہوا؟	بھاپ کی تاریخ کب شروع ہوئی؟
uqa_valid	پہلا ریکارڈ شدہ ابتدائی بھاپ انجن یونانی ریاضی دان <ans> ہیرو آف اسکندریہ </ans> کے ذریعہ بیان کردہ ایولپائل ہے۔	ایولپائل کا تصور کس نے بنایا؟	کون سا یونانی ریاضی دان پہلا یونانی تھا جس نے پہلا جدید ریکارڈ شدہ دان ریکارڈ کیا؟	کون سا پہلا یونانی ریاضی دان تھا جس نے ایول ایپ کی تخلیق کی تھی؟
uqa_valid	پہلا ریکارڈ شدہ ابتدائی بھاپ انجن اسکندریہ کے <ans> یونانی </ans> ریاضی دان ہیرو کے ذریعہ بیان کردہ ایولپائل ہے۔	ہیرو آف اسکندریہ کی قومیت کیا تھی؟	پہلا ریکارڈ شدہ کتاب کس نے لکھا؟	پہلا ریکارڈ شدہ کتاب کس نے لکھا؟
uqa_valid	ایک ابتدائی بھاپ ٹربائن آلہ 1551 میں تقی الدین اور 1629 میں <ans> جیوانی برانکا </ans> کے ذریعہ بیان کیا گیا تھا۔	1629 میں بھاپ ٹربائن کی وضاحت کس نے کی؟	بقائن لائٹ بلب 16 میں کس نے بیان کیا؟	ابتدائی ٹرقی آبزرویٹری میں کس نے بیان کیا؟
uqa_valid	جیرونیمو ڈی ایانز ی بیومونٹ نے <ans> 1606 </ans> میں پچاس بھاپ سے چلنے والی ایجادات کے لئے پیٹن حاصل کیے ، جن میں سیلاب زدہ کانوں کو نکاس کرنے کے لئے واٹر پمپ بھی شامل تھا۔	کس سال جیرونیمو ڈی ایانز ی بیومونٹ نے کانوں کو ڈرین کرنے کے لئے واٹر پمپ کا پیٹنٹ حاصل کیا؟	جی بیو ڈ بیو نے کس سال میں ایجادات حاصل کی؟	جی بیو ڈ بیو نے ابتدائی طور پر چلنے والی ایجادات کب حاصل کی؟
uqa_valid	انیسویں صدی کے آخر کے قریب <ans> مشترکہ </ans> انجنوں کا وسیع پیمانے پر استعمال ہوا۔	19 ویں صدی کے آخر میں کس قسم کے انجن وسیع پیمانے پر پھیل گئے؟	19 ویں صدی کے آخر میں آخر میں کس انجن کا انجن استعمال کیا گیا تھا؟	19 ویں صدی کے آخر میں آخر میں کس انجن کا انجن استعمال کیا گیا تھا؟
uqa_valid	انیسویں صدی کے آخر کے قریب <ans> کمپوزڈ انجن </ans> وسیع پیمانے پر استعمال میں آئے۔	19 ویں صدی کے آخر میں کس قسم کے انجن وسیع پیمانے پر پھیل گئے؟	انیسویں صدی کے آخر میں انیسویں صدی کے آخر میں کون سا وسیع پیمانے استعمال استعمال کیا جاتا تھا؟	انیسویں صدی کے آخر میں انیسویں صدی کے آخر میں کون سا وسیع پیمانے استعمال استعمال کیا گیا تھا؟
uqa_valid	ان مراحل کو <ans> توسیع </ans> کہا جاتا تھا ، خاص طور پر شپنگ میں ڈبل اور ٹرپل توسیع انجن عام تھے ، جہاں کوئلے کے وزن کو کم کرنے کے لئے کارکردگی اہم تھی۔	ایک مرکب انجن میں مراحل کو کیا کہا جاتا ہے؟	ان کے کاموں کو کم کرنے کے لئے کیا استعمال کیا گیا تھا؟	ان معاہدوں کے وزن کو کم کرنے کے لئے کیا استعمال کیا گیا تھا؟
uqa_valid	ان مراحل کو توسیع کہا جاتا تھا ، جس میں ڈبل اور ٹرپل توسیع انجن عام تھے ، خاص طور پر <ans> شپنگ </ans> میں جہاں کوئلے کے وزن کو کم کرنے کے لئے کارکردگی اہم تھی۔	کس میدان میں ڈبل اور ٹرپل توسیع کے انجن عام تھے؟	کس سال میں باغ کے وزن کو کم کرنے کے لئے کارکردگی کے لئے کم کارکردگی تھی؟	کس سال میں باغ کے وزن کو کم کرنے کے لئے کارکردگی کا استعمال کیا گیا تھا؟
uqa_valid	ان مراحل کو توسیع کہا جاتا تھا ، خاص طور پر شپنگ میں ڈبل اور ٹرپل توسیع انجن عام تھے ، جہاں <ans> کوئلے </ans> کے وزن کو کم کرنے کے لئے کارکردگی اہم تھی۔	کون سی مصنوعات خاص طور پر ڈبل اور ٹرپل توسیع انجنوں سے لیس بحری جہازوں میں بھیج دی گئی تھی؟	جب وائن اور ڈبل توسیع عام تھے تو اس نے کس قسم کے وزن کو کم کرنے کی کوشش کی؟	کس قسم کے وزن کو کم کرنے کے لئے کارکردگی کا استعمال کیا جاتا تھا؟
uqa_valid	بھاپ انجن 20 ویں صدی کے اوائل تک طاقت کا غالب ذریعہ رہے ، جب الیکٹرک موٹرز اور <ans> اندرونی دہن انجنوں </ans> کے ڈیزائن میں پیشرفت کے نتیجے میں آہستہ آہستہ متبادل (پسٹون) بھاپ انجنوں کی جگہ لے لی گئی ، 20 ویں صدی میں شپنگ بھاپ ٹربائن پر انحصار کرتی تھی۔	الیکٹرک موٹرز کے ساتھ ساتھ، 20 ویں صدی میں بھاپ کے انجنوں سے آگے کون سے طاقت کے ذرائع تھے؟	الیکٹرک موٹرز کس قسم کے ڈیزائن میں تبدیل ہوئے؟	الیکٹرک موٹرز کی جگہ کس نے لے لی؟
uqa_valid	بھاپ کے انجن کے ڈیزائن کا آخری اہم ارتقاء 19 ویں صدی کے آخر میں شروع ہونے والی <ans> بھاپ ٹربائنوں </ans> کا استعمال تھا۔	بھاپ انجن کا آخری اہم ارتقاء کس آلہ کے استعمال کی نمائندگی کرتا ہے؟	انجن کے انجن کے ڈیزائن کا بنیادی ذریعہ کیا تھا؟	انجن کے انجن کے ڈیزائن کا بنیادی ذریعہ کیا تھا؟
uqa_valid	بھاپ کے انجن کے ڈیزائن کا آخری اہم ارتقاء 19 ویں صدی کے <ans> آخر </ans> حصے میں شروع ہونے والی بھاپ ٹربائنوں کا استعمال تھا۔	انیسویں صدی کے کس حصے میں بھاپ ٹربائن متعارف کروائی گئیں؟	بھاپ کے انجن کا ڈیزائن کب شروع ہوا؟	بھاپ کا انجن کب تعمیر کیا گیا تھا؟
uqa_valid	بھاپ انجن کے ڈیزائن کا آخری اہم ارتقاء 19 ویں صدی کے <ans> آخری حصے </ans> سے شروع ہونے والی بھاپ ٹربائنوں کا استعمال تھا۔	انیسویں صدی کے کس حصے میں بھاپ ٹربائن متعارف کروائی گئیں؟	بھاپ کا ڈیزائن کب شروع ہوا؟	بھاپ کے ڈیزائن کا آخری حصہ کب استعمال کیا گیا تھا؟
uqa_valid	بھاپ ٹربائن عام طور پر متبادل پسٹن قسم کے بھاپ انجنوں سے زیادہ موثر ہوتے ہیں ( <ans> کئی سو </ans> ہارس پاور سے اوپر کی پیداوار کے لئے) ، کم متحرک حصے ہوتے ہیں ، اور کنیکٹنگ راڈ سسٹم یا اسی طرح کے ذرائع کے بجائے براہ راست گھومنے والی طاقت فراہم کرتے ہیں۔	کتنے ہارس پاور سے اوپر بھاپ ٹربائن عام طور پر بھاپ انجنوں سے زیادہ موثر ہوتی ہیں جو متبادل پسٹن کا استعمال کرتے ہیں؟	ٹربائن عام طور پر کس قسم کی ہارس کی پیداوار کی پیداوار کے لئے موثر ہیں؟	ٹربائن عام طور پر کس قسم کی سبائن کا استعمال کرتے ہیں؟
uqa_valid	بھاپ ٹربائن عام طور پر متبادل پسٹن قسم کے بھاپ انجنوں سے زیادہ موثر ہوتے ہیں ( <ans> کئی سو ہارس پاور </ans> سے اوپر کی آؤٹ پٹ کے لئے) ، کم متحرک حصے ہوتے ہیں ، اور کنیکٹنگ راڈ سسٹم یا اسی طرح کے ذرائع کے بجائے براہ راست گھومنے والی طاقت فراہم کرتے ہیں۔	کتنے ہارس پاور سے اوپر بھاپ ٹربائن عام طور پر بھاپ انجنوں سے زیادہ موثر ہوتی ہیں جو متبادل پسٹن کا استعمال کرتے ہیں؟	بھاپ کے لئے ٹربائن عام طور پر کس قسم کی ابائن سے زیادہ طاقت کی ضرورت ہوتی ہے؟	ٹربائن عام طور پر کس چیز سے بنے ہوتے ہیں؟
uqa_valid	ریاستہائے متحدہ میں <ans> 90 </ans> ٪ بجلی مختلف قسم کے گرمی کے ذرائع کا استعمال کرتے ہوئے اس طرح پیدا کی جاتی ہے۔	ریاستہائے متحدہ میں بجلی کی طاقت کا کتنا فیصد بھاپ ٹربائنوں سے بنایا جاتا ہے؟	امریکہ میں بجلی کی اشیاء کا استعمال کرنے کے لئے کتنا فیصد پیدا کیا جاتا ہے؟	ریاستہائے متحدہ میں بجلی کا کتنا فیصد استعمال کیا جاتا ہے؟
uqa_valid	ریاستہائے متحدہ میں <ans> 90٪ </ans> بجلی مختلف قسم کے گرمی کے ذرائع کا استعمال کرتے ہوئے اس طرح سے تیار کی جاتی ہے۔	ریاستہائے متحدہ میں بجلی کی طاقت کا کتنا فیصد بھاپ ٹربائنوں سے بنایا جاتا ہے؟	امریکہ میں بجلی کی مقدار کا استعمال کرنے کے لئے کتنا بجلی استعمال کیا جاتا ہے؟	امریکہ میں بجلی کا کتنا فیصد استعمال کیا جاتا ہے؟
uqa_valid	آج زیادہ تر <ans> برقی </ans> بجلی بھاپ ٹربائنوں کے ذریعہ فراہم کی جاتی ہے۔	آج بھاپ ٹربائنوں سے کس قسم کی زیادہ تر بجلی پیدا کی جاتی ہے؟	آج بنیادی طور پر کس قسم کی بجلی کی فراہمی کرتے ہیں؟	آج بنیادی طور پر کس قسم کی بجلی کا استعمال کرتے ہیں؟
uqa_valid	پانی کو ابلنے اور بھاپ کی فراہمی کے لئے درکار گرمی مختلف ذرائع سے حاصل کی جاسکتی ہے ، عام طور پر ایک بند جگہ میں ہوا کی مناسب فراہمی کے ساتھ <ans> دھلنے والے مواد کو جلانے </ans> سے (جس کو مختلف طور پر دہن چیمبر ، فائر باکس کہا جاتا ہے۔	بھاپ کے انجن میں ابلتے پانی کے لئے گرمی کا عام ذریعہ کیا ہے؟	نصلی اللہ اور ناخونے کے لئے ایک اور اصطلاح کیا ہے؟	پانی کی فراہمی کے لئے کیا استعمال کیا جاتا ہے؟
uqa_valid	پانی کو ابلنے اور بھاپ کی فراہمی کے لئے درکار گرمی مختلف ذرائع سے حاصل کی جاسکتی ہے ، عام طور پر ایک بند جگہ میں ہوا کی مناسب فراہمی کے ساتھ دہلنے والے مواد کو جلانے سے (جس کو مختلف طور پر <ans> دھونے کا کمرہ </ans> ، فائر باکس کہا جاتا ہے) ۔	فائر باکس کے علاوہ، اس جگہ کا دوسرا نام کیا ہے جس میں انجن میں آتش گیر مواد جلایا جاتا ہے؟	جب ایک لڑنے کی کوشش کی جاتی ہے تو کیا ہوتا ہے؟	جب لڑنے کی کوشش کی جاتی ہے تو مواد کو کیا کہا جاتا ہے؟
uqa_valid	ماڈل یا کھلونا بھاپ انجنوں کی صورت میں ، گرمی کا ذریعہ ایک <ans> برقی </ans> حرارتی عنصر ہوسکتا ہے۔	کھیل کے بھاپ کے انجنوں میں اکثر کس قسم کا حرارتی عنصر استعمال کیا جاتا ہے؟	ایک یا ایک یا ایک یا انجن یا انجن کے انجن کے لئے ایک اور اصطلاح کیا ہے؟	ایک ماڈل کے لئے ایک اور اصطلاح کیا ہے؟
uqa_valid	ماڈل یا کھلونا بھاپ انجنوں کی صورت میں ، گرمی کا ذریعہ ایک <ans> برقی حرارتی عنصر </ans> ہوسکتا ہے۔	کھیل کے بھاپ کے انجنوں میں اکثر کس قسم کا حرارتی عنصر استعمال کیا جاتا ہے؟	ایک سادہ ماڈل کے لئے ایک اور اصطلاح کیا ہے؟	ایک سادہ ماڈل کے لئے ایک اور اصطلاح کیا ہے؟
uqa_valid	بھاپ انجنوں کی کارکردگی کا تجزیہ کرنے کے لئے سب سے زیادہ مفید آلہ <ans> بھاپ انجن اشارے </ans> ہے۔	بھاپ انجن کی کارکردگی کا جائزہ لینے کے لئے کس آلہ کا استعمال کیا جاتا ہے؟	بھاپ انجن کی کارکردگی کا تجزیہ کرنے کے لئے سب سے زیادہ آلہ کیا ہے؟	بھاپ انجن کی کارکردگی کا تجزیہ کرنے کے لئے سب سے زیادہ آلہ کیا ہے؟
uqa_valid	ابتدائی ورژن <ans> 1851 </ans> کی طرف سے استعمال میں تھے، لیکن سب سے زیادہ کامیاب اشارے چارلس رچرڈ کی طرف سے ہائی سپیڈ انجن موجد اور کارخانہ دار چارلس پورٹر کے لئے تیار کیا گیا تھا اور 1862 میں لندن نمائش میں نمائش کی گئی تھی.	کس سال بھاپ انجن کے اشارے کا سب سے قدیم ریکارڈ شدہ استعمال دیکھا گیا؟	کس سال میں آرسنل نے ابتدائی طور پر کامیاب ورژن کی طرف سے استعمال کیا؟	کس سال میں آرسنل نے سب سے زیادہ کامیاب ورژن کی طرف سے استعمال کیا؟
uqa_valid	ابتدائی ورژن 1851 تک استعمال میں تھے، لیکن سب سے زیادہ کامیاب اشارے چارلس رچرڈ کی طرف سے ہائی سپیڈ انجن موجد اور کارخانہ دار <ans> چارلز پورٹر </ans> کے لئے تیار کیا گیا تھا اور 1862 میں لندن نمائش میں نمائش کی گئی تھی.	کس کمپنی نے سب سے زیادہ کامیاب بھاپ انجن اشارے تیار کیا؟	رچرڈ کی دہائی میں سب سے زیادہ کامیاب سپیڈ انجن کیا تھا؟	لندن میں سب سے زیادہ کامیاب ورژن کیا ہے؟
uqa_valid	ابتدائی ورژن 1851 تک استعمال میں تھے، لیکن سب سے زیادہ کامیاب اشارے ہائی سپیڈ انجن موجد اور کارخانہ دار چارلس پورٹر کے لئے <ans> چارلز رچرڈ </ans> کی طرف سے تیار کیا گیا تھا اور 1862 میں لندن نمائش میں نمائش کی گئی تھی.	چارلس پورٹر کے لئے ایک کامیاب بھاپ انجن اشارے تیار کیا ہے جو؟	لندن میں سب سے زیادہ کامیاب ہائی سپیڈ انجن کس نے تیار کیا؟	لندن میں سب سے زیادہ کامیاب ہائی سپیڈ انجن کس نے تیار کیا؟
uqa_valid	ابتدائی ورژن 1851 تک استعمال میں تھے، لیکن سب سے زیادہ کامیاب اشارے چارلس رچرڈ کی طرف سے ہائی سپیڈ انجن موجد اور کارخانہ دار چارلس پورٹر کے لئے تیار کیا گیا تھا اور 1862 میں <ans> لندن نمائش </ans> میں نمائش کی گئی تھی.	چارلس پورٹر بھاپ انجن اشارے کہاں دکھایا گیا تھا؟	رچرڈ کی ابتدائی نمائش کہاں نمائش کی گئی تھی؟	کون سا نمائش سب سے زیادہ کامیاب ورژن میں استعمال کیا گیا تھا؟
uqa_valid	ریلوے کے کام میں استعمال ہونے والے دو سلنڈر مرکبات کے ساتھ ، پسٹنوں کو کرینکس سے منسلک کیا جاتا ہے جیسے دو سلنڈر سادہ کے ساتھ ایک دوسرے کے ساتھ مرحلے سے باہر <ans> 90 </ans> ° پر۔	دو سلنڈر مرکب کے پسٹن کس ڈگری پر کرینک سے جڑے ہوئے ہیں؟	ایک incintination کے ساتھ ساتھ، کتنے incincination کے ساتھ ایک دوسرے کے ساتھ منسلک کیا جاتا ہے؟	ایک بیک وقت کے ساتھ ساتھ، کتنے کھیل کبھی کبھی inctings کے ساتھ استعمال کیا جاتا ہے؟
uqa_valid	ریلوے کے کام میں استعمال ہونے والے دو سلنڈر مرکبات کے ساتھ ، پسٹنوں کو کرینکس سے منسلک کیا جاتا ہے جیسے دو سلنڈر سادہ کے ساتھ ایک دوسرے کے ساتھ مرحلے سے باہر <ans> 90 ° </ans> پر۔	دو سلنڈر مرکب کے پسٹن کس ڈگری پر کرینک سے جڑے ہوئے ہیں؟	ایک incintination کے ساتھ ساتھ، ایک اور inchinches کے ساتھ ساتھ، کیا ایک دوسرے کے ساتھ منسلک کیا جا سکتا ہے؟	ایک incintination کے ساتھ ساتھ، جب ایک دوسرے سے منسلک کیا جا سکتا ہے تو کیا ہوتا ہے؟
uqa_valid	جب ڈبل توسیع گروپ کو ڈپلیکیٹ کیا جاتا ہے ، جس سے 4 سلنڈر مرکب پیدا ہوتا ہے ، گروپ کے اندر انفرادی پسٹن عام طور پر <ans> 180 </ans> ° پر متوازن ہوتے ہیں ، گروپوں کو ایک دوسرے کے لئے 90 ° پر سیٹ کیا جاتا ہے۔	ایک 4 سلنڈر مرکب انجن میں، انفرادی پسٹنوں کو کس ڈگری پر متوازن کیا گیا تھا؟	جب کوئی گروپ کتے کے لئے ایک ہیکل کے لئے استعمال کیا جاتا ہے تو ، کس گروپ پر عام طور پر یورینیم ہوتا ہے؟	کس گروپ کے گروپ کے گروپ کو عام طور پر ایک گروپ کے طور پر درجہ بندی کیا جاتا ہے؟
uqa_valid	جب ڈبل توسیع گروپ کو ڈپلیکیٹ کیا جاتا ہے ، جس سے 4 سلنڈر مرکب پیدا ہوتا ہے ، گروپ کے اندر انفرادی پسٹن عام طور پر <ans> 180 ° </ans> پر متوازن ہوتے ہیں ، گروپوں کو ایک دوسرے کے لئے 90 ° پر سیٹ کیا جاتا ہے۔	ایک 4 سلنڈر مرکب انجن میں، انفرادی پسٹنوں کو کس ڈگری پر متوازن کیا گیا تھا؟	جب کوئی گروپ کے گروپ کو گروپ کے لئے ایک گروپ کے طور پر استعمال کیا جاتا ہے تو ، کس گروپ پر عام طور پر یورینیم ہوتا ہے؟	گروپ کے گروپ عام طور پر کس گروپ پر ہوتے ہیں؟
uqa_valid	جب ڈبل توسیع گروپ کو ڈپلیکیٹ کیا جاتا ہے ، جس سے 4 سلنڈر مرکب پیدا ہوتا ہے ، گروپ کے اندر انفرادی پسٹن عام طور پر 180 ° پر متوازن ہوتے ہیں ، گروپوں کو ایک دوسرے کے لئے <ans> 90 </ans> ° پر سیٹ کیا جاتا ہے۔	ایک 4 سلنڈر مرکب میں پسٹنوں کے گروپوں کو ایک دوسرے کے سلسلے میں کس زاویہ پر رکھا گیا تھا؟	جب ایک گروپ کو گروپ کے طور پر درجہ بندی کیا جاتا ہے تو اس کے لئے کیا استعمال کیا جاتا ہے؟	جب ایک گروپ کو گروپ کے طور پر درجہ بندی کیا جاتا ہے تو کیا ہوتا ہے؟
uqa_valid	جب ڈبل توسیع گروپ کو ڈپلیکیٹ کیا جاتا ہے ، جس سے 4 سلنڈر مرکب پیدا ہوتا ہے ، گروپ کے اندر انفرادی پسٹن عام طور پر 180 ° پر متوازن ہوتے ہیں ، گروپوں کو <ans> ایک دوسرے کے لئے 90 ° </ans> پر سیٹ کیا جاتا ہے۔	ایک 4 سلنڈر مرکب میں پسٹنوں کے گروپوں کو ایک دوسرے کے سلسلے میں کس زاویہ پر رکھا گیا تھا؟	جب ایک گروپ کو گروپ کے طور پر درجہ بندی کیا جاتا ہے تو کیا ہوتا ہے؟	جب ایک گروپ عام طور پر درجہ بندی کیا جاتا ہے تو کیا ہوتا ہے؟
uqa_valid	جب ڈبل توسیع گروپ کو ڈپلیکیٹ کیا جاتا ہے ، جس سے 4 سلنڈر مرکب پیدا ہوتا ہے ، گروپ کے اندر انفرادی پسٹن عام طور پر 180 ° پر متوازن ہوتے ہیں ، گروپوں کو ایک دوسرے کے لئے <ans> 90 ° </ans> پر سیٹ کیا جاتا ہے۔	ایک 4 سلنڈر مرکب میں پسٹنوں کے گروپوں کو ایک دوسرے کے سلسلے میں کس زاویہ پر رکھا گیا تھا؟	جب ایک گروپ کو گروپ کے طور پر درجہ بندی کیا جاتا ہے تو کیا ہوتا ہے؟	جب ایک گروپ کو گروپ کے طور پر درجہ بندی کیا جاتا ہے تو کیا ہوتا ہے؟
uqa_valid	زیادہ تر متبادل پسٹن انجنوں میں ، بھاپ ہر اسٹروک پر بہاؤ کی سمت کو الٹ دیتا ہے ( <ans> کاؤنٹر فلو </ans> ) ، ایک ہی پورٹ کے ذریعہ سلنڈر میں داخل ہوتا ہے اور نکالتا ہے۔	ہر سٹروک کے بعد ایک پسٹن انجن میں بھاپ کے بہاؤ کو ریورس کرنے کے لئے ایک اصطلاح کیا ہے؟	زیادہ تر بیکٹیریا کے بہاؤ کو دکھانے کے لئے کیا استعمال کیا جاتا ہے؟	زیادہ تر بیکٹیریا کے بہاؤ کو دکھانے کے لئے کیا استعمال کیا جاتا ہے؟
uqa_valid	مکمل انجن سائیکل کرینک کی ایک گردش اور <ans> دو </ans> پسٹن اسٹروک پر قبضہ کرتا ہے۔	ایک انجن سائیکل میں کتنے پسٹن اسٹروک ہوتے ہیں؟	مکمل طور پر کتنے فلٹن پر قبضہ کیا جاتا ہے؟	مکمل طور پر کتنے بڑے دریا پر قبضہ کر سکتے ہیں؟
uqa_valid	مکمل انجن سائیکل کرینک کی <ans> ایک </ans> گردش اور دو پسٹن اسٹروک پر قبضہ کرتا ہے۔	ایک انجن سائیکل میں کتنے کرینک گردش ہوتے ہیں؟	مکمل طور پر کتنے گردش کے گردش کے لئے کام کیا جاتا ہے؟	مکمل طور پر مکمل گردش میں کتنے گردش ہیں؟
uqa_valid	اس سائیکل میں <ans> چار </ans> واقعات بھی شامل ہیں - داخلہ ، توسیع ، راستہ ، کمپریشن۔	ایک انجن سائیکل میں کتنے واقعات ہوتے ہیں؟	اس وقت کتنے واقعات کا ذکر کیا گیا تھا؟	نیو ہیون میں کتنے واقعات شامل ہیں؟
uqa_valid	اس سائیکل میں چار واقعات بھی شامل ہیں - داخلہ ، <ans> توسیع </ans> ، راستہ ، کمپریشن۔	داخلہ، راستہ اور کمپریشن کے ساتھ ساتھ، انجن سائیکل میں ایک واقعہ کیا ہے؟	کون سا شہر چار ہزار سالہ نمائش کے لئے ایک چار سالہ نمائش فراہم کرتا ہے؟	کون سا شہر اس کے چار دنوں میں شامل ہے؟
uqa_valid	<ans> کواسیٹربائن </ans> ایک یونفلو روٹری بھاپ انجن ہے جہاں گرم علاقوں میں بھاپ کا استعمال ہوتا ہے ، جبکہ ٹھنڈے علاقوں میں ختم ہوتا ہے۔	ایک یونفلو انجن کا نام کیا ہے جو گرم علاقوں میں بھاپ لیتا ہے اور سردی میں اسے خارج کرتا ہے؟	کون سا علاقہ گرم علاقوں میں ایک گرم پانی کے طور پر استعمال کیا جاتا ہے؟	گرم علاقوں میں کس قسم کے پرندوں کا استعمال کیا جاتا ہے؟
uqa_valid	یونی فلو کا مقصد اس خرابی کو دور کرنا اور کارکردگی کو بہتر بنانا ہے کیونکہ ہر اسٹروک کے اختتام پر پسٹن کے ذریعہ ایک اضافی <ans> پورٹ </ans> فراہم کرنا ہے جس سے بھاپ صرف ایک سمت میں بہتی ہے۔	counterflow سائیکل میں مسئلہ کو حل کرنے کے لئے uniflow انجن میں کیا حصہ شامل کیا جاتا ہے؟	ایک fufomylation کے لئے ایک اور کیا ہے؟	یونی فلو کا مقصد کیا ہے؟
uqa_valid	یونی فلو کا مقصد اس خرابی کو دور کرنا اور کارکردگی کو بہتر بنانا ہے کیونکہ ہر اسٹروک کے اختتام پر پسٹن کے ذریعہ ایک <ans> اضافی بندرگاہ </ans> فراہم کی جاتی ہے جس سے بھاپ صرف ایک سمت میں بہتی ہے۔	counterflow سائیکل میں مسئلہ کو حل کرنے کے لئے uniflow انجن میں کیا حصہ شامل کیا جاتا ہے؟	ایک fufomylfic کو کیا فراہم کرتا ہے؟	کس قسم کے بیکٹیریا کو نقصان پہنچایا جاتا ہے؟
uqa_valid	یونی فلو کا مقصد اس خرابی کو دور کرنا اور ہر اسٹروک کے اختتام پر پسٹن کے ذریعہ بے نقاب <ans> ایک اضافی بندرگاہ </ans> فراہم کرکے کارکردگی کو بہتر بنانا ہے۔	counterflow سائیکل میں مسئلہ کو حل کرنے کے لئے uniflow انجن میں کیا حصہ شامل کیا جاتا ہے؟	یونیوو کا مقصد کیا ہے؟	یونیوو کا مقصد کیا ہے؟
uqa_valid	<ans> آسیلیٹنگ سلنڈر </ans> بھاپ انجن سادہ توسیع بھاپ انجن کی ایک قسم ہے جس میں سلنڈر میں اور باہر بھاپ کو ہدایت کرنے کے لئے والوز کی ضرورت نہیں ہوتی ہے۔	بھاپ کے انجن کی کون سی قسم کو بھاپ کو ہدایت کرنے کے لئے والوز کی ضرورت نہیں ہے؟	بھاپ کے انجن بھاپ کے لئے بھاپ کے لئے کون سا بھاپ ذمہ دار ہے؟	بھاپ کے انجن بھاپ کا نام کیا ہے؟
uqa_valid	ایک <ans> oscillating </ans> سلنڈر بھاپ انجن سادہ توسیع بھاپ انجن کی ایک قسم ہے جس میں سلنڈر میں اور باہر بھاپ کو ہدایت کرنے کے لئے والوز کی ضرورت نہیں ہے.	بھاپ کے انجن کی کون سی قسم کو بھاپ کو ہدایت کرنے کے لئے والوز کی ضرورت نہیں ہے؟	بھاپ کے انجن بھاپ کے لئے ایک اور نام کیا ہے؟	بھاپ کے انجن بھاپ کو کیا کہا جاتا ہے؟
uqa_valid	والوز کے بجائے، پورے سلنڈر پتھر، یا oscillates، اس طرح سلنڈر میں ایک یا ایک سے زیادہ سوراخ ایک مقررہ بندرگاہ کے چہرے میں سوراخ کے ساتھ لائن یا محور ماونٹنگ ( <ans> trunnion </ans> ) میں.	پیوٹ ماونٹنگ کے لئے ایک اور اصطلاح کیا ہے؟	بندرگاہ کے لئے ایک اور اصطلاح کیا ہے؟	بندرگاہ کے لئے ایک اور اصطلاح کیا ہے؟
uqa_valid	یہ انجن بنیادی طور پر کھلونے اور <ans> ماڈل </ans> میں استعمال کیا جاتا ہے، ان کی سادگی کی وجہ سے، لیکن مکمل سائز کام کرنے والے انجنوں میں بھی استعمال کیا گیا ہے، بنیادی طور پر جہازوں پر جہاں ان کی کمپیکٹیت کی قدر کی جاتی ہے.	کھلونے کے ساتھ ساتھ، کہاں oscillating سلنڈر بھاپ انجن عام طور پر استعمال کیا جاتا ہے؟	انجن کے علاوہ، کس قسم کے ماڈل میں استعمال ہونے والے انجن کی بنیادی شکل بنیادی طور پر استعمال کی جاتی ہے؟	بنیادی طور پر استعمال ہونے والے انجن کے لئے بنیادی طور پر کیا استعمال کیا جاتا ہے؟
uqa_valid	یہ انجن بنیادی طور پر کھلونے اور ماڈل میں استعمال کیا جاتا ہے، ان کی سادگی کی وجہ سے، لیکن مکمل سائز کام کرنے والے انجنوں میں بھی استعمال کیا گیا ہے، بنیادی طور پر <ans> جہازوں </ans> پر جہاں ان کی کمپیکٹیت کی قدر کی جاتی ہے.	مکمل سائز کے کام کرنے والے انجن کس گاڑیوں پر کبھی کبھی oscillating سلنڈر بھاپ انجن استعمال کرتے ہیں؟	کس قسم کی لکڑی کی بنیادی شکل بنیادی طور پر بنیادی طور پر استعمال کی جاتی ہے؟	بنیادی طور پر کام کرنے والے انجن کے لئے بنیادی طور پر کیا استعمال کیا جاتا ہے؟
uqa_valid	<ans> مرکوری </ans> مرکری وانپ ٹربائن میں کام کرنے والا سیال ہے۔	مرکری وانپ ٹربائن میں کون سا کام کرنے والا سیال استعمال کیا جاتا ہے؟	کون سا مشہور مصنف وان پبائن کام کرتا ہے؟	وان پبائن ٹربائن میں کام کرنے کے لیے کس کام کا استعمال کیا جاتا ہے؟
uqa_valid	عام طور پر <ans> پانی </ans> اس کی سازگار خصوصیات کی وجہ سے انتخاب کا سیال ہے ، جیسے غیر زہریلا اور غیر رد عمل والی کیمسٹری ، کثرت ، کم لاگت ، اور اس کی تھرموڈینامک خصوصیات۔	ایک بھاپ انجن میں عام طور پر کام کرنے والا سیال کیا ہے؟	اس کی وجہ سے، کس قسم کی بیماری کی خصوصیات کا استعمال کیا جا سکتا ہے؟	کس قسم کی بیماری کی وجہ سے ایک غیر دباؤ کا انتخاب کر سکتا ہے؟
uqa_valid	رینکن سائیکل کی کارکردگی عام طور پر <ans> کام کرنے والے سیال </ans> کی طرف سے محدود ہوتی ہے۔	رینکین سائیکل کی کارکردگی کو کیا محدود کرتا ہے؟	سائیکلن کی کارکردگی کے لئے عام طور پر کیا محدود ہے؟	سائیکلن سائیکل کی کارکردگی عام طور پر کس چیز کی محدود ہوتی ہے؟
uqa_valid	بھاپ ٹربائنوں میں ، ٹربائن داخلہ درجہ حرارت عام طور پر <ans> 565 </ans> ° C (سٹینلیس سٹیل کی کریپ حد) اور کنڈینسر درجہ حرارت تقریبا 30 ° C ہے۔	ایک بھاپ ٹربائن کے ٹربائن داخلہ درجہ حرارت کیا ہے، ڈگری سینٹی گریڈ میں؟	ٹربائن ٹربائن میں کتنے ڈگری سینٹی گریڈ ہیں؟	ٹربائن ٹربائن میں کتنے ڈگری سینٹی گریڈ ہیں؟
uqa_valid	بھاپ ٹربائنوں میں ، ٹربائن داخلہ درجہ حرارت عام طور پر <ans> 565 ° C </ans> (سٹینلیس سٹیل کی کریپ حد) اور کنڈینسر درجہ حرارت تقریبا 30 30 ° C ہے۔	ایک بھاپ ٹربائن کے ٹربائن داخلہ درجہ حرارت کیا ہے، ڈگری سینٹی گریڈ میں؟	ٹربائنائن چوٹیوں میں درجہ حرارت کی درجہ حرارت کیا ہے؟	ٹربائن ٹربائن میں درجہ حرارت کی درجہ حرارت کیا ہے؟
uqa_valid	بھاپ ٹربائنوں میں ، ٹربائن انٹری درجہ حرارت عام طور پر 565 ° C (سٹینلیس اسٹیل کی کریپ حد) اور کنڈینسر درجہ حرارت <ans> 30 ° C </ans> کے ارد گرد ہوتا ہے۔	ایک ٹربائن میں کنڈینسر کا تخمینہ درجہ حرارت کیا ہے؟	ٹربائنائن چوٹیوں میں درجہ حرارت کی درجہ حرارت کیا ہے؟	ٹربائنائن چوٹیوں کی درجہ حرارت کیا ہے؟
uqa_valid	اس سے ایک جدید کوئلے سے چلنے والے پاور اسٹیشن کے لئے 42٪ کی اصل کارکردگی کے مقابلے میں تقریبا <ans> 63٪ </ans> کی نظریاتی کارنوٹ کارکردگی ملتی ہے۔	ٹربائن کی نظریاتی کارنوٹ کارکردگی کیا ہے؟	پاور اسٹیشن کے لئے کتنا فیصد کار ہے؟	پاور اسٹیشن کا کتنا فیصد جدید پاور اسٹیشن کا استعمال کرتا ہے؟
uqa_valid	<ans> بھاپ انجن </ans> کو صنعتی انقلاب کے پیچھے متحرک قوت کہا جاسکتا ہے اور اس نے فیکٹریوں ، ملوں اور کانوں میں مشینری چلانے کے لئے وسیع پیمانے پر تجارتی استعمال دیکھا۔	صنعتی انقلاب کی محرک قوت کے طور پر کن آلات کو تسلیم کیا گیا ہے؟	صنعتی انقلاب کے دوران کون سا اہم صنعتی انقلاب پیدا کیا گیا تھا؟	صنعتی انقلاب کے دوران صنعتی انقلاب کے لئے کیا استعمال کیا جا سکتا ہے؟
uqa_valid	پمپنگ اسٹیشنوں کو طاقت دینا؛ اور ریلوے لوکوموٹو ، بحری جہازوں ، <ans> بھاپ کشتیوں </ans> اور سڑک کی گاڑیوں جیسے نقل و حمل کے آلات کو آگے بڑھانا۔	سڑک کی گاڑیوں، لوکوموٹو اور بحری جہازوں کے ساتھ ساتھ، صنعتی انقلاب کے دوران کس گاڑی پر بھاپ کے انجن استعمال کیے گئے تھے؟	ریلوے کے علاوہ، ریلوے پر کس قسم کی کشتیوں کو آگے بڑھانا چاہئے؟	ریلوے کے علاوہ، کون سا دوسرا ریلوے اسٹیشن پر نقل و حمل کے آلات کو آگے بڑھاتا ہے؟
uqa_valid	پمپنگ اسٹیشنوں کو طاقت دینا؛ اور ریلوے لوکوموٹو ، بحری جہازوں ، <ans> بھاپ کی کشتیوں اور سڑک کی گاڑیوں </ans> جیسے نقل و حمل کے آلات کو آگے بڑھانا۔	سڑک کی گاڑیوں، لوکوموٹو اور بحری جہازوں کے ساتھ ساتھ، صنعتی انقلاب کے دوران کس گاڑی پر بھاپ کے انجن استعمال کیے گئے تھے؟	ریلوے کے ریلوے کے آلات کو کیا کہا جاتا ہے؟	ریلوے کی نقل و حمل کے آلات کو کیا کہا جاتا ہے؟
uqa_valid	ایک وقت یا دوسرے میں بھاپ سے چلنے والے فارم ٹریکٹر ، موٹرسائیکل (بہت کامیابی کے بغیر) اور یہاں تک کہ آٹوموبائل جیسے <ans> اسٹینلی اسٹیمر </ans> تھے۔	بھاپ سے چلنے والی آٹوموبائل کی کیا مثال ہے؟	ایک ٹریک کے ساتھ ساتھ، ایک قابل ذکر موٹر کیا ہے جو ایک ٹریک سے چلنے والے جانوروں کے ساتھ منسلک ہے؟	بھاپ کے ساتھ ساتھ، ایک قابل ذکر موٹر کیا ہے؟
uqa_valid	بھاپ کے انجنوں کو صنعتی انقلاب کے پیچھے متحرک قوت کہا جاسکتا ہے اور اس نے <ans> فیکٹریوں </ans> ، ملوں اور کانوں میں مشینری چلانے کے لئے وسیع پیمانے پر تجارتی استعمال دیکھا۔	ملوں اور کانوں کے ساتھ ساتھ، کس صنعتی مقامات میں بھاپ ڈرائیو مشینیں تھیں؟	کس قسم کے طیارے کے لئے ایک اہم صنعتی انقلاب کے لئے وسیع پیمانے پر استعمال کیا جاتا ہے؟	کس قسم کے طیارے کے ساتھ مل کر کام کرنے کے لئے وسیع پیمانے پر استعمال کیا جاتا ہے؟
uqa_valid	زراعت میں ان کے استعمال کی وجہ سے <ans> کاشت کے لئے دستیاب زمین میں اضافہ </ans> ہوا۔	زراعت میں بھاپ کے انجن کے استعمال کا کیا نتیجہ نکلا؟	زراعت میں استعمال ہونے والے زرعی علاقوں میں زراعت کا استعمال کیوں ہوا؟	زراعت میں زراعت میں استعمال ہونے کے لیے زراعت کا استعمال کیوں کیا گیا؟
uqa_valid	ایک وقت یا دوسرے میں بھاپ سے چلنے والے <ans> فارم ٹریکٹر </ans> ، موٹرسائیکل (بہت کامیابی کے بغیر) اور یہاں تک کہ اسٹینلی اسٹیمر جیسے آٹوموبائل بھی موجود ہیں۔	زراعت میں بھاپ کے انجن کے استعمال کا کیا نتیجہ نکلا؟	کون سا دوسرا سب سے قدیم ہومڈش ایک اور ایک مثال ہے جس میں ایک دوسرے سے چلنے والی ایک مثال ہے؟	کون سا جانور ایک دوسرے سے ایک دوسرے سے منسلک ہے؟
uqa_valid	ٹریویتھک نے تینوں لوکوموٹو کا استعمال کرتے ہوئے اپنے تجربات جاری رکھے ، جس کا اختتام 1808 میں <ans> کیچ می کون کرسکتا ہے </ans> کے ساتھ ہوا۔	اس لوکوموٹو کا نام کیا تھا جس نے 1808 میں آغاز کیا تھا؟	ٹریویتھ کا اختتام کس نے کیا؟	ٹریویتھ کا اختتام کس نے کیا؟
uqa_valid	صرف چار سال بعد ، <ans> میتھیو مرے </ans> کی طرف سے کامیاب جڑواں سلنڈر لوکوموٹو سالمنکا کو ایج ریلڈ ریک اور پنون مڈلٹن ریلوے نے استعمال کیا تھا۔	سالامانکا کو کس نے ڈیزائن کیا؟	کس نے سوچا کہ وہ ڈشکا اور ریلوےون دونوں ریل ریلوے دونوں ریل کا استعمال کرتے تھے؟	کس نے فیصلہ کیا کہ ڈراون اور ریلوےون دونوں ریل لائن ریلوے نے ریلوے کو پینٹ کیا؟
uqa_valid	صرف چار سال بعد ، میتھیو مرے کے کامیاب <ans> ٹوئن سلنڈر </ans> لوکوموٹو سالامانکا کو ایج ریلڈ ریک اور پنون مڈلٹن ریلوے نے استعمال کیا تھا۔	سالامنکا کس قسم کا لوکوموٹو تھا؟	کس سال میں بیلاکا ریل اور ریلون دونوں ریل نے ریلوے کے لئے ریل کے استعمال کو اپنایا؟	کس قسم کی پینٹاگواڈ ریل اور ریلوے نقل و حرکت ریلوے کا استعمال کیا گیا تھا؟
uqa_valid	صرف چار سال بعد ، میتھیو مرے کے کامیاب جڑواں سلنڈر لوکوموٹو سالامانکا کو ایج ریلڈ ریک اور پینین <ans> مڈلٹن ریلوے </ans> کے ذریعہ استعمال کیا گیا تھا۔	Salamanca کس ریلوے پر استعمال کیا گیا تھا؟	کون سا ریلوے نظام کو مر گیا؟	کون سی ریلوے کمپنی نے سربوٹکے کی حفاظت کی؟
uqa_valid	1825 میں جارج اسٹیفنسن نے <ans> اسٹاکٹن اور ڈارلنگٹن </ans> ریلوے کے لئے لوکوموشن بنایا۔	سٹیفنسن نے 1825 میں کس ریلوے کے لئے ایک لوکوموٹو بنایا؟	جارج کے جارج کے لئے کون سے ریلوے اسٹیشن ملے؟	جارجوسن نے کون ریلوے ریلوے خدمات انجام دیں؟
uqa_valid	1825 میں جارج اسٹیفنسن نے <ans> اسٹاکٹن اور ڈارلنگٹن ریلوے </ans> کے لئے لوکوموشن بنایا۔	سٹیفنسن نے 1825 میں کس ریلوے کے لئے ایک لوکوموٹو بنایا؟	جارجوسن نے کس کے لئے لوکوموشنشنوشن حاصل کیں؟	جارجوسن نے کون سے ریلوے کے لئے لوکوموڈشن حاصل کیے؟
uqa_valid	اس حرارتی اور ٹھنڈک کی وسعت کو کم کرنے کا ایک طریقہ 1804 میں برطانوی انجینئر <ans> آرتھر وولف </ans> نے ایجاد کیا تھا ، جس نے 1805 میں اپنے وولف ہائی پریشر کمپاؤنڈ انجن کا پیٹنٹ حاصل کیا۔	1805 میں ہائی پریشر کمپاؤنڈ انجن کا پیٹنٹ کس نے حاصل کیا؟	1806 میں کس نے ایجاد کیا کہ اس نے اپنے بی بی ایس کو کم کیا؟	1806 میں کون سا برطانوی پیٹنٹ ایجاد کیا گیا تھا؟
uqa_valid	اس حرارتی اور ٹھنڈک کی وسعت کو کم کرنے کا ایک طریقہ 1804 میں <ans> برطانوی </ans> انجینئر آرتھر وولف نے ایجاد کیا تھا ، جس نے 1805 میں اپنے وولف ہائی پریشر کمپاؤنڈ انجن کا پیٹنٹ حاصل کیا۔	آرتھر وولف کس قومیت کا تھا؟	کون سے موجدوں نے ایجاد کیا کہ وہ اپنے بی بی ایس بی کے ساتھ کم ہو جائے گا؟	کون سے موجدوں نے ایجاد کیا؟
uqa_valid	متعدد سلنڈروں میں توسیع کو مرحلہ وار کرکے ، <ans> ٹارک متغیر </ans> کو کم کیا جاسکتا ہے۔	ایک سے زیادہ سلنڈروں میں مرحلہ وار توسیع سے کیا کم ہوتا ہے؟	جب کئی توسیعوں کو توسیع کرنے کے لئے توسیع کی جا سکتی ہے تو کیا کم کیا جا سکتا ہے؟	جب کئی توسیعوں کو توسیع کیا جاتا ہے تو کیا کم کیا جا سکتا ہے؟
uqa_valid	کم پریشر بھاپ سے کام حاصل کرنے کے لئے اب ایک <ans> سلنڈر حجم </ans> کی ضرورت ہوتی ہے کیونکہ یہ بھاپ زیادہ حجم پر قبضہ کرتی ہے۔	کم دباؤ والے بھاپ سے ایک ہی کام حاصل کرنے کے لئے کیا بڑا ہونے کی ضرورت ہے؟	کم از کم پریشر مزاحمت کو کیا ضرورت ہے؟	کم از کم مزاحمت حاصل کرنے کے لئے کیا ضرورت ہے؟
uqa_valid	کم پریشر بھاپ سے کام حاصل کرنے کے لئے اب ایک <ans> سیلنڈر </ans> کی ضرورت ہوتی ہے کیونکہ یہ بھاپ زیادہ حجم پر قبضہ کرتی ہے۔	کم دباؤ والے بھاپ سے ایک ہی کام حاصل کرنے کے لئے کیا بڑا ہونے کی ضرورت ہے؟	کم از کم پریشر مزاحمت کو کیا ضرورت ہے؟	کم از کم مزاحمت کس کام کی ضرورت ہوتی ہے؟
uqa_valid	حالیہ دہائیوں میں ، متبادل ڈیزل انجن ، اور <ans> گیس ٹربائنز </ans> نے سمندری پروپلوشن کے لئے تقریبا مکمل طور پر بھاپ کو پورا کیا ہے۔	ڈیزل انجنوں کے ساتھ ساتھ، کون سے انجنوں نے سمندری پروپیلشن کے لئے بھاپ انجنوں کو پیچھے چھوڑ دیا ہے؟	کون سا پانی زمین پر 6لوشن کے لئے تقریبا مکمل طور پر ذمہ دار ہے؟	کون سا پانی زمین پر اونچائی پر حملہ کرتا ہے؟
uqa_valid	<ans> رینکین سائیکل </ans> بھاپ انجن کی بنیادی تھرموڈینامک بنیاد ہے۔	بھاپ انجن کی تھرموڈینامک بنیاد کیا ہے؟	بھاپ کی بنیادی  moموڈی کیا ہے؟	بھاپ کی بنیادی تھرموڈی کیا ہے؟
uqa_valid	<ans> رنکن سائیکل </ans> بھاپ انجن کی بنیادی تھرموڈینامک بنیاد ہے۔	بھاپ انجن کی تھرموڈینامک بنیاد کیا ہے؟	بھاپ کی بنیادی  mophy کیا ہے؟	بھاپ کا بنیادی تھرموڈی کیا ہے؟
uqa_valid	گرمی کو بیرونی طور پر ایک بند لوپ میں فراہم کیا جاتا ہے جس میں کچھ گرمی کو کام میں تبدیل کیا جاتا ہے اور فضلہ کی گرمی کو <ans> کینڈینسر میں ہٹا دیا جاتا ہے۔ </ans>	رینکین سائیکل میں ضائع ہونے والی گرمی کا کیا ہوتا ہے؟	گرمی گرمی گرمی گرمی کو گرمی میں گرمی میں گرمی کیوں گرمی کی جاتی ہے؟	گرمی گرمی گرمی گرمی کو گرمی میں گرمی میں کیوں تبدیل کیا جاتا ہے؟
uqa_valid	<ans> 1990 کی دہائی </ans> میں ، رینکین بھاپ سائیکلوں نے دنیا بھر میں استعمال ہونے والی تمام بجلی کا تقریبا 90٪ پیدا کیا ، جس میں عملی طور پر تمام شمسی ، بائیو ماس ، کوئلے اور جوہری بجلی گھر شامل ہیں۔	کس دہائی میں رینکین سائیکل نے 90 فیصد بجلی پیدا کی؟	کس دہائی میں عالمی سطح پر بجلی کا استعمال کیا گیا تھا؟	کس دہائی میں دنیا بھر میں بجلی کی بجلی کا استعمال کیا گیا تھا؟
uqa_valid	1990 کی دہائی میں ، رینکین بھاپ سائیکلوں نے دنیا بھر میں استعمال ہونے والی تمام بجلی کا تقریبا 90٪ پیدا کیا ، جس میں عملی طور پر تمام شمسی ، <ans> بائیوماس </ans> ، کوئلے اور جوہری بجلی گھروں کا نام ہے۔	شمسی، کوئلے اور جوہری کے ساتھ ساتھ، کس قسم کے پلانٹس قابل ذکر Rankine عمل کا استعمال کرتے ہیں؟	1990 کی دہائی میں، کون سا دوسرا عالمی بجلی کا نام ہے جو 1990 کی دہائی میں بجلی کا استعمال کرتا ہے؟	1990 کی دہائی میں دنیا بھر میں بجلی کی بجلی کا نام کیا تھا؟
uqa_valid	اس کا نام ولیم جان میککوورن رینکین ، ایک <ans> اسکاٹش </ans> پولیمتھ ہے۔	ولیم رینکین کی قومیت کیا ہے؟	جان ولیمکوورن کس قسم کا پولیمتھ ہے؟	ولیم جیمزکوورن کس قسم کا پولیمتھ ہے؟
uqa_valid	بھاپ کے انجن کی توانائی کی کارکردگی کا تاریخی پیمانہ اس کی <ans> ڈیوٹی </ans> تھا۔	بھاپ کے انجن کی کارکردگی کا عام طور پر اندازہ کیسے لگایا جاتا تھا؟	توانائی کی توانائی کی توانائی کی کارکردگی کا تاریخی ذریعہ کیا تھا؟	توانائی کے توانائی کی توانائی کا تاریخی ذریعہ کیا تھا؟
uqa_valid	ڈیوٹی کا تصور سب سے پہلے <ans> واٹ </ans> نے متعارف کرایا تھا تاکہ یہ ظاہر کیا جاسکے کہ اس کے انجن پہلے کے نیو کامن ڈیزائنوں کے مقابلے میں کتنے زیادہ موثر تھے۔	بھاپ انجن کی ڈیوٹی کا تصور کس نے ایجاد کیا؟	کس نے اس کے پہلے ڈیزائن کا اعلان کیا کہ اس کا ڈیزائن کردہ ڈیزائن کے ڈیزائن کے مقابلے میں زیادہ موثر تھے؟	کس کے بارے میں خیال کیا گیا تھا کہ اس کے پہلے ڈیزائن کا ڈیزائن کیا گیا تھا؟
uqa_valid	ڈیوٹی کوئلے کے ایک بشل ( <ans> 94 </ans> پاؤنڈ) کو جلانے سے فراہم کردہ کام کے فٹ پاؤنڈ کی تعداد ہے۔	ایک بشل کوئلے کا وزن پاؤنڈ میں کتنا ہے؟	ایک پبل کے لئے کتنے ارکان کی ضرورت ہے؟	ایک پبل کے لئے ایک اور اصطلاح کیا ہے؟
uqa_valid	ڈیوٹی کوئلے کے ایک بشل ( <ans> 94 پاؤنڈ </ans> ) کو جلانے سے فراہم کردہ کام کے فٹ پاؤنڈ کی تعداد ہے۔	ایک بشل کوئلے کا وزن پاؤنڈ میں کتنا ہے؟	ایکلل کے لئے ایکلل کیا ہے؟	ایک پبل کے لئے ایکلل کیا ہے؟
uqa_valid	نیو کامن ڈیزائنوں کی بہترین مثالوں میں تقریبا <ans> 7 ملین </ans> کی ڈیوٹی تھی ، لیکن زیادہ تر 5 ملین کے قریب تھے۔	ایک Newcomen انجن کا مثالی فرض کیا تھا؟	نیو یارک کے ڈیزائن کے ڈیزائن کی ڈیزائن میں تقریباً کتنے لوگ رہتے تھے؟	نیو یارک کے ڈیزائن کے ڈیزائن میں کتنے لوگ رہتے ہیں؟
uqa_valid	واٹ کے اصل کم دباؤ کے ڈیزائن 25 ملین تک ڈیوٹی فراہم کرنے کے قابل تھے ، لیکن اوسط <ans> 17 </ans> کے بارے میں تھا۔	ایک کم دباؤ واٹ انجن کی اوسط ڈیوٹی کیا تھی؟	اصل میں کس سال میں ایک نئی بستی کے لئے اصل ڈیزائن کیا گیا تھا؟	کس سال کے دوران نورفولک جزیرے کے اصل ڈیزائن نے اصل میں کم از کم جزوی طور پر فراہم کیا؟
uqa_valid	20 ویں صدی کے اوائل تک باہمی پسٹن قسم کے بھاپ انجن طاقت کا غالب ذریعہ رہے ، جب الیکٹرک موٹرز اور اندرونی دہن والے انجنوں کے ڈیزائن میں پیشرفت کے نتیجے میں آہستہ آہستہ تجارتی استعمال میں باہمی (پسٹن) بھاپ انجنوں کی جگہ لے لی گئی ، اور بجلی کی پیداوار میں <ans> بھاپ ٹربائنوں </ans> کی بالادستی ہوئی۔	پسٹن بھاپ انجنوں کے بعد بجلی پیدا کرنے کے لئے کس قسم کے انجن مقبول ہوگئے؟	الیکٹرک موٹرز کی پیداوار میں کیا اضافہ ہوا؟	الیکٹرک موٹرز کی پیداوار میں اضافہ کرنے والے مواد کا نام کیا تھا؟
uqa_valid	20 ویں صدی کے اوائل تک باہمی پسٹن قسم کے بھاپ انجن طاقت کا غالب ذریعہ رہے ، جب الیکٹرک موٹرز اور <ans> اندرونی دہن والے انجنوں </ans> کے ڈیزائن میں پیشرفت کے نتیجے میں آہستہ آہستہ تجارتی استعمال میں باہمی (پسٹن) بھاپ انجنوں کی جگہ لے لی گئی ، اور بجلی کی پیداوار میں بھاپ ٹربائنوں کی بالادستی ہوئی۔	پسٹن بھاپ انجنوں کے بعد بجلی پیدا کرنے کے لئے کس قسم کے انجن مقبول ہوگئے؟	الیکٹرک موٹرز کے استعمال میں کس قسم کی انجنوں کی جگہ لے لی؟	الیکٹرک موٹرز کا استعمال کس چیز کے لیے کیا گیا تھا؟
uqa_valid	<ans> ریسیپریکٹنگ پسٹن </ans> قسم کے بھاپ انجن 20 ویں صدی کے اوائل تک طاقت کا غالب ذریعہ رہے ، جب الیکٹرک موٹرز اور اندرونی دہن والے انجنوں کے ڈیزائن میں پیشرفت کے نتیجے میں آہستہ آہستہ تجارتی استعمال میں متبادل (پسٹن) بھاپ انجنوں کی جگہ لے لی گئی ، اور بجلی کی پیداوار میں بھاپ ٹربائنوں کی بالادستی ہوئی۔	پسٹن بھاپ انجنوں کے بعد بجلی پیدا کرنے کے لئے کس قسم کے انجن مقبول ہوگئے؟	طاقت کے غالب طاقت کا نام کیا تھا؟	چودہویں صدی کے آخر تک طاقت کے غالب طاقت کا نام کیا تھا؟
uqa_valid	<ans> ریسیپریکٹنگ پسٹن </ans> قسم کے بھاپ انجن 20 ویں صدی کے اوائل تک طاقت کا غالب ذریعہ رہے ، جب الیکٹرک موٹرز اور اندرونی دہن والے انجنوں کے ڈیزائن میں پیشرفت کے نتیجے میں آہستہ آہستہ تجارتی استعمال میں متبادل (پسٹن) بھاپ انجنوں کی جگہ لے لی گئی ، اور بجلی کی پیداوار میں بھاپ ٹربائنوں کی بالادستی ہوئی۔	بیسویں صدی کے اوائل تک کس قسم کے بھاپ کے انجن سب سے زیادہ طاقت پیدا کرتے تھے؟	طاقت کے غالب طاقت کا نام کیا تھا؟	چودہویں صدی کے آخر تک طاقت کے غالب طاقت کا نام کیا تھا؟
uqa_valid	20 ویں صدی کے اوائل تک باہمی پسٹن قسم کے بھاپ انجن طاقت کا غالب ذریعہ رہے ، جب الیکٹرک موٹرز اور اندرونی دہن والے انجنوں کے ڈیزائن میں پیشرفت کے نتیجے میں آہستہ آہستہ تجارتی استعمال میں باہمی (پسٹن) بھاپ انجنوں کی جگہ لے لی گئی ، اور بجلی کی پیداوار میں <ans> بھاپ ٹربائنوں </ans> کی بالادستی ہوئی۔	بیسویں صدی کے اوائل تک کس قسم کے بھاپ کے انجن سب سے زیادہ طاقت پیدا کرتے تھے؟	الیکٹرک موٹرز کی پیداوار میں کیا اضافہ ہوا؟	الیکٹرک موٹرز کی پیداوار میں اضافہ کرنے والے مواد کا نام کیا تھا؟
uqa_valid	20 ویں صدی کے اوائل تک باہمی پسٹن قسم کے بھاپ انجن طاقت کا غالب ذریعہ رہے ، جب <ans> الیکٹرک موٹرز اور اندرونی دہن </ans> انجنوں کے ڈیزائن میں پیشرفت کے نتیجے میں آہستہ آہستہ تجارتی استعمال میں باہمی (پسٹن) بھاپ انجنوں کی جگہ لے لی گئی ، اور بجلی کی پیداوار میں بھاپ ٹربائنوں کی بالادستی ہوئی۔	بیسویں صدی کے اوائل تک کس قسم کے بھاپ کے انجن سب سے زیادہ طاقت پیدا کرتے تھے؟	انجن انجنیئر انجن کے انجنوں کو کس قسم کی انجنوں میں تبدیل کیا گیا تھا؟	انجن انجنیئر انجن کے ڈیزائن انجن کا استعمال کس نے کیا؟
uqa_valid	<ans> ریسیپریکٹنگ پسٹن ٹائپ </ans> بھاپ انجن 20 ویں صدی کے اوائل تک طاقت کا غالب ذریعہ رہے ، جب الیکٹرک موٹرز اور اندرونی دہن کے انجنوں کے ڈیزائن میں پیشرفت کے نتیجے میں آہستہ آہستہ تجارتی استعمال میں پسٹن (پسٹن) بھاپ انجنوں کی جگہ لے لی گئی ، اور بجلی کی پیداوار میں بھاپ ٹربائنوں کی بالادستی ہوئی۔	بیسویں صدی کے اوائل تک کس قسم کے بھاپ کے انجن سب سے زیادہ طاقت پیدا کرتے تھے؟	کون سا بھاپ 20 ویں صدی کے آخر تک طاقت کا غالب ذریعہ استعمال کیا گیا تھا؟	20 ویں صدی کے آخر تک طاقت کا غالب ذریعہ کیا تھا؟
uqa_valid	اس بات پر غور کرتے ہوئے کہ دنیا بھر میں بجلی کی پیداوار کی اکثریت <ans> ٹربائن </ans> قسم کے بھاپ انجنوں کے ذریعہ تیار کی جاتی ہے ، بھاپ کا دور 19 ویں صدی کے اختتام سے کہیں زیادہ توانائی کی سطح کے ساتھ جاری ہے۔	آج دنیا میں کس قسم کا بھاپ انجن سب سے زیادہ بجلی پیدا کرتا ہے؟	دنیا بھر میں بجلی کی پیداوار کی اکثریت کس قسم کی لکڑی کی مقدار کی مقدار میں تیار کرتی ہے؟	دنیا بھر میں بجلی کی پیداوار کی اکثریت کیا ہے؟
uqa_valid	اس بات پر غور کرتے ہوئے کہ دنیا بھر میں بجلی کی پیداوار کی اکثریت <ans> ٹربائن قسم </ans> بھاپ انجنوں کے ذریعہ تیار کی جاتی ہے ، بھاپ کا دور 19 ویں صدی کے اختتام سے کہیں زیادہ توانائی کی سطح کے ساتھ جاری ہے۔	آج دنیا میں کس قسم کا بھاپ انجن سب سے زیادہ بجلی پیدا کرتا ہے؟	دنیا بھر میں بجلی کی پیداوار کی اکثریت کس قسم کی بھاپ کی طرف سے تیار کی جاتی ہے؟	دنیا بھر میں بجلی کی پیداوار کی اکثریت کیا ہے؟
uqa_valid	20 ویں صدی کے اوائل تک باہمی پسٹن قسم کے بھاپ انجن طاقت کا غالب ذریعہ رہے ، جب <ans> الیکٹرک موٹرز </ans> اور اندرونی دہن والے انجنوں کے ڈیزائن میں پیشرفت کے نتیجے میں آہستہ آہستہ تجارتی استعمال میں باہمی (پسٹن) بھاپ انجنوں کی جگہ لے لی گئی ، اور بجلی کی پیداوار میں بھاپ ٹربائنوں کی بالادستی ہوئی۔	آج دنیا میں کس قسم کا بھاپ انجن سب سے زیادہ بجلی پیدا کرتا ہے؟	انجنیئر انجن کے انجنوں کا استعمال کس چیز کے لیے کیا جاتا تھا؟	انجنیئر انجن کے انجنوں کا استعمال کس نے کیا؟
uqa_valid	20 ویں صدی کے اوائل تک باہمی پسٹن قسم کے بھاپ انجن طاقت کا غالب ذریعہ رہے ، جب الیکٹرک موٹرز اور <ans> اندرونی دہن </ans> انجنوں کے ڈیزائن میں پیشرفت کے نتیجے میں آہستہ آہستہ تجارتی استعمال میں باہمی (پسٹن) بھاپ انجنوں کی جگہ لے لی گئی ، اور بجلی کی پیداوار میں بھاپ ٹربائنوں کی بالادستی ہوئی۔	الیکٹرک موٹرز کے ساتھ ساتھ، کس قسم کے انجنوں نے پسٹن بھاپ کے انجنوں کی جگہ لے لی؟	انجنوں کے انجنوں کو انجنیئر انجنوں میں تبدیل کرنے کے لئے کس قسم کا انجن استعمال کیا گیا تھا؟	انجنیئر انجن کے ڈیزائن انجن کا استعمال کس نے کیا؟
uqa_valid	پہلا تجارتی بھاپ سے چلنے والا آلہ ایک واٹر پمپ تھا ، جسے <ans> تھامس سیوری </ans> نے 1698 میں تیار کیا تھا۔	سب سے پہلے تجارتی بھاپ سے چلنے والا آلہ کس نے تیار کیا؟	16 سے چلنے والے چلنے والے چلنے والے نئے ڈیزائنرز کو کس نے تیار کیا؟	سب سے پہلے تجارتی جہاز کا نام کیا تھا؟
uqa_valid	پہلا تجارتی بھاپ سے چلنے والا آلہ ایک <ans> واٹر پمپ </ans> تھا ، جسے تھامس سیوری نے 1698 میں تیار کیا تھا۔	تجارتی طور پر استعمال ہونے والا پہلا بھاپ سے چلنے والا آلہ کیا تھا؟	پہلا تجارتی چلنے والا چلنے والا آلہ کیا تھا؟	پہلا تجارتی انجن کیا تھا؟
uqa_valid	اس نے <ans> خالی </ans> پیدا کرنے کے لئے کنڈینسنگ بھاپ کا استعمال کیا جس کو نیچے سے پانی اٹھانے کے لئے استعمال کیا گیا تھا ، پھر اس نے بھاپ کے دباؤ کا استعمال کرتے ہوئے اسے بلند کرنے کے لئے استعمال کیا۔	تجارتی طور پر استعمال ہونے والا پہلا بھاپ سے چلنے والا آلہ کیا تھا؟	بھاپ کے استعمال کے دوران کیا استعمال کیا گیا تھا؟	اس دور کا استعمال کرنے کے لئے کیا استعمال کیا گیا تھا؟
uqa_valid	پہلا تجارتی بھاپ سے چلنے والا آلہ ایک واٹر پمپ تھا ، جسے <ans> 1698 </ans> میں تھامس سیوری نے تیار کیا تھا۔	کس سال میں پہلا تجارتی بھاپ سے چلنے والا آلہ ایجاد کیا گیا تھا؟	پہلا تجارتی جہاز کب تیار کیا گیا تھا؟	پہلا تجارتی جہاز کب تیار کیا گیا تھا؟
uqa_valid	<ans> بینٹو ڈی مورہ پرتگال </ans> نے سیوری کی تعمیر میں ایک ذہین بہتری متعارف کروائی تاکہ اسے خود کام کرنے کے قابل بنایا جاسکے ، جیسا کہ جان سمیٹن نے 1751 میں شائع کیا۔	کس نے خاص طور پر سیوری واٹر پمپ کو بہتر بنایا؟	کس نے سیوری کی تعمیر میں مدد کی؟	سیوری کی تعمیر میں کس نے مدد کی؟
uqa_valid	بینٹو ڈی مورہ پرتگال نے سیوری کی تعمیر میں ایک ذہین بہتری متعارف کروائی تاکہ اسے خود کام کرنے کے قابل بنایا جاسکے ، جیسا کہ <ans> جان سمیٹن </ans> نے 1751 میں شائع کیا۔	1751 کے فلسفیانہ لین دین میں سیوری واٹر پمپ کے بارے میں کس نے لکھا؟	کس نے 1793 میں سی ڈی کی تعمیر کی؟	کس نے 1793 میں سی ڈی کی تعمیر نو کی؟
uqa_valid	1800 کے آس پاس <ans> ریچرڈ ٹریویٹک </ans> اور 1801 میں علیحدہ علیحدہ اولیور ایونز نے ہائی پریشر بھاپ کا استعمال کرتے ہوئے انجن متعارف کرایا۔	1800 کے آس پاس ہائی پریشر بھاپ انجن کس نے ایجاد کیا؟	کون سا سائنسدان ایک ہی ملک کے قریب تھا؟	18017 کے آس پاس کس نے متعارف کرایا؟
uqa_valid	1800 کے آس پاس رچرڈ ٹریویٹک اور ، الگ الگ ، 1801 میں <ans> اولیور ایونز </ans> نے ہائی پریشر بھاپ کا استعمال کرتے ہوئے انجن متعارف کرائے۔	کس نے 1801 میں ہائی پریشر بھاپ کا استعمال کرتے ہوئے ایک انجن بنایا؟	کون سا مال ماسٹر1 میں ایک پری سیزن کا استعمال کرتا ہے؟	ہائی پریپریک کا استعمال کس نے متعارف کرایا؟
uqa_valid	ٹریویٹک نے <ans> 1802 </ans> میں اپنا ہائی پریشر انجن پیٹنٹ حاصل کیا۔	کس سال رچرڈ Trevithick اس کے آلہ پیٹنٹ کیا؟	ٹریکک نے ہائی پریشر پریشر کب حاصل کیا؟	کس سال میں ٹریکک نے ہائی پری ہائی پری پیٹنٹ حاصل کی؟
uqa_valid	یہ ایک دیئے گئے سلنڈر سائز کے لئے پچھلے انجنوں کے مقابلے میں بہت زیادہ طاقتور تھے اور <ans> ٹرانسپورٹ </ans> ایپلی کیشنز کے لئے کافی چھوٹے بنائے جاسکتے تھے۔	ہائی پریشر بھاپ انجن اتنے چھوٹے تھے کہ ان کا استعمال کس ایپلی کیشن میں کیا جا سکتا تھا؟	ابتدائی انجنوں کے لئے ایک اور چھوٹے پیمانے پر کیا استعمال کیا گیا تھا؟	کس قسم کے ایپلی کیشنز کے لئے کافی موثر تھے؟
uqa_valid	یہ ایک دیئے گئے سلنڈر سائز کے لئے پچھلے انجنوں کے مقابلے میں بہت زیادہ طاقتور تھے اور <ans> ٹرانسپورٹ ایپلی کیشنز </ans> کے لئے کافی چھوٹے بنائے جاسکتے تھے۔	ہائی پریشر بھاپ انجن اتنے چھوٹے تھے کہ ان کا استعمال کس ایپلی کیشن میں کیا جا سکتا تھا؟	ایک چھوٹے پیمانے پر ایک چھوٹے نوٹوں کے لئے ایک اور نام کیا ہے؟	کس قسم کے کپڑوں کے لئے کافی چھوٹے پیمانے پر استعمال کیا جا رہا تھا؟
uqa_valid	اس کے بعد ، تکنیکی ترقی اور مینوفیکچرنگ تکنیک میں بہتری (جزوی طور پر بھاپ انجن کو <ans> طاقت </ans> کے ذریعہ اپنانے کی وجہ سے) کے نتیجے میں زیادہ موثر انجنوں کا ڈیزائن کیا گیا جو مطلوبہ ایپلی کیشن کے لحاظ سے چھوٹا ، تیز یا زیادہ طاقتور ہوسکتا تھا۔	بھاپ کے انجنوں کا استعمال کس چیز کے ذریعہ کیا جاتا تھا؟	تکنیکی ترقی کے دوران، تکنیکی ترقی کو کس چیز نے ڈیزائن کیا؟	تکنیکی ترقی اور تکنیکی ترقی کو بہتر بنانے کے لئے تکنیکی طور پر کیا استعمال کیا گیا تھا؟
uqa_valid	اس کے بعد ، تکنیکی ترقی اور مینوفیکچرنگ تکنیک میں بہتری (جزوی طور پر بھاپ انجن کو <ans> پاور سورس </ans> کے طور پر اپنانے کی وجہ سے) کے نتیجے میں زیادہ موثر انجنوں کا ڈیزائن کیا گیا جو مطلوبہ ایپلی کیشن کے لحاظ سے چھوٹا ، تیز یا زیادہ طاقتور ہوسکتا تھا۔	بھاپ کے انجنوں کا استعمال کس چیز کے ذریعہ کیا جاتا تھا؟	تکنیکی ترقی اور تکنیکی ترقی کے لئے تکنیکی طور پر کس قسم کی بیماری کا استعمال کیا گیا تھا؟	تکنیکی ترقی اور تکنیکی ترقی کے علاوہ، تکنیکی ترقی کو کیا کہا جاتا تھا؟
uqa_valid	سویڈن میں کمپنی <ans> انرجی پروجیکٹ اے بی </ans> نے بھاپ کی طاقت کو استعمال کرنے کے لئے جدید مواد کے استعمال میں پیشرفت کی ہے۔	کون سی جدید کمپنی جدید مواد کا استعمال کرتے ہوئے بھاپ کے انجن پر خاص طور پر کام کر رہی ہے؟	بھاپ میں طاقت کی طاقت کو استعمال کرنے کے لئے کس قسم کی کمپنی استعمال کی جاتی ہے؟	کس کمپنی نے بھاپ کی طاقت کو استعمال کرنے کے لئے استعمال کیا ہے؟
uqa_valid	<ans> سویڈن </ans> میں کمپنی انرجی پروجیکٹ اے بی نے بھاپ کی طاقت کو استعمال کرنے کے لئے جدید مواد کے استعمال میں پیشرفت کی ہے۔	انرجی پروجیکٹ اے بی کہاں مقیم ہے؟	کس ملک میں کمپنی کے متبادل استعمال کی طاقت کو استعمال کرنے کے لئے استعمال کیا جاتا ہے؟	ڈیل کی طاقت کس طاقت میں استعمال کی جاتی ہے؟
uqa_valid	یہ ایک سنگل مرحلہ ، <ans> 5 </ans> سلنڈر انجن (کوئی مرکب) ہے جس میں سپر گرم بھاپ ہے اور تقریبا 4 کلوگرام (8.	انرجی پروجیکٹ اے بی انجن میں کتنے سلنڈر ہیں؟	لکڑی کی کتنی پیمائش کی شکل ہے؟	سینٹ بارٹس میں کتنے لوگ ہیں؟
uqa_valid	یہ ایک سنگل مرحلہ ، <ans> 5 سلنڈر </ans> انجن (کوئی مرکب) ہے جس میں سپر ہیٹڈ بھاپ ہے اور تقریبا 4 کلوگرام (8.	انرجی پروجیکٹ اے بی انجن میں کتنے سلنڈر ہیں؟	سینٹ بارٹس میں کتنے انجن ہوتے ہیں؟	سینٹ بارٹس میں کتنے انجن ہوتے ہیں؟
uqa_valid	انرجی پروجیکٹ کے بھاپ انجن کی کارکردگی ہائی پریشر انجنوں پر کچھ <ans> 27-30 </ans> ٪ تک پہنچ جاتی ہے۔	ایک ہائی پریشر انجن کی کارکردگی کا کتنا فیصد Energiprojekt AB انجن حاصل کیا ہے؟	پروجیکٹ انجن پروجیکٹ کے انجن پروجیکٹ کے انجن کی فی منٹ کتنی ہے؟	پروجیکٹ انجن پروجیکٹ کے قریب انجن کی فی منٹ کتنی حد تک پہنچ جاتی ہے؟
uqa_valid	انرجی پروجیکٹ کے بھاپ انجن کی کارکردگی ہائی پریشر انجنوں پر کچھ <ans> 27-30٪ </ans> تک پہنچ جاتی ہے۔	ایک ہائی پریشر انجن کی کارکردگی کا کتنا فیصد Energiprojekt AB انجن حاصل کیا ہے؟	پروجیکٹ انجن پروجیکٹ کے انجن انجن پروجیکٹ کے انجن کا کتنا فیصد پروجیکٹ ہے؟	پروجیکٹ انجن پروجیکٹ کے انجن کے ذخائر انجن کی حد تک کتنا فیصد اضافہ ہوتا ہے؟
uqa_valid	جہاں سی ایچ پی کا استعمال نہیں کیا جاتا ہے ، بجلی گھروں میں بھاپ ٹربائن <ans> سطحی کنڈینسر </ans> کو کولڈ سنک کے طور پر استعمال کرتے ہیں۔	CHP کی غیر موجودگی میں پاور اسٹیشن بھاپ ٹربائنز کولڈ سنک کے طور پر کیا استعمال کرتے ہیں؟	بجلی کے ٹربائن کو کس قسم کے فن کو استعمال کیا جاتا ہے؟	بجلی کے ٹربائن کو کیا کہا جاتا ہے؟
uqa_valid	خشک قسم کا کولنگ ٹاور <ans> آٹوموبائل ریڈیٹر </ans> کی طرح ہے اور ان مقامات پر استعمال ہوتا ہے جہاں پانی مہنگا ہوتا ہے۔	خشک کولنگ ٹاور کس ڈیوائس سے ملتا جلتا ہے؟	خشک سال میں خشک ہونے کا ایک طریقہ کیا ہے؟	خشک سال میں کس قسم کی روشنی کا استعمال کیا جاتا ہے؟
uqa_valid	ایک خشک قسم کا کولنگ ٹاور <ans> آٹوموبائل ریڈیٹر </ans> کی طرح ہے اور ان مقامات پر استعمال ہوتا ہے جہاں پانی مہنگا ہوتا ہے۔	خشک کولنگ ٹاور کس ڈیوائس سے ملتا جلتا ہے؟	ایک خشک نشان کا ایک اور نام کیا ہے؟	کس قسم کا ہتھیار خشک طور پر استعمال کیا جاتا ہے؟
uqa_valid	خشک قسم کا کولنگ ٹاور آٹوموبائل ریڈیٹر کی طرح ہوتا ہے اور ان مقامات پر استعمال ہوتا ہے <ans> جہاں پانی مہنگا ہوتا ہے۔ </ans>	کس قسم کی جگہوں پر خشک کولنگ ٹاورز استعمال کیے جاتے ہیں؟	خشک ہونے والے کیڑوں کو کس طرح استعمال کیا جاتا ہے؟	خشک پودے کا استعمال کرتے ہوئے کیا استعمال کیا جاتا ہے؟
uqa_valid	خشک قسم کا کولنگ ٹاور آٹوموبائل ریڈیٹر کی طرح ہے اور اس کا استعمال <ans> ان مقامات پر کیا جاتا ہے جہاں پانی مہنگا ہوتا ہے۔ </ans>	کس قسم کی جگہوں پر خشک کولنگ ٹاورز استعمال کیے جاتے ہیں؟	خشک سال کا استعمال کرنے کے لئے خشک ہونے کا استعمال کیا جاتا ہے؟	خشک طور پر خشک ہونے کا ایک طریقہ کیا ہے؟
uqa_valid	ایک 700 میگاواٹ کوئلے سے چلنے والا بجلی گھر بخارات سے چلنے والے ٹھنڈک کے لئے ہر گھنٹے میں تقریبا <ans> 3600 </ans> مکعب میٹر میک اپ پانی استعمال کرسکتا ہے ، لیکن اگر دریا کے پانی سے ٹھنڈا کیا جائے تو اس کی ضرورت ہوگی۔	ایک 700 میگاواٹ کوئلے سے چلنے والے پاور پلانٹ کے ذریعہ فی گھنٹہ کتنے مکعب میٹر پانی کا استعمال کیا جاتا ہے؟	بجلی کے لئے ہر سال بجلی کی بجلی کتنی ہے؟	بجلی سے چلنے والے بجلی کے لیے کتنے مکعب میٹر استعمال کیے جاتے ہیں؟
uqa_valid	<ans> سینٹری فیوگل گورنر </ans> کو جیمز واٹ نے 1788 میں ایک بھاپ انجن پر استعمال کرنے کے لئے اپنایا تھا جب واٹ کے ساتھی بولٹن نے ایک آٹے کی مل میں ایک دیکھا تھا جو بولٹن اینڈ واٹ تعمیر کر رہے تھے۔	واٹ نے 1788 میں بھاپ کے انجن میں کیا شامل کیا؟	جیمز نٹن کی تعمیر کس نے کی؟	جیمز نٹن کی تعمیر کس نے کی؟
uqa_valid	سینٹرفیوگل گورنر کو جیمز واٹ نے 1788 میں ایک بھاپ انجن پر استعمال کرنے کے لئے اپنایا تھا جب واٹ کے ساتھی <ans> بولٹن </ans> نے آٹے کی مل میں ایک دیکھا تھا۔	واٹ کے پارٹنر کا نام کیا تھا؟	کس نے یہ اعلان کیا کہ یہ ایک جگہ پر مبنی ہے؟	کس نے یہ اعلان کیا کہ یہ ایک جگہ پر مبنی ہے؟
uqa_valid	سینٹرفیوگل گورنر کو جیمز واٹ نے 1788 میں ایک بھاپ انجن پر استعمال کرنے کے لئے اپنایا تھا جب واٹ کے ساتھی بولٹن نے <ans> ایک آٹا مل </ans> بولٹن اینڈ واٹ کی تعمیر میں ایک کو دیکھا تھا۔	بولٹن نے سب سے پہلے سینٹر فیوگل گورنر کو کہاں دیکھا تھا؟	بولٹن اینڈ کی تعمیر میں ایک بولٹن کیا تعمیر کیا گیا تھا؟	بولٹن پورٹن کی تعمیر میں کون سا آلہ استعمال کیا گیا تھا؟
uqa_valid	اس کے نتیجے میں ، صرف اس گورنر سے لیس انجن مستقل رفتار کی ضرورت ہوتی ہے ، جیسے <ans> کپاس گھومنے </ans> کے لئے موزوں نہیں تھے۔	کام کی ایک جانچ پڑتال کیا ہے کہ ایک centrifugal گورنر سے لیس بھاپ انجن کے لئے موزوں نہیں تھا؟	گورنر کی گورنر کون سی تھی؟	گورنر کس گورنر کے لئے موزوں نہیں تھا؟
uqa_valid	اس کے نتیجے میں ، صرف اس گورنر سے لیس انجن <ans> عملیات کے لئے موزوں نہیں تھے جس میں مستقل رفتار کی ضرورت ہوتی ہے </ans> ، جیسے کپاس گھومنا۔	کام کی ایک جانچ پڑتال کیا ہے کہ ایک centrifugal گورنر سے لیس بھاپ انجن کے لئے موزوں نہیں تھا؟	گورنر اس گورنر کے ساتھ کیا مسئلہ ہے؟	گورنر ایک گورنر کیوں ہے؟
uqa_valid	گورنر دراصل <ans> ایک مقررہ رفتار کو برقرار نہیں رکھ سکتا تھا </ans> ، کیونکہ یہ بوجھ کی تبدیلیوں کے جواب میں ایک نئی مستقل رفتار کو فرض کرے گا۔	سینٹر فیوگل گورنر کیا کرنے سے قاصر تھا؟	گورنر کی رفتار کیا تھی؟	گورنر کی رفتار کیا تھی؟
uqa_valid	<ans> 1880 </ans> کے بعد صنعتی اکائیوں ، سڑک کے انجنوں کے لئے کمپاؤنڈنگ کو اپنانا عام تھا اور سمندری انجنوں کے لئے تقریبا universal عالمگیر تھا۔	کس سال کے بعد مرکب اکثر سمندری انجنوں میں استعمال کیا گیا تھا؟	کس سال کے دوران نورفولک جزیرے کے انجنوں کے لئے کمپاؤنگنگنگ کے لئے کمپنگ ضروری تھا؟	کس سال کے دوران نورفولک جزیرے کے رہائشیوں کو کم کرنے کے لئے کم کیا گیا تھا؟
uqa_valid	یہ <ans> ریلوے لوکوموٹو </ans> میں عالمگیر طور پر مقبول نہیں تھا جہاں اسے اکثر پیچیدہ سمجھا جاتا تھا۔	کن مشینوں کی تعمیر میں کمپاؤنڈنگ مقبول نہیں تھی؟	کس قسم کی موسیقی میں مقبول طور پر مقبول نہیں سمجھا جاتا تھا؟	کون سا پڑوس خاص طور پر مقبول نہیں سمجھا جاتا تھا؟
uqa_valid	یہ ریلوے لوکوموٹو میں عالمگیر طور پر مقبول نہیں تھا جہاں اسے اکثر <ans> پیچیدہ </ans> سمجھا جاتا تھا۔	لوکوموٹو کی تعمیر کی صنعت میں کمپاؤنڈنگ کو کیا سمجھا جاتا تھا؟	آپ کو مقبول سمجھا جاتا تھا کہ وہ کس قسم کی پیدائش کے لئے مقبول تھا؟	آپ کو مقبول طور پر کیا سمجھا جاتا تھا؟
uqa_valid	یہ جزوی طور پر سخت ریلوے آپریٹنگ ماحول اور لوڈنگ گیج کے ذریعہ فراہم کردہ محدود جگہ کی وجہ سے ہے (خاص طور پر برطانیہ میں ، جہاں کمپاؤنڈنگ کبھی عام نہیں تھی اور <ans> 1930 </ans> کے بعد استعمال نہیں کی گئی۔	کس سال کے بعد برطانیہ میں کمپاؤنڈنگ کا استعمال بند کر دیا گیا؟	برطانیہ میں کم از کم تعداد کب نہیں کی گئی؟	برطانیہ میں استعمال ہونے والے بہت سے کمانوں کو کب استعمال نہیں کیا گیا؟
uqa_valid	صنعتی اکائیوں ، <ans> سڑک انجنوں </ans> کے لئے کمپاؤنڈنگ کو اپنانا عام تھا اور 1880 کے بعد سمندری انجنوں کے لئے تقریبا عالمگیر تھا۔	سمندری انجنوں اور صنعتی یونٹوں کے ساتھ ساتھ، کن مشینوں میں مرکب مقبول تھا؟	صنعتی انقلاب کے دوران کون سا جانور کم کیا گیا تھا؟	کون سا مدمقابل کمپاؤنگنگ کے لئے کم تھا؟
uqa_valid	تاہم زیادہ تر میں ایک ریورسنگ میکانزم ہوتا ہے جو اس کے علاوہ بھاپ کی بچت کا ذریعہ فراہم کرسکتا ہے کیونکہ رفتار اور رفتار کو آہستہ آہستہ <ans> کٹ آف کو مختصر کرنے </ans> یا اس کے بجائے ، داخلہ ایونٹ کو مختصر کرکے حاصل کیا جاتا ہے۔	داخلے کی تقریب کو مختصر کرنے کے لئے ایک اور اصطلاح کیا ہے؟	رفتار کی رفتار کو تبدیل کرنے کے لئے کیا استعمال کیا جاتا ہے؟	رفتار کا رفتار کیا ہے؟
uqa_valid	اگر اخراج کا واقعہ بہت مختصر ہے تو ، اخراج بھاپ کی مجموعی طور پر سلنڈر کو خالی نہیں کرسکتا ہے ، اسے دبا دیتا ہے اور زیادہ سے زیادہ کمپریشن ( <ans> کیک بیک </ans> ) دیتا ہے۔	ضرورت سے زیادہ کمپریشن کے لئے ایک اور اصطلاح کیا ہے؟	زیادہ تر کمپریشن کو کیا کہا جاتا ہے؟	زیادہ سے زیادہ کمپریشن کیا ہے؟
uqa_valid	اگر اخراج کا واقعہ بہت مختصر ہے تو ، اخراج بھاپ کی مجموعی طور پر سلنڈر کو <ans> خارج </ans> نہیں کرسکتا ہے ، اسے دباتا ہے اور زیادہ سے زیادہ کمپریشن (کیک بیک) دیتا ہے۔	جب راستہ واقعہ کافی طویل نہیں ہے تو راستہ بھاپ مکمل طور پر کیا نہیں کر سکتا؟	اگر اخراج کی وجہ سے، ہو، ہو، یا نہیں ہو سکتا ہے، تو کیا ہو سکتا ہے؟	اگر اخراج بہت زیادہ ہو ہو تو کیا ہو سکتا ہے؟
uqa_valid	سب سے آسان والو گیئرز انجن سائیکل کے دوران <ans> فکسڈ </ans> لمبائی کے واقعات دیتے ہیں اور اکثر انجن کو صرف ایک سمت میں گھماتے ہیں۔	انجن سائیکل کے واقعات کی لمبائی کیا ہے جب سب سے آسان والو گیئرز کا استعمال کیا جاتا ہے؟	سب سے آسان بنانے کے واقعات کے واقعات کے واقعات کے واقعات کے واقعات کے واقعات کے واقعات کے واقعات کے واقعات کے واقعات کے طور پر کیا دیکھا جاتا ہے؟	سب سے سب سے آسان بنانے والے پرندے کس قسم کے واقعات کے واقعات ہوتے ہیں؟
uqa_valid	ہسپانوی موجد <ans> جیرونیمو ڈی ایانز ی بیومونٹ </ans> نے 1606 میں بھاپ انجن کے لئے پہلا پیٹنٹ حاصل کیا۔	سب سے پہلے بھاپ انجن کا پیٹنٹ کس نے حاصل کیا؟	کون سا ہسپانوی ایکسپلورر 1601 میں پیٹنٹ حاصل کیا؟	کون سا ہسپانوی ایکسپلورر 1601 میں پیٹنٹ کے لئے پیٹنٹ حاصل کیا؟
uqa_valid	<ans> ہسپانوی </ans> موجد جیرونیمو ڈی ایانز و بیومونٹ نے 1606 میں بھاپ انجن کے لئے پہلا پیٹنٹ حاصل کیا۔	Jerónimo de Ayanz y Beaumont کی قومیت کیا تھی؟	جی ڈی جیانو جی ڈیو نے کس قسم کا ڈیوچران تیار کیا؟	جی جیان فلوانزان نے اپنا پہلا پیٹنٹ کس ملک میں حاصل کیا؟
uqa_valid	ہسپانوی موجد جیرونیمو ڈی ایانز و بیومونٹ نے <ans> 1606 </ans> میں بھاپ انجن کے لئے پہلا پیٹنٹ حاصل کیا۔	جیرونیمو ڈی ایانز ی بیومونٹ کو کس سال بھاپ کے انجن کا پیٹنٹ ملا؟	ڈی جی ڈیو نے کس سال بھاپ پیٹنٹ حاصل کی؟	کس سال میں ڈی جی ڈیو نے اپنا پیٹنٹ حاصل کیا؟
uqa_valid	<ans> 1698 </ans> میں تھامس سیوری نے ایک بھاپ پمپ کا پیٹنٹ کیا جس نے پمپ کیے جانے والے پانی کے ساتھ براہ راست رابطے میں بھاپ کا استعمال کیا۔	کس سال میں Savery اس کے بھاپ پمپ پیٹنٹ کیا؟	تھامس سیوری نے پمپ پمپ پمپ پمپ پمپ پمپ پمپ پمپ پمپ پمپ پمپ پمپ پمپ کا پیٹنٹ کب کیا؟	تھامس سیوری نے پمپ پمپ پمپ پمپ پمپ پمپ پمپ کا پیٹنٹ کب کیا؟
uqa_valid	ایک بھاپ ٹربائن ایک یا ایک سے زیادہ روٹرز ( <ans> گھومنے والی ڈسکیں </ans> ) پر مشتمل ہوتا ہے جو ڈرائیو شافٹ پر نصب ہوتا ہے ، جو ٹربائن کیسنگ پر فکسڈ اسٹیٹرز (اسٹیٹک ڈسکیں) کی ایک سیریز کے ساتھ متبادل ہوتا ہے۔	روٹرز کے لئے ایک اور اصطلاح کیا ہے؟	ایک ٹربائن ایک ایک اور ایک ٹربائن کیا ہے؟	ایک ٹربائن کیا ہے؟
uqa_valid	ایک بھاپ ٹربائن ایک یا ایک سے زیادہ روٹرز (گھومنے والی ڈسکس) پر مشتمل ہوتا ہے جو <ans> ڈرائیو شافٹ </ans> پر نصب ہوتا ہے ، جو ٹربائن کیسنگ پر فکسڈ اسٹیٹرز (اسٹیٹک ڈسکس) کی ایک سیریز کے ساتھ متبادل ہوتا ہے۔	بھاپ ٹربائن میں، روٹرز کس پر نصب ہوتے ہیں؟	ایکٹر ٹربائن کس چیز پر نصب ہوتا ہے؟	ٹربائنز کس چیز پر نصب ہوتا ہے؟
uqa_valid	ایک بھاپ ٹربائن ایک یا ایک سے زیادہ روٹرز (گھومنے والی ڈسکیں) پر مشتمل ہوتا ہے جو <ans> ایک ڈرائیو شافٹ </ans> پر نصب ہوتا ہے ، جو ٹربائن کیسنگ پر فکسڈ اسٹیٹرز (اسٹیٹک ڈسکیں) کی ایک سیریز کے ساتھ متبادل ہوتا ہے۔	بھاپ ٹربائن میں، روٹرز کس پر نصب ہوتے ہیں؟	ایک ٹربائنز پر ایک ٹربائنز کس چیز پر نصب ہوتا ہے؟	ایک ٹربائن کس چیز پر نصب ہوتا ہے؟
uqa_valid	ایک بھاپ ٹربائن ایک یا ایک سے زیادہ روٹرز (گھومنے والی ڈسکس) پر مشتمل ہوتا ہے جو ڈرائیو شافٹ پر نصب ہوتا ہے ، جو ٹربائن کیسنگ پر فکسڈ اسٹیٹرز ( <ans> اسٹیٹک ڈسکس </ans> ) کی ایک سیریز کے ساتھ متبادل ہوتا ہے۔	اسٹیٹرز کا حوالہ دینے کا ایک اور طریقہ کیا ہے؟	ٹربائنس کیس کا ایک اور نام کیا ہے؟	ایک ٹربائنرز کے لئے ایک اور اصطلاح کیا ہے؟
uqa_valid	ایک بھاپ ٹربائن ایک یا ایک سے زیادہ روٹرز (گھومنے والی ڈسکیں) پر مشتمل ہوتا ہے جو ڈرائیو شافٹ پر نصب ہوتا ہے ، جو <ans> ٹربائن کیسنگ </ans> پر فکسڈ اسٹیٹرز (اسٹیٹک ڈسکیں) کی ایک سیریز کے ساتھ متبادل ہوتا ہے۔	اسٹیٹرز کس سے منسلک ہیں؟	ایک ٹربائنرز کس پر منحصر ہے؟	ایک ٹربائنرز کہاں سے ہوتا ہے؟
uqa_valid	عام رفتار <ans> 3600 انقلاب فی منٹ </ans> (آر پی ایم) امریکہ میں 60 ہرٹز پاور کے ساتھ ، یورپ میں 3000 آر پی ایم اور 50 ہرٹز بجلی کے نظام والے دیگر ممالک میں۔	ریاستہائے متحدہ میں، 60 ہرٹز کی طاقت کے ساتھ ایک عام ٹربائن کی رفتار کیا ہے؟	پاور پی ایم پی کا سائز کتنا ہے؟	RPMP کا مخفف کیا ہے؟
uqa_valid	بوائلر اور کنڈینسرز کا وزن عام طور پر بھاپ پلانٹ کی طاقت سے وزن کا تناسب اندرونی دہن کے انجنوں کے مقابلے میں <ans> کم </ans> بناتا ہے۔	اندرونی دہن کے انجن کے مقابلے میں بھاپ پلانٹ کی طاقت اور وزن کا تناسب کیا ہے؟	بوررر اور سنتررز کے وزن کے درمیان، کم پلانٹ کے وزن کے مقابلے میں زیادہ تر کم طاقتیں کیا ہیں؟	بوررر اور سنتررز کے وزن کا وزن کتنا ہے؟
uqa_valid	موبائل ایپلی کیشنز کے لئے بھاپ کو بڑی حد تک اندرونی دہن کے انجن یا <ans> الیکٹرک موٹرز </ans> سے تبدیل کردیا گیا ہے۔	اندرونی دہن کے انجن کے ساتھ ساتھ، کن مشینوں نے کچھ علاقوں میں بھاپ کی جگہ لے لی ہے؟	ایک capacitor کے لئے ایک اور جگہ کیا ہے؟	کس قسم کا موٹر ایپلی کیشنز کے لئے استعمال کیا جا سکتا ہے؟
uqa_valid	موبائل ایپلی کیشنز کے لئے بھاپ کو بڑے پیمانے پر <ans> اندرونی دہن کے انجن یا الیکٹرک موٹرز </ans> سے تبدیل کردیا گیا ہے۔	اندرونی دہن کے انجن کے ساتھ ساتھ، کن مشینوں نے کچھ علاقوں میں بھاپ کی جگہ لے لی ہے؟	ایک ایپلی کیشنز کے لئے بھاپ کو کس طرح تبدیل کیا گیا ہے؟	یہ ایپلی کیشنز میں کس چیز سے تبدیل کر دیا گیا ہے؟
uqa_valid	تاہم ، زیادہ تر بجلی <ans> بھاپ ٹربائن </ans> پلانٹ کا استعمال کرتے ہوئے پیدا کی جاتی ہے ، تاکہ بالواسطہ طور پر دنیا کی صنعت اب بھی بھاپ کی طاقت پر منحصر ہو۔	کون سے پلانٹ سب سے زیادہ بجلی پیدا کرتے ہیں؟	بجلی کی صنعت پر کس قسم کا پلانٹ پیدا کیا جاتا ہے؟	کس قسم کا پلانٹ بجلی کی صنعت پر انحصار کرتا ہے؟
uqa_valid	تاہم ، زیادہ تر بجلی <ans> بھاپ ٹربائن پلانٹ </ans> کا استعمال کرتے ہوئے پیدا کی جاتی ہے ، تاکہ بالواسطہ طور پر دنیا کی صنعت اب بھی بھاپ کی طاقت پر منحصر ہو۔	کون سے پلانٹ سب سے زیادہ بجلی پیدا کرتے ہیں؟	زیادہ تر بجلی بجلی کی طاقت کس چیز سے بنی ہے؟	کس قسم کی نقل و حمل کی طاقت پر منحصر ہے؟
uqa_valid	یہ <ans> اعلی بھاپ </ans> تحریک کے نام سے جانا جاتا ہے۔	اس تحریک کا نام کیا ہے جو جدید دور میں بھاپ کی طاقت کے تجدید شدہ استعمال کی تلاش میں ہے؟	تحریک کس تحریک کے نام سے جانا جاتا ہے؟	تحریک کے تحریک کا نام کیا ہے؟
uqa_valid	یہ <ans> اعلی درجے کی بھاپ تحریک </ans> کے نام سے جانا جاتا ہے۔	اس تحریک کا نام کیا ہے جو جدید دور میں بھاپ کی طاقت کے تجدید شدہ استعمال کی تلاش میں ہے؟	تحریک کی تحریک کے لئے ایک اور اصطلاح کیا ہے؟	نیورونز کی تحریک کو کیا کہا جاتا ہے؟
uqa_valid	یہ <ans> کوجنریشن عمل </ans> کے ایک جزو کے طور پر اور ایک پرائم موور کے طور پر۔	اس تحریک کا نام کیا ہے جو جدید دور میں بھاپ کی طاقت کے تجدید شدہ استعمال کی تلاش میں ہے؟	ایک اور اصطلاح کیا ہے جس میں ایک پرائمورورورور کے طور پر کام کیا جاتا ہے؟	کون سا عمل ایک پرائمورور کے طور پر کام کرتا ہے؟
uqa_valid	ایندھن کے ذرائع اور <ans> پلوشن </ans> کے بارے میں حالیہ خدشات نے بھاپ میں ایک نئی دلچسپی پیدا کردی ہے۔	ایندھن کے ذرائع کے ساتھ ساتھ، کس تشویش نے اعلی درجے کی بھاپ تحریک کی ترقی میں حصہ لیا ہے؟	کون سا دوسرا موسیقار ایک حالیہ برسوں میں پیدا ہوا تھا؟	کون سا جانور اس بات کے بارے میں ایک نئی بات پیدا کرتا ہے؟
uqa_valid	یہ <ans> اعلی درجے کی بھاپ تحریک </ans> کے نام سے جانا جاتا ہے۔	ایندھن کے ذرائع کے ساتھ ساتھ، کس تشویش نے اعلی درجے کی بھاپ تحریک کی ترقی میں حصہ لیا ہے؟	تحریک کی تحریک کے لئے ایک اور اصطلاح کیا ہے؟	نیورونز کی تحریک کو کیا کہا جاتا ہے؟
uqa_valid	ایک روایتی متبادل بھاپ انجن کے سلنڈروں اور والو گیئر کی جگہ پر <ans> وانکل </ans> انجن جیسے پسٹن لیس روٹری انجن پر مبنی میکانزم کا استعمال کرنا ممکن ہے۔	پسٹن کے بغیر روٹری انجن کی ایک مثال کیا ہے؟	انجنیئر انجنیئر انجنیئر انجن کے انجنیئر انجنیئر انجن کے انجنیئر انجنیئر انجنیئر انجن کے انجنیئر انجنیئر انجن کا استعمال کرتے ہوئے کس انجن کا انجن استعمال کرتے ہیں؟	انجنیئر انجنیئر انجنیئر انجنیئر انجنیئر انجن کے انجنیئر انجنیئر انجنیئر انجنیئر انجن کا استعمال کرتے ہوئے کس انجن کا انجن استعمال کیا جا سکتا ہے؟
uqa_valid	ایک روایتی متبادل بھاپ انجن کے سلنڈروں اور والو گیئر کی جگہ پر <ans> وانکل انجن </ans> جیسے پسٹن لیس روٹری انجن پر مبنی میکانزم کا استعمال ممکن ہے۔	پسٹن کے بغیر روٹری انجن کی ایک مثال کیا ہے؟	ایک مثال متبادل انجن کے انجن کے انجن کے طور پر کیا استعمال کیا جا سکتا ہے؟	کس قسم کے انجنیئر انجن کے انجنیئر انجن کا استعمال کرتے ہیں؟
uqa_valid	ایک روایتی reciprocating بھاپ انجن کے <ans> سلنڈرز اور والو گیئر </ans> کی جگہ پر ایک pistonless روٹری انجن پر مبنی میکانزم کا استعمال کرنا ممکن ہے جیسے وانکل انجن۔	ایک روایتی reciprocating بھاپ انجن کے کون سے حصوں ایک pistonless روٹری انجن کی طرف سے تبدیل کیا جا سکتا ہے؟	زہمp انجنیئر انجنیئر انجن کے انجن کس قسم کی جگہ پر استعمال ہوتے ہیں؟	Vacub انجنیئر انجن کے انجن کے طور پر کیا استعمال کیا جا سکتا ہے؟
uqa_valid	اہم مسئلہ یہ ہے کہ روٹرز کو سیل کرنے میں دشواری ہے تاکہ انہیں لباس اور <ans> تھرمل توسیع </ans> کے سامنے بھاپ سے تنگ کیا جاسکے۔	لباس کے ساتھ ساتھ، کون سا ترقی ایک انجن میں روٹرز کو سیل کرنا مشکل بناتا ہے جس میں پسٹن کی کمی ہے؟	جبز کو سیل سے سیل کیا جاتا ہے تو اسے کیا کہا جاتا ہے؟	جبز کو سیل سے سیل کیا جاتا ہے تو اسے کیا کہا جاتا ہے؟
uqa_valid	اگلا اہم قدم اس وقت ہوا جب جیمز واٹ نے نیو کامن کے انجن کا ایک بہتر ورژن تیار کیا ( <ans> 1763--1775 </ans> ) ، جس میں ایک علیحدہ کنڈینسر تھا۔	واٹ نے نیو کامن کے انجن میں اپنی بہتری کی ترقی کب ختم کی؟	جیمز کامن ورژن کب تیار ہوا؟	جیمز کامن کب تیار کیا گیا تھا؟
uqa_valid	اگلا اہم قدم اس وقت ہوا جب جیمز واٹ نے نیو کامن کے انجن کا ایک بہتر ورژن تیار کیا ، جس میں ایک علیحدہ <ans> کینڈینسر </ans> تھا۔	واٹ نے 1763 اور 1775 کے درمیان نیو کامن کے انجن میں کیا شامل کیا؟	جیمز کیمرون نے نیو ہیون میں کون سا نیا ڈھانچہ استعمال کیا؟	جیمز کیمرون نے جیمز کامن تیار کرنے کے لئے کیا استعمال کیا؟
uqa_valid	اگلا اہم قدم اس وقت ہوا جب جیمز واٹ نے نیو کامن کے انجن کا ایک بہتر ورژن تیار کیا ، جس میں <ans> ایک علیحدہ کنڈینسر </ans> تھا۔	واٹ نے 1763 اور 1775 کے درمیان نیو کامن کے انجن میں کیا شامل کیا؟	جیمز کیمرون نے جیمز کےمن کے بارے میں کیا کہا؟	جیمز مارڈر نے کیا پیدا کیا؟
uqa_valid	بولٹن اور واٹ کے ابتدائی انجنوں میں جان سمیٹن کے نیو کامن کے بہتر ورژن کے مقابلے میں <ans> نصف </ans> کوئلے کا استعمال کیا گیا تھا۔	نیو کامن کے انجن پر سمیٹن کی بہتری کے مقابلے میں، واٹ کے انجن نے کتنا کوئلہ استعمال کیا؟	جان کےٹن کے ورژن کے ورژن کے ورژن کا ورژن کیا تھا؟	جانٹن جانٹن کے ابتدائی ورژن کا ورژن کیا تھا؟
uqa_valid	بولٹن اور واٹ کے ابتدائی انجنوں میں جان سمیٹن کے نیو کامن کے بہتر ورژن کے مقابلے میں <ans> دوسرا </ans> کوئلہ استعمال کیا گیا تھا۔	نیو کامن کے انجن پر سمیٹن کی بہتری کے مقابلے میں، واٹ کے انجن نے کتنا کوئلہ استعمال کیا؟	ابتدائی انجن کےٹن کے ورژن کے ورژن میں کس قسم کا استعمال کیا گیا تھا؟	جانٹن جانٹن کے ابتدائی ورژن کا استعمال کرتے ہوئے کیا استعمال کیا گیا تھا؟
uqa_valid	بولٹن اور واٹ کے ابتدائی انجنوں میں جان سمیٹن کے نیو کامن کے بہتر ورژن کے مقابلے میں <ans> دوسرا کوئلہ </ans> استعمال کیا گیا تھا۔	نیو کامن کے انجن پر سمیٹن کی بہتری کے مقابلے میں، واٹ کے انجن نے کتنا کوئلہ استعمال کیا؟	جانٹن جانٹن جان کے ابتدائی ورژن کا کیا ورژن تھا؟	جانٹن جانٹن کا ابتدائی ورژن کیا تھا؟
uqa_valid	بولٹن اور واٹ کے ابتدائی انجنوں میں جان سمیٹن کے <ans> نیو کامن </ans> کے بہتر ورژن کے مقابلے میں نصف کوئلے کا استعمال کیا گیا تھا۔	واٹ، بولٹن اور Smeaton کے علاوہ، جس کے انجن ایک ماحول ڈیزائن تھا؟	جانٹنٹنٹن جانٹن جانٹن جانٹن جانٹن جانٹن جانٹن جانٹن جانٹن کسٹن کے قریب تھے؟	جان ٹنٹن اور خشکٹن کے ابتدائی انجن کا نام کیا تھا؟
uqa_valid	<ans> نیو کامن اور واٹ </ans> کے ابتدائی انجن فضا کے تھے۔	واٹ، بولٹن اور Smeaton کے علاوہ، جس کے انجن ایک ماحول ڈیزائن تھا؟	ابتدائی فضا کے لئے کون سے دو ابتدائی اوزار استعمال کیے جاتے تھے؟	کون سے دو ابتدائی فضا کے ابتدائی مراحل تھے؟
uqa_valid	<ans> نیو کامن </ans> اور واٹ کے ابتدائی انجن فضا کے تھے۔	واٹ، بولٹن اور Smeaton کے علاوہ، جس کے انجن ایک ماحول ڈیزائن تھا؟	کون سا مشہور فضاطا کے ساتھ فضا کے ساتھ تھا؟	ابتدائی فضا کے ساتھ ساتھ، کون سا شہر ابتدائی پسندیدہ فضا کے خاتمے کا سبب بنا؟
uqa_valid	وہ ہوا کے دباؤ سے چلنے والے <ans> پسٹن </ans> کو توسیع کرنے والے بھاپ کے دباؤ کے بجائے condensing بھاپ کے ذریعہ پیدا ہونے والے جزوی ویکیوم میں دھکیلتے تھے۔	ایک ماحولیاتی انجن میں، ہوا کا دباؤ کس چیز کے خلاف دھکیلتا ہے؟	کون سا جانور دباؤ کے دباؤ کے تحت دباؤ کے دباؤ کو بڑھانے کے لئے پیدا کیا گیا تھا؟	1990 کے دباؤ سے دباؤ والے دباؤ کو کیا کہا جاتا تھا؟
uqa_valid	وہ ہوا کے دباؤ سے چلنے والے <ans> پسٹون </ans> کو توسیع کرنے والے بھاپ کے دباؤ کے بجائے کوندینسنگ بھاپ کے ذریعہ پیدا ہونے والے جزوی ویکیوم میں دھکیلتے تھے۔	ایک ماحولیاتی انجن میں، ہوا کا دباؤ کس چیز کے خلاف دھکیلتا ہے؟	کون سا گروہ اس کے دباؤ کے ذریعے پیدا ہوا تھا؟	دباؤ کے دباؤ کے دباؤ کے دباؤ کو کیا کہا جاتا تھا؟
uqa_valid	بھاپ انجنوں میں اکثر اس بات کو یقینی بنانے کے لئے <ans> دو </ans> آزاد میکانزم ہوتے ہیں کہ بوائلر میں دباؤ بہت زیادہ نہیں جاتا ہے۔	ایک عام بھاپ انجن میں کتنے میکانزم ہوتے ہیں تاکہ بوائلر کا دباؤ بہت زیادہ نہ ہو؟	ایک انجن کے لئے کتنے انجنوں میں استعمال کیا جا سکتا ہے؟	ایک انجن میں کتنے انجن ہوتے ہیں؟
uqa_valid	اس طرح کے حفاظتی والوز روایتی طور پر بوائلر کے اوپری حصے میں <ans> پلگ والو </ans> کو روکنے کے لئے ایک سادہ لیور کا استعمال کرتے تھے۔	ایک بوائلر کے سب سے اوپر میں ایک لیور کے ساتھ کیا روکا جاتا ہے؟	بوسیر کے فرش کے طور پر بوورر کے استعمال کے لئے کون سا اصطلاح استعمال کیا گیا تھا؟	بوسیر کے فرش پر کس نے قبضہ کیا؟
uqa_valid	اس طرح کے حفاظتی والوز روایتی طور پر بوائلر کے اوپری حصے میں <ans> ایک پلگ والو </ans> کو روکنے کے لئے ایک سادہ لیور کا استعمال کرتے تھے۔	ایک بوائلر کے سب سے اوپر میں ایک لیور کے ساتھ کیا روکا جاتا ہے؟	بوسیر کے فرش کے لئے ایک اور اصطلاح کیا ہے؟	بوسیر کے فرش کے طور پر کیا استعمال کیا گیا تھا؟
uqa_valid	حالیہ قسم کا حفاظتی والو ایک <ans> ایڈجسٹبل سپر لوڈڈ </ans> والو کا استعمال کرتا ہے ، جو لاک ہے تاکہ آپریٹرز اس کی ایڈجسٹمنٹ میں مداخلت نہ کرسکیں۔	حالیہ سیفٹی والوز کے ذریعہ کس قسم کا والو استعمال کیا جاتا ہے؟	والوو کا والوو کس قسم کا والو استعمال کرتا ہے؟	والوو کس قسم کا والو کا استعمال کرتا ہے؟
uqa_valid	حالیہ قسم کا حفاظتی والو ایک <ans> ایڈجسٹ ایبل موسم بہار سے بھرا ہوا والو </ans> استعمال کرتا ہے ، جو لاک کیا جاتا ہے تاکہ آپریٹرز اس کی ایڈجسٹمنٹ میں مداخلت نہ کریں۔	حالیہ سیفٹی والوز کے ذریعہ کس قسم کا والو استعمال کیا جاتا ہے؟	والوو کا استعمال کرتے ہوئے کیا والوو استعمال کیا جاتا ہے؟	والوو کا کیا مطلب ہے؟
uqa_valid	افقی انجن کا عروج <ans> کورلس بھاپ انجن </ans> تھا ، جسے 1849 میں پیٹنٹ کیا گیا تھا ، جو چار والو کاؤنٹر فلو انجن تھا جس میں الگ الگ بھاپ داخلے اور راستہ والو اور خود کار طریقے سے متغیر بھاپ کٹ آف تھا۔	افقی انجن کی حتمی ترقی کیا تھی؟	انجن کا انجن کا نام کیا تھا؟	انجن کا انجن کا نام کیا تھا؟
uqa_valid	افقی انجن کا عروج <ans> کورلس </ans> بھاپ انجن تھا ، جسے 1849 میں پیٹنٹ کیا گیا تھا ، جو چار والو کاؤنٹر فلو انجن تھا جس میں الگ الگ بھاپ داخلے اور راستہ والو اور خود کار طریقے سے متغیر بھاپ کٹ آف تھا۔	افقی انجن کی حتمی ترقی کیا تھی؟	انجن انجن کا انجن کس انجن کا تھا؟	انجن انجن کا انجن کون تھا؟
uqa_valid	افقی انجن کا عروج کورلس بھاپ انجن تھا ، جسے <ans> 1849 </ans> میں پیٹنٹ کیا گیا تھا ، جو چار والو کاؤنٹر فلو انجن تھا جس میں الگ الگ بھاپ داخلے اور راستہ والو اور خودکار متغیر بھاپ کٹ آف تھا۔	کس سال میں Corliss انجن پیٹنٹ کیا گیا تھا؟	انجن کا بھاپ کب مر گیا؟	انجن کا بھاپ کب دریافت کیا گیا تھا؟
uqa_valid	افقی انجن کا عروج کورلس بھاپ انجن تھا ، جسے 1849 میں پیٹنٹ کیا گیا تھا ، جو ایک <ans> چار </ans> والو کاؤنٹر فلو انجن تھا جس میں الگ الگ بھاپ داخلے اور راستہ والو اور خود کار طریقے سے متغیر بھاپ کٹ آف تھا۔	Corliss انجن کتنے والوز کا استعمال کیا؟	انجن کے انجن کے کتنے انجنوووو تھے؟	انجن کا انجن کتنےووو تھا؟
uqa_valid	جب کورلس کو <ans> رمفورڈ میڈل </ans> دیا گیا تو کمیٹی نے کہا کہ واٹ کے وقت کے بعد سے کسی بھی ایجاد نے بھاپ انجن کی کارکردگی کو اتنا بڑھایا ہے۔	Corliss کو کیا ایوارڈ دیا گیا تھا؟	کونلس کے لئے ایک قابل ذکرلس انجن کو ہٹا دیا؟	کورلس کو کیا کہا جاتا تھا؟
uqa_valid	<ans> 30٪ </ans> کم بھاپ کا استعمال کرنے کے علاوہ ، اس نے متغیر بھاپ کٹ آف کی وجہ سے زیادہ یکساں رفتار فراہم کی ، جس سے یہ مینوفیکچرنگ ، خاص طور پر کپاس سپننگ کے لئے موزوں ہے۔	واٹ انجن کے مقابلے میں کورلس انجن نے کتنا کم بھاپ استعمال کیا؟	کم سے کم عمر کے لئے کتنا فیصد استعمال کیا جاتا ہے؟	کپاس کا کتنا فیصد بھاپ کے لئے استعمال کیا جاتا ہے؟
uqa_valid	<ans> 30٪ کم بھاپ </ans> کا استعمال کرنے کے علاوہ ، اس نے متغیر بھاپ کٹ آف کی وجہ سے زیادہ یکساں رفتار فراہم کی ، جس سے یہ مینوفیکچرنگ ، خاص طور پر کپاس سپننگ کے لئے موزوں ہے۔	واٹ انجن کے مقابلے میں کورلس انجن نے کتنا کم بھاپ استعمال کیا؟	زیادہ تر کپاس کی آبادی کتنی تھی؟	کپاس کا کتنا فیصد استعمال کیا جاتا ہے؟
uqa_valid	بھاپ انجن نے <ans> تھرموڈینامک </ans> نظریے کی ترقی میں بہت زیادہ حصہ ڈالا۔	کس سائنسی شعبے کے نظریہ کو بھاپ کے انجن سے شراکت ملی ہے؟	بھاپ کی ترقی میں ترقی کی ترقی میں کس قسم کی سرگرمیوں کی کمی تھی؟	بھاپ نے کس قسم کی فلسفی کی ترقی میں حصہ لیا؟
uqa_valid	بھاپ انجن نے <ans> تھرموڈینامک تھیوری </ans> کی ترقی میں بہت زیادہ حصہ ڈالا۔	کس سائنسی شعبے کے نظریہ کو بھاپ کے انجن سے شراکت ملی ہے؟	بھاپ انجن نے کس قسم کی ترقی کی ترقی میں حصہ لیا؟	بھاپ انجن نے کس قسم کی ترقی کی ترقی میں حصہ لیا؟
uqa_valid	<ans> واٹ </ans> کے ذریعہ ایک ماڈل بھاپ انجن پر کی گئی تجرباتی پیمائشوں نے علیحدہ کنڈینسر کی ترقی کی قیادت کی۔	کس نے ایک ماڈل بھاپ انجن پر تجرباتی پیمائش کی؟	کن سائنسدان نے ایک کن انجن کی ترقی کی قیادت کی جس نے سائنسدان کو ایک نقطہ نظر بنایا؟	کون سا سائنسدان ایک پیمائش کی پیمائش کی پیمائش کرتا تھا؟
uqa_valid	ایک ماڈل بھاپ انجن پر واٹ کی طرف سے کی جانے والی تجرباتی پیمائشوں نے علیحدہ <ans> کینڈینسر </ans> کی ترقی کی قیادت کی۔	ایک ماڈل بھاپ انجن پر واٹ کی پیمائش سے کیا تیار کیا گیا تھا؟	ایک پیمائش کے دوران کس قسم کی ترقی کی قیادت کی گئی؟	ایک پیمائش کی پیمائش کی پیمائش کس نے کی؟
uqa_valid	ایک ماڈل بھاپ انجن پر واٹ کی طرف سے کی گئی تجرباتی پیمائشوں نے <ans> علیحدہ کنڈینسر </ans> کی ترقی کی قیادت کی۔	ایک ماڈل بھاپ انجن پر واٹ کی پیمائش سے کیا تیار کیا گیا تھا؟	ایک ماڈل کے مکمل طور پر کس قسم کی ترقی کی قیادت کی گئی؟	ایک مکمل ماڈل بنانے کے لئے کیا استعمال کیا گیا تھا؟
uqa_valid	ایک ماڈل بھاپ انجن پر واٹ کی طرف سے کی جانے والی تجرباتی پیمائشوں نے <ans> علیحدہ کنڈینسر </ans> کی ترقی کی قیادت کی۔	ایک ماڈل بھاپ انجن پر واٹ کی پیمائش سے کیا تیار کیا گیا تھا؟	ایک ماڈل کے سائنسدان کی پیمائش کی پیمائش کی پیمائش کی پیمائش کس نے کی؟	بجلی کی پیمائش کی پیمائش کس نے کی؟
uqa_valid	واٹ نے آزادانہ طور پر پوشیدہ گرمی کی دریافت کی ، جس کی تصدیق اصل دریافت کنندہ <ans> جوزف بلیک </ans> نے کی ، جس نے واٹ کو تجرباتی طریقہ کار پر بھی مشورہ دیا۔	کس نے واٹ کی پوشیدہ گرمی کی دریافت کی تصدیق کی؟	کون سا اصل رنگ اصل میں دریافت کیا گیا تھا؟	فوٹو الیکٹرک کی دریافت کس نے کی؟
uqa_valid	واٹ نے آزادانہ طور پر <ans> پوشیدہ گرمی </ans> کی دریافت کی ، جس کی تصدیق اصل دریافت کنندہ جوزف بلیک نے بھی کی ، جس نے واٹ کو تجرباتی طریقہ کار پر مشورہ دیا۔	کون سا تصور، اصل میں بلیک کی طرف سے دریافت کیا، بعد میں واٹ کی طرف سے آزادانہ طور پر دریافت کیا گیا تھا؟	فوٹو الیکٹرک نے دریافت کرنے کے لئے کس دریافت کی دریافت کی؟	فوٹو الیکٹرک نے دریافت کرنے کے لئے کیا دریافت کیا؟
uqa_valid	دوسرے کے مقابلے میں رینکن سائیکل کے اہم فوائد میں سے ایک یہ ہے کہ <ans> کمپریشن مرحلے کے دوران پمپ کو چلانے کے لئے نسبتا کم کام کی ضرورت ہوتی ہے </ans> ، اس وقت ورکنگ سیال اس کے مائع مرحلے میں ہوتا ہے۔	رینکین سائیکل کا ایک اہم فائدہ کیا ہے؟	کیا دوسرے مرحلے کے دوران ایک دوسرے کے مقابلے میں زیادہ یا کم ہوتی ہے؟	ایک capacitor کے مقابلے میں دوسرے مرحلے کے مقابلے میں کیا ہوتا ہے؟
uqa_valid	دوسرے کے مقابلے میں رینکن سائیکل کا ایک اہم فائدہ یہ ہے کہ کمپریشن مرحلے کے دوران <ans> پمپ کو چلانے کے لئے نسبتا کم کام کی ضرورت ہوتی ہے ، </ans> اس وقت ورکنگ سیال اس کے مائع مرحلے میں ہوتا ہے۔	رینکین سائیکل کا ایک اہم فائدہ کیا ہے؟	ایک مرحلے کے دوران کیا ہوتا ہے جب کسی بھی دوسرے مرحلے کے دوران ایک نیشندن کے دوران بڑھتی ہوئی تو اس کے دوران کم ہوتا ہے؟	کمپریشن کے دوران کیا ہوتا ہے؟
uqa_valid	دوسرے کے مقابلے میں رینکین سائیکل کا ایک اہم فائدہ یہ ہے کہ کمپریشن مرحلے کے دوران پمپ کو چلانے کے لئے نسبتا کم کام کی ضرورت ہوتی ہے ، اس وقت کام کرنے والا سیال اس کے <ans> مائع </ans> مرحلے میں ہوتا ہے۔	Rankine سائیکل کے کمپریشن مرحلے کے دوران، کام کرنے والے سیال کس حالت میں ہے؟	ایک سی موٹر کے دوران کام کرنے کے لئے ایک کام کے طور پر کام کرنے کے لئے کیا ضرورت ہے؟	ایک سی سی موٹر کے دوران کام کرنے کے لئے کیا ضرورت ہے؟
uqa_valid	دوسرے کے مقابلے میں رینکین سائیکل کا ایک اہم فائدہ یہ ہے کہ کمپریشن مرحلے کے دوران پمپ کو چلانے کے لئے نسبتا کم کام کی ضرورت ہوتی ہے ، کام کرنے والا سیال اس مقام پر اس کے <ans> مائع مرحلے </ans> میں ہوتا ہے۔	Rankine سائیکل کے کمپریشن مرحلے کے دوران، کام کرنے والے سیال کس حالت میں ہے؟	ایک سی موٹر کے کام کے دوران، کس طرح کے کام کو کم کرنے کے لئے کام کیا جاتا ہے؟	کم درجہ حرارت کے دوران کیا کام کرتا ہے؟
uqa_valid	سیال کو کنڈینس کرکے ، پمپ کے ذریعہ درکار کام صرف <ans> 1٪ سے 3٪ </ans> ٹربائن کی طاقت کا استعمال کرتا ہے اور حقیقی سائیکل کے لئے بہت زیادہ کارکردگی میں حصہ لیتا ہے۔	کتنا ٹربائن طاقت پمپ کی طرف سے استعمال کیا جاتا ہے جبکہ کام سیال condensed ہے؟	سیالال کی طرف سے کام کرنے والی طاقت کا کتنا فیصد بائنائن طاقت طاقت کا استعمال کرتا ہے؟	سیال خلیات کا کتنا فیصد ببائن طاقت کی طاقت کا استعمال کرتا ہے؟
uqa_valid	مثال کے طور پر ، گیس ٹربائنوں میں ٹربائن داخلہ درجہ حرارت <ans> 1500 ° C </ans> کے قریب ہوتا ہے۔	ایک گیس ٹربائن کے ٹربائن داخلہ درجہ حرارت تقریبا کیا ہے؟	ٹربائنائنٹائنٹائنٹائنٹائنٹائنٹائنٹائنٹائنٹائنٹائنٹائنٹائنٹائنٹائنٹائنٹائنٹائنٹ	ٹربائنٹائن ٹربائنٹائنٹائنٹائنٹائنٹائنٹائنٹائنٹائنٹ کس درجہ حرارت کے قریب ہے؟
uqa_valid	جب کوئلہ استعمال کیا جاتا ہے تو ، ایک چین یا سکرو اسٹوکنگ میکانزم اور اس کے ڈرائیو انجن یا موٹر کو ایندھن کو سپلائی بنکر ( <ans> بنکر </ans> ) سے فائر باکس میں منتقل کرنے کے لئے شامل کیا جاسکتا ہے۔	کوئلے کی فراہمی کے ڈبے کا ایک اور نام کیا ہے؟	ایک inctyo موٹر کو کیا کہا جاتا ہے؟	ایک مکروکنگ کے لئے ایک اور اصطلاح کیا ہے؟
uqa_valid	جب کوئلہ استعمال کیا جاتا ہے تو ، ایک چین یا سکرو <ans> اسٹاکنگ </ans> میکانزم اور اس کے ڈرائیو انجن یا موٹر کو ایندھن کو سپلائی بنکر (بنکر) سے فائر باکس میں منتقل کرنے کے لئے شامل کیا جاسکتا ہے۔	کون سا میکانزم کوئلے کو بنکر سے فائر باکس تک منتقل کرتا ہے؟	ایک چین میں موٹر کو منتقل کرنے کے لئے کیا استعمال کیا جا سکتا ہے؟	ایک چین میں موٹر کو منتقل کرنے کے لئے کیا استعمال کیا جا سکتا ہے؟
uqa_valid	دیکھیں: <ans> میکینیکل اسٹکر </ans>	کون سا میکانزم کوئلے کو بنکر سے فائر باکس تک منتقل کرتا ہے؟	کون سا مصنف ٹکر کا ٹکر ہے؟	نارتھ ویسٹرن کا کون سا مصنف کون ہے؟
uqa_valid	جب کوئلہ استعمال کیا جاتا ہے تو ، ایندھن کو سپلائی بن (بنکر) سے فائر باکس میں منتقل کرنے کے لئے <ans> ایک چین یا سکرو اسٹوکنگ میکانزم </ans> اور اس کا ڈرائیو انجن یا موٹر شامل کیا جاسکتا ہے۔	کون سا میکانزم کوئلے کو بنکر سے فائر باکس تک منتقل کرتا ہے؟	ایک سپر موٹر کو منتقل کرنے کے لئے کیا استعمال کیا جا سکتا ہے؟	ایک سپر موٹر کو منتقل کرنے کے لئے کیا استعمال کیا جا سکتا ہے؟
uqa_valid	زمینی پر مبنی بھاپ انجن اپنے زیادہ تر بھاپ کو ختم کرسکتے تھے ، کیونکہ <ans> فیڈ واٹر </ans> عام طور پر آسانی سے دستیاب ہوتا تھا۔	کس مادے کی کثرت سے دستیابی نے زمینی بھاپ کے انجنوں کو بہت زیادہ بھاپ نکالنے کی اجازت دی؟	زمین پر مبنی فوجی پابندیوں کا عام طور پر کیا تھا؟	زمین پر مبنی فوجی پابندیوں کو کیا کہا جاتا تھا؟
uqa_valid	زمینی پر مبنی بھاپ انجن اپنے زیادہ تر بھاپ کو ختم کرسکتے تھے ، کیونکہ فیڈ <ans> پانی </ans> عام طور پر آسانی سے دستیاب ہوتا تھا۔	کس مادے کی کثرت سے دستیابی نے زمینی بھاپ کے انجنوں کو بہت زیادہ بھاپ نکالنے کی اجازت دی؟	زمین پر مبنی پمپ کس قسم کی عام طور پر دستیاب ہو سکتا ہے؟	زمین پر کس قسم کی شکل عام طور پر دستیاب تھی؟
uqa_valid	تاہم اس کی جگہ <ans> برطانوی </ans> ایجاد بھاپ ٹربائن نے لے لی جہاں رفتار کی ضرورت تھی ، مثال کے طور پر جنگی جہازوں ، جیسے ڈریڈنوٹ جنگی جہازوں اور سمندری لائنرز میں۔	کس قومیت کے لوگوں نے بھاپ ٹربائن کی ایجاد کی؟	ٹربائن نے کس قسم کی ایجاد کی؟	ٹربائن نے کس قسم کی ایجاد کی؟
uqa_valid	تاہم اس کی جگہ برطانوی ایجاد بھاپ ٹربائن نے لے لی جہاں رفتار کی ضرورت تھی ، مثال کے طور پر جنگی جہازوں ، جیسے <ans> ڈریڈنوٹ جنگی جہازوں </ans> اور سمندری لائنرز میں۔	ایک قسم کے جنگی جہاز کی مثال کیا تھی جس کو تیز رفتار کی ضرورت تھی؟	رابائن نے کس قسم کی بحری جہازوں کو تباہ کیا؟	رابائن نے کس قسم کے بحری جہازوں کی جگہ لے لی؟
uqa_valid	تاہم اس کی جگہ برطانوی ایجاد بھاپ ٹربائن نے لے لی جہاں رفتار کی ضرورت تھی ، مثال کے طور پر جنگی جہازوں ، جیسے ڈریڈنوٹ جنگی جہازوں اور <ans> اقیانوس لائنرز </ans> میں۔	جنگی بحری جہازوں کے علاوہ، کن بحری جہازوں کو عام طور پر تیز رفتار کی ضرورت ہوتی ہے؟	ٹربائن نے کس قسم کی فٹ بال کی جگہ لے لی؟	ٹربائن نے کس قسم کے بحری جہاز کی جگہ لے لی؟
uqa_valid	<ans> 1905 </ans> کا ایچ ایم ایس ڈریڈنوٹ پہلا بڑا جنگی جہاز تھا جس نے اس وقت کے ناول بھاپ ٹربائن کے ساتھ متبادل انجن کی ثابت ٹیکنالوجی کو تبدیل کیا۔	ایچ ایم ایس ڈریڈنوٹ کس سال لانچ کیا گیا تھا؟	ایچ ایم ایسڈڈ جہاز کس سال قائم کیا گیا تھا؟	ایچ ایم ایس کا پہلا جہاز کس سال متعارف کرایا گیا تھا؟
uqa_valid	عملی طور پر تمام جوہری بجلی گھر <ans> پانی </ans> کو گرم کرکے بجلی پیدا کرتے ہیں تاکہ بھاپ فراہم کی جاسکے جو بجلی کے جنریٹر سے منسلک ٹربائن کو چلاتا ہے۔	جوہری بجلی گھروں میں بجلی پیدا کرنے کے لیے کیا گرم کیا جاتا ہے؟	بجلی کی بجلی بجلی سے بجلی کی بجلی کا استعمال کس چیز کو بجلی سے کیا جاتا ہے؟	تمام بجلی بجلی بجلی سے بجلی پیدا کرنے کے لئے بجلی کا استعمال کرتے ہوئے کیا بجلی پیدا کرتا ہے؟
uqa_valid	عملی طور پر تمام جوہری بجلی گھر پانی کو گرم کرکے بجلی پیدا کرتے ہیں تاکہ بھاپ فراہم کی جاسکے جو بجلی کے جنریٹر سے منسلک <ans> ٹربائن </ans> کو چلاتا ہے۔	جوہری بجلی گھر سے پیدا ہونے والا بھاپ کیا چلاتا ہے؟	بجلی کے بجلی سے بجلی کے بجلی کو جوڑنے کے لئے کس قسم کا استعمال کیا جاتا ہے؟	بجلی سے بجلی کے بجلی کو بجلی کے لئے کیا ذمہ دار ہے؟
uqa_valid	عملی طور پر تمام جوہری بجلی گھر پانی کو گرم کرکے بجلی پیدا کرتے ہیں تاکہ بھاپ فراہم کی جاسکے جو <ans> ایک الیکٹرک جنریٹر سے منسلک ٹربائن </ans> کو چلاتا ہے۔	جوہری بجلی گھر سے پیدا ہونے والا بھاپ کیا چلاتا ہے؟	بجلی کی بجلی کی وجہ سے کیا بجلی پیدا کی جاتی ہے؟	بجلی کی بجلی سے بچنے والی بجلی کے لئے ذمہ دار کیا ہے؟
uqa_valid	عملی طور پر تمام جوہری بجلی گھر پانی کو گرم کرکے بجلی پیدا کرتے ہیں تاکہ بھاپ فراہم کی جاسکے جو ایک <ans> الیکٹرک جنریٹر </ans> سے منسلک ٹربائن کو چلاتا ہے۔	ایک جوہری بجلی گھر میں، بھاپ ٹربائن کس سے منسلک ہے؟	کس قسم کی روشنی بجلی سے بجلی فراہم کرتی ہے؟	کس قسم کی روشنی بجلی سے بجلی فراہم کرتی ہے؟
uqa_valid	جوہری طاقت سے چلنے والے جہاز اور آبدوزیں یا تو براہ راست مرکزی پروپیلشن کے لئے بھاپ ٹربائن کا استعمال کرتے ہیں ، جنریٹرز معاون طاقت فراہم کرتے ہیں ، یا پھر ٹربو الیکٹرک ٹرانسمیشن کا استعمال کرتے ہیں ، جہاں بھاپ <ans> برقی موٹرز کے ذریعہ فراہم کردہ پروپیلشن کے ساتھ ٹربو جنریٹر سیٹ </ans> چلاتی ہے۔	ایک جوہری بجلی گھر میں، بھاپ ٹربائن کس سے منسلک ہے؟	جوہری طاقت کے لئے استعمال ہونے والی طاقت کو کیا کہا جاتا ہے؟	ٹربوٹر کا استعمال کیسے کیا جاتا ہے؟
uqa_valid	جوہری طاقت سے چلنے والے جہاز اور آبدوزیں یا تو براہ راست مرکزی پروپیلشن کے لئے بھاپ ٹربائن کا استعمال کرتے ہیں ، جنریٹرز اضافی طاقت فراہم کرتے ہیں ، یا پھر <ans> ٹربو الیکٹرک ٹرانسمیشن </ans> کا استعمال کرتے ہیں ، جہاں بھاپ الیکٹرک موٹرز کے ذریعہ فراہم کردہ پروپیلشن کے ساتھ ٹربو جنریٹر سیٹ کو چلاتا ہے۔	یہ کیا کہا جاتا ہے جب بھاپ الیکٹرک موٹر propulsion کے ساتھ ایک ٹربو جنریٹر propels؟	جوہری طاقت کے لئے استعمال ہونے والی طاقت کو کیا کہا جاتا ہے؟	جوہری طاقت کس چیز کے لیے استعمال کیا جاتا ہے؟
uqa_valid	جوہری طاقت سے چلنے والے جہاز اور آبدوزیں یا تو براہ راست مرکزی پروپیلشن کے لئے بھاپ ٹربائن کا استعمال کرتی ہیں ، جنریٹرز معاون طاقت فراہم کرتے ہیں ، یا پھر <ans> ٹربو الیکٹرک ٹرانسمیشن </ans> کا استعمال کرتی ہیں ، جہاں بھاپ الیکٹرک موٹرز کے ذریعہ فراہم کردہ پروپیلشن کے ساتھ ٹربو جنریٹر سیٹ کو چلاتی ہے۔	یہ کیا کہا جاتا ہے جب بھاپ الیکٹرک موٹر propulsion کے ساتھ ایک ٹربو جنریٹر propels؟	جوہری طاقت کے لئے استعمال ہونے والی طاقتیں کیا ہیں؟	جوہری طاقت کس چیز کے لیے استعمال کی جاتی ہے؟
uqa_valid	کچھ غیر کنڈینسنگ ڈائریکٹ ڈرائیو لوکوموٹو نے سویڈن میں طویل فاصلے پر مال بردار آپریشنز اور <ans> برطانیہ </ans> میں ایکسپریس مسافر کام کے لئے کچھ کامیابی حاصل کی ، لیکن اسے دہرایا نہیں گیا۔	کہاں غیر condensing براہ راست ڈرائیو لوکوموٹو خاص طور پر تیز رفتار مسافر ٹرینوں کے لئے استعمال کیا گیا تھا؟	کس ملک میں ایک الیکٹرک لائٹنگ کے لئے ایک قابل ذکر کامیابی حاصل کی گئی تھی؟	کون سا ملک برطانیہ کے لئے کام کرنے کی کوشش کی؟
uqa_valid	رینکین سائیکل کو کبھی کبھی <ans> عملی کارنوٹ سائیکل </ans> کہا جاتا ہے کیونکہ ، جب ایک موثر ٹربائن استعمال کیا جاتا ہے تو ، ٹی ایس ڈایاگرام کارنوٹ سائیکل کی طرح ہونا شروع ہوجاتا ہے۔	رینکین سائیکل کو بعض اوقات کیا کہا جاتا ہے؟	سائیکل سائیکل سائیکل کیا ہے؟	سائیکل شیئرنگ سائیکل کو کبھی کبھی کبھی کبھی کیا کہا جاتا ہے؟
uqa_valid	رینکین سائیکل کو بعض اوقات <ans> ایک عملی کارنوٹ سائیکل </ans> کہا جاتا ہے کیونکہ ، جب ایک موثر ٹربائن کا استعمال کیا جاتا ہے تو ، ٹی ایس ڈایاگرام کارنوٹ سائیکل کی طرح ہونا شروع ہوجاتا ہے۔	رینکین سائیکل کو بعض اوقات کیا کہا جاتا ہے؟	سائیکل پگ سائیکل کیا ہے؟	ری سائیکل سائیکل کیا ہے؟
uqa_valid	بنیادی فرق یہ ہے کہ گرمی کا اضافہ (بوائلر میں) اور مسترد ( <ans> کینڈینسر میں </ans> ) رینکین سائیکل میں آئسوبارک (مستقل دباؤ) کے عمل اور نظریاتی کارنوٹ سائیکل میں آئسوتھرمل (مستقل درجہ حرارت) کے عمل ہیں۔	رینکین سائیکل میں گرمی کا رد عمل کہاں ہوتا ہے؟	"""وتو"" کے لئے ایک اور لفظ کیا ہے؟"	آپ کو کیا کہا جاتا ہے؟
uqa_valid	بنیادی فرق یہ ہے کہ گرمی کا اضافہ (بوائلر میں) اور مسترد (کینڈینسر میں) رینکین سائیکل میں آئسوبارک ( <ans> مستقل دباؤ </ans> ) عمل اور نظریاتی کارنوٹ سائیکل میں آئسوتھرمل (مستقل درجہ حرارت) عمل ہیں۔	isobaric کا کیا مطلب ہے؟	آپو میں کیا ہوتا ہے؟	آپو میں کیا ہوتا ہے؟
uqa_valid	بنیادی فرق یہ ہے کہ گرمی کا اضافہ (بوائلر میں) اور مسترد کرنا (کینڈینسر میں) رینکین سائیکل میں آئسوبارک (مستقل دباؤ) کے عمل اور نظریاتی کارنوٹ سائیکل میں <ans> آئسوتھرمل </ans> (مستقل درجہ حرارت) کے عمل ہیں۔	ایک اصطلاح کیا ہے جس کا مطلب ہے مستقل درجہ حرارت؟	آپ کو کس چیز کے عمل کے عمل کے عمل میں عمل کرنے کے عمل کا عمل ہوتا ہے؟	آپ کو کس چیز کا عمل ہے؟
uqa_valid	اس سائیکل میں ایک پمپ کا استعمال کام کرنے والے سیال کو دباؤ دینے کے لئے کیا جاتا ہے جو کنڈینسر سے <ans> مائع </ans> کے طور پر نہیں بلکہ گیس کے طور پر موصول ہوتا ہے۔	Rankine سائیکل میں، کنڈینسر میں موصول ہونے والے کام کرنے والے سیال کس حالت میں ہے؟	ایک capacitor کے استعمال کے دوران کیا استعمال کیا جاتا ہے؟	ایک capacitor کا استعمال کرنے کے لئے کیا استعمال کیا جاتا ہے؟
uqa_valid	اس سائیکل میں ایک پمپ کا استعمال کام کرنے والے سیال کو دباؤ دینے کے لئے کیا جاتا ہے جو کنڈینسر سے <ans> ایک مائع </ans> کے طور پر نہیں گیس کے طور پر موصول ہوتا ہے۔	Rankine سائیکل میں، کنڈینسر میں موصول ہونے والے کام کرنے والے سیال کس حالت میں ہے؟	ایک capacitor کے استعمال میں ایک capacitor کے طور پر کیا استعمال کیا جاتا ہے؟	ایک capacitor کا استعمال کرنے کے لئے کیا استعمال کیا جاتا ہے؟
uqa_valid	سائیکل کے دوران مائع شکل میں کام کرنے والے سیال کو پمپ کرنے کے لئے کمپریسر میں <ans> گیس </ans> شکل میں کام کرنے والے سیال کو کمپریس کرنے کے لئے درکار توانائی کے مقابلے میں اس کی نقل و حمل کے لئے ایک چھوٹا سا حصہ درکار ہوتا ہے۔	Rankine سائیکل میں، کنڈینسر میں موصول ہونے والے کام کرنے والے سیال کس حالت میں ہے؟	دماغ کے کام میں کس قسم کی شکل میں کام کرنے کے لئے ایک چھوٹا سا چھوٹا سا ہوتا ہے؟	کس قسم کے شکل میں سیال خلیات کو کم کرنے کی ضرورت ہوتی ہے؟
uqa_valid	آکسیجن ایک کیمیائی عنصر ہے جس کی علامت O اور ایٹمی نمبر <ans> 8 </ans> ہے۔	آکسیجن کے لئے وقتا فوقتا ٹیبل کا ایٹمی نمبر؟	نمبروں نمبروں میں نمبر نمبر کیا ہے؟	تانبے کی ایٹمی نمبر کیا ہے؟
uqa_valid	بڑے پیمانے پر ، آکسیجن ہائیڈروجن اور <ans> ہیلیئم </ans> کے بعد کائنات میں تیسرا سب سے زیادہ پائے جانے والا عنصر ہے۔	دوسرا سب سے زیادہ پائے جانے والا عنصر کیا ہے؟	ہائیڈروجن کے علاوہ، ہائیڈروجن اور تیسرا سب سے زیادہ پائے جانے والی کتاب کیا ہے؟	ہائیڈروجن میں تیسرا سب سے زیادہ پائے جانے والا آئسوٹوپ کیا ہے؟
uqa_valid	<ans> ڈائی ایٹمک آکسیجن </ans> گیس زمین کے ماحول کا 20.	زمین کے ماحول کا 20.8 فیصد حصہ کون سی گیس پر مشتمل ہے؟	زمین کے ماحول میں کون سا گیس زمین کا سب سے بڑا زمین ہے؟	زمین کے ماحول کا سب سے بڑا حصہ کیا ہے؟
uqa_valid	<ans> ڈائی ایٹمک آکسیجن گیس </ans> زمین کے ماحول کا 20.	زمین کے ماحول کا 20.8 فیصد حصہ کون سی گیس پر مشتمل ہے؟	زمین کے ماحول میں زمین کا سب سے بڑا حصہ کیا ہے؟	زمین کے ماحول کا سب سے بڑا حصہ کیا ہے؟
uqa_valid	معیاری درجہ حرارت اور دباؤ پر ، عنصر کے <ans> دو ایٹم </ans> ڈائی آکسائڈ بناتے ہیں ، جو ایک بے رنگ اور بدبودار ڈائی ایٹمک گیس ہے جس کا فارمولا O 2 ہے۔	ڈائی آکسجن بنانے کے لیے کتنے ایٹم ملتے ہیں؟	درجہ حرارت میں کتنے ڈائی الیکٹرک ہوتے ہیں؟	درجہ حرارت میں کتنے ڈائی آکسائیڈ ہوتے ہیں؟
uqa_valid	معیاری درجہ حرارت اور دباؤ پر ، عنصر کے <ans> دو </ans> ایٹم ڈائی آکسائڈ بناتے ہیں ، جو ایک بے رنگ اور بو کے بغیر ڈائی ایٹمک گیس ہے جس کا فارمولا O 2 ہے۔	ڈائی آکسجن بنانے کے لیے کتنے ایٹم ملتے ہیں؟	معیاری درجہ حرارت میں کتنے ایٹم ڈائی ہوتے ہیں؟	معیاری درجہ حرارت میں کتنے ایٹم ڈائی ہوتے ہیں؟
uqa_valid	آکسیجن ایک کیمیائی عنصر ہے جس کی علامت O اور ایٹمی نمبر <ans> 8 </ans> ہے۔	عنصر آکسیجن کا ایٹمی نمبر کیا ہے؟	نمبروں نمبروں میں نمبر نمبر کیا ہے؟	تانبے کی ایٹمی نمبر کیا ہے؟
uqa_valid	یہ دورانیے کی میز پر <ans> کالکوجن </ans> گروپ کا رکن ہے اور یہ ایک انتہائی رد عمل کا غیر دھاتی اور آکسائڈنگ ایجنٹ ہے جو زیادہ تر عناصر کے ساتھ آسانی سے مرکبات (خاص طور پر آکسائڈ) بناتا ہے۔	آکسیجن ادوار کی میز میں کس گروپ کا رکن ہے؟	یہ کس قسم کا گروپ ہے؟	یہ کس قسم کا گروپ ہے؟
uqa_valid	یہ پیریڈک ٹیبل پر <ans> کالکوجن گروپ </ans> کا رکن ہے اور یہ ایک انتہائی رد عمل والا غیر دھاتی اور آکسائڈنگ ایجنٹ ہے جو زیادہ تر عناصر کے ساتھ آسانی سے مرکبات (خاص طور پر آکسائڈ) بناتا ہے۔	آکسیجن ادوار کی میز میں کس گروپ کا رکن ہے؟	یہ عناصر کس گروپ سے تعلق رکھتی ہے؟	یہ عناصر کس گروپ سے تعلق رکھتی ہے؟
uqa_valid	یہ پیریڈک ٹیبل پر کالکوجن گروپ کا رکن ہے اور یہ ایک انتہائی رد عمل والا غیر دھاتی اور آکسائڈنگ ایجنٹ ہے جو زیادہ تر عناصر کے ساتھ آسانی سے مرکبات (خاص طور پر <ans> آکسائڈس </ans> ) بناتا ہے۔	آکسیجن سب سے زیادہ عام طور پر کس قسم کے مرکبات بناتا ہے؟	عناصر کے علاوہ، کس قسم کی لکڑی کو زنک کے لئے استعمال کیا جاتا ہے؟	عناصر کے علاوہ، کون سا دوسرا عنصر زنک کے عناصر کو متاثر کرتا ہے؟
uqa_valid	آکسیجن زمین کی کرسٹ میں <ans> جین آکسائڈ مرکبات </ans> کا حصہ ہے ، جو کرسٹ کے تقریبا half نصف بناتا ہے۔	آکسیجن سب سے زیادہ عام طور پر کس قسم کے مرکبات بناتا ہے؟	زمینسٹ کرسٹ زمینسٹ کرسٹ زمین کی نصف حصہ کیا ہے؟	زمین کی زمینسٹ کرسٹ نصف کرسٹ کس نصف حصہ کا حصہ ہے؟
uqa_valid	آکسیجن زمین کی کرسٹ میں <ans> جین آکسائڈ </ans> مرکبات کا حصہ ہے۔	آکسیجن سب سے زیادہ عام طور پر کس قسم کے مرکبات بناتا ہے؟	زمین زمین کی زمینسٹ میں کس قسم کا حصہ ہے؟	زمین زمین کی زمینسٹ میں کس قسم کی زمین کا حصہ ہے؟
uqa_valid	بڑے پیمانے پر ، آکسیجن ہائیڈروجن اور ہیلیئم کے بعد کائنات میں <ans> تیسرا </ans> سب سے زیادہ موجود عنصر ہے۔	دیگر عناصر کے مقابلے میں، آکسیجن کتنی کثرت سے موجود ہے؟	ہائیڈروجن کے ہائیڈروجن کے لحاظ سے ہائیڈروجن کہاں پیدا ہوتا ہے؟	ہائیڈروجن میں ہائیڈروجن کی درجہ بندی کہاں ہے؟
uqa_valid	بڑے پیمانے پر ، آکسیجن ہائیڈروجن اور ہیلیئم کے بعد کائنات میں <ans> تیسرا سب سے زیادہ </ans> کثرت والا عنصر ہے۔	دیگر عناصر کے مقابلے میں، آکسیجن کتنی کثرت سے موجود ہے؟	ہائیڈروجن اور ہائیڈروجن کے لحاظ سے ہائیڈروجن کی درجہ بندی کہاں ہے؟	ہائیڈروجن کے ہائیڈروجن کے لحاظ سے ہائیڈروجن کی درجہ بندی کیا ہے؟
uqa_valid	معیاری درجہ حرارت اور دباؤ پر ، عنصر کے دو ایٹم <ans> ڈائی آکسائڈ </ans> بنانے کے لئے باندھتے ہیں ، جو ایک بے رنگ اور بے بو ڈائی ایٹمک گیس ہے جس کا فارمولا O 2 ہے۔	عام حالات میں، آکسیجن کے دو ایٹم کیا بناتے ہیں؟	معیاری درجہ حرارت کے دو عناصر کیا ہیں؟	معیاری درجہ حرارت کے دو اجزاء کیا ہیں؟
uqa_valid	معیاری درجہ حرارت اور دباؤ پر ، عنصر کے دو ایٹم ڈائی آکسائڈ بنانے کے لئے باندھتے ہیں ، ایک بے رنگ اور بدبودار <ans> ڈائی ایٹمک گیس </ans> جس کا فارمولا O 2 ہے۔	عام حالات میں، آکسیجن کے دو ایٹم کیا بناتے ہیں؟	ایک درجہ حرارت کے دو ایٹم کا نام کیا ہے؟	دو درجہ حرارت کیا ہیں؟
uqa_valid	آکسیجن سیلولر سانس لینے میں استعمال ہوتا ہے اور <ans> فوٹو سنتھیسس </ans> کے ذریعہ جاری کیا جاتا ہے ، جو پانی سے آکسیجن پیدا کرنے کے لئے سورج کی روشنی کی توانائی کا استعمال کرتا ہے۔	آکسیجن سیلولر سانس لینے میں جاری کیا جاتا ہے؟	سورج کی روشنی کی توانائی کا استعمال کرتے ہوئے کس قسم کی توانائی کا استعمال کیا جاتا ہے؟	سورج کی روشنی کی توانائی کا استعمال کرتے ہوئے کون سا ذریعہ استعمال کیا جاتا ہے؟
uqa_valid	آکسیجن سیلولر سانس لینے میں استعمال ہوتا ہے اور فوٹو سنتھیسس کے ذریعہ جاری کیا جاتا ہے ، جو پانی سے آکسیجن پیدا کرنے کے لئے <ans> سورج کی روشنی </ans> کی توانائی کا استعمال کرتا ہے۔	پانی سے آکسیجن حاصل کرنے کے لیے فوٹو سنتھیسس کس توانائی کا استعمال کرتا ہے؟	فوٹو الیکٹرک سانس لینے کے لئے استعمال ہونے والی توانائی کی مقدار کیا ہے؟	فوٹو الیکٹرک سانس لینے کے لئے کیا استعمال کیا جاتا ہے؟
uqa_valid	آکسیجن سیلولر سانس لینے میں استعمال ہوتا ہے اور فوٹو سنتھیسس کے ذریعہ جاری کیا جاتا ہے ، جو پانی سے آکسیجن پیدا کرنے کے لئے <ans> شمسی روشنی کی توانائی </ans> کا استعمال کرتا ہے۔	پانی سے آکسیجن حاصل کرنے کے لیے فوٹو سنتھیسس کس توانائی کا استعمال کرتا ہے؟	فوٹو الیکٹرک سانس لینے کے لئے استعمال ہونے والی توانائی کی مقدار کیا ہے؟	فوٹو الیکٹرک سانس لینے کا استعمال کرنے کے لئے کیا استعمال کیا جاتا ہے؟
uqa_valid	آکسیجن کی ایک اور شکل ، اوزون (O 3) ، UVB تابکاری کو مضبوطی سے جذب کرتی ہے اور اس کے نتیجے میں <ans> اعلی اونچائی اوزون پرت </ans> حیاتیاتی ماحول کو الٹرا وایلیٹ تابکاری سے بچانے میں مدد دیتی ہے ، لیکن جہاں یہ زمین کی سطح کے قریب موجود ہے۔	یووی سے بائیوسفیئر کی مدد کرتا ہے۔	اوزون تابکاری کو کس قسم کی حیاتیاتی تابکاری سے مدد ملتی ہے؟	اوزون تابکاری کو کس قسم کی حیاتیاتی تابکاری سے بچایا جاتا ہے؟
uqa_valid	آکسیجن کی ایک اور شکل ، <ans> اوزون </ans> (O 3) ، UVB تابکاری کو مضبوطی سے جذب کرتی ہے اور اس کے نتیجے میں اونچائی کی اوزون پرت ماحولیات کو الٹرا وایلیٹ تابکاری سے بچانے میں مدد کرتی ہے۔	یووی سے بائیوسفیئر کی مدد کرتا ہے۔	UGBM کو کیا کہا جاتا ہے؟	یو ایس 3 تابکاری کو جذب کرنے کے لئے کیا استعمال کیا جاتا ہے؟
uqa_valid	آکسیجن کی ایک اور شکل (اللوٹروپ) ، اوزون (O 3) ، UVB تابکاری کو مضبوطی سے جذب کرتی ہے اور اس کے نتیجے میں اونچی اونچائی کی <ans> اوزون پرت </ans> حیاتیاتی ماحول کو الٹرا وایلیٹ تابکاری سے بچانے میں مدد کرتی ہے۔	یووی سے بائیوسفیئر کی مدد کرتا ہے۔	پہاڑی سلسلہ کی کون سی خاصیت کو جذب کرنے کی صلاحیت میں مدد کرتی ہے؟	پہاڑوں میں کون سا پہاڑی سلسلہ تیار کیا جاتا ہے؟
uqa_valid	زندہ حیاتیات میں نامیاتی انو کے بہت سے اہم طبقات ، جیسے پروٹین ، نیوکلک ایسڈ ، کاربوہائیڈریٹ ، اور چربی ، میں <ans> آکسیجن </ans> ہوتا ہے ، جیسا کہ جانوروں کے خول ، دانتوں اور ہڈیوں کے اجزاء میں اہم غیر نامیاتی مرکبات ہوتے ہیں۔	زیادہ تر نامیاتی حیاتیات میں کون سا عنصر پایا جاتا ہے؟	پروٹین کے دماغ کے ساتھ، کیا اہم دماغ میں اہم ہوتا ہے؟	زندہ لکڑی میں، لکڑی کے دماغ کے ساتھ کیا ہوتا ہے؟
uqa_valid	زندہ حیاتیات کا زیادہ تر بڑے پیمانے پر آکسیجن ہے کیونکہ یہ <ans> پانی </ans> کا ایک حصہ ہے ، جو زندگی کی شکلوں کا اہم جزو ہے۔	زندہ چیزوں کے کس اہم حصے میں آکسیجن پائی جاتی ہے؟	زندہ حیاتیات کی زندگی کا اہم حصہ کیا ہے؟	زندہ حیاتیات کا زیادہ تر حصہ کس چیز کا حصہ ہے؟
uqa_valid	زندہ حیاتیات میں <ans> نامیاتی مالیکیول </ans> کی بہت سی اہم کلاسیں ، جیسے پروٹین ، نیوکلک ایسڈ ، کاربوہائیڈریٹ ، اور چربی ، آکسیجن پر مشتمل ہوتی ہیں ، جیسا کہ جانوروں کے خول ، دانتوں اور ہڈیوں کے اہم غیر نامیاتی مرکبات ہیں۔	زندہ چیزوں کے کس اہم حصے میں آکسیجن پائی جاتی ہے؟	زندہ حیاتیات میں، اہم دماغ کا کیا مطلب ہے؟	زندہ حیاتیات کس چیز کی بہت سی اہم کلاسیں ہیں؟
uqa_valid	زندہ حیاتیات میں نامیاتی مالیکیول کی بہت سی اہم کلاسیں ، جیسے پروٹین ، نیوکلک ایسڈ ، کاربوہائیڈریٹ ، اور چربی ، آکسیجن پر مشتمل ہیں ، جیسا کہ اہم <ans> غیر نامیاتی مرکبات </ans> ہیں جو جانوروں کے خول ، دانتوں اور ہڈیوں کے اجزاء ہیں۔	زندہ چیزوں کے کس اہم حصے میں آکسیجن پائی جاتی ہے؟	غذائی اجزاء کے علاوہ، کس قسم کی لکڑی کے بارے میں خیال کیا جاتا ہے کہ وہ کس قسم کے غذائی اجزاء ہیں؟	کس قسم کے بیکٹیریا کے بارے میں خیال کیا جاتا ہے کہ جانوروں کی کچھ اہم پرجاتییں ہیں؟
uqa_valid	زندہ حیاتیات کا زیادہ تر <ans> جرم </ans> آکسیجن ہے کیونکہ یہ پانی کا ایک حصہ ہے ، جو زندگی کی شکلوں کا اہم جزو ہے۔	زندہ چیزوں کے کس اہم حصے میں آکسیجن پائی جاتی ہے؟	زندہ حیاتیات کا زیادہ تر حصہ کیا ہے؟	زندہ حیاتیات کا زیادہ تر حصہ کیا ہے؟
uqa_valid	آکسیجن سیلولر سانس لینے میں استعمال ہوتا ہے اور <ans> فوٹو سنتھیسس </ans> کے ذریعہ جاری کیا جاتا ہے ، جو پانی سے آکسیجن پیدا کرنے کے لئے سورج کی روشنی کی توانائی کا استعمال کرتا ہے۔	روشنی کی موجودگی میں کس زندگی کے عمل سے آکسیجن پیدا ہوتی ہے؟	سورج کی روشنی کی توانائی کا استعمال کرتے ہوئے کس قسم کی توانائی کا استعمال کیا جاتا ہے؟	سورج کی روشنی کی توانائی کا استعمال کرتے ہوئے کون سا ذریعہ استعمال کیا جاتا ہے؟
uqa_valid	یہ <ans> زندہ حیاتیات </ans> کی فوٹو سنتھیسٹک کارروائی کے ذریعہ مسلسل دوبارہ بھرنے کے بغیر ہوا میں ایک آزاد عنصر رہنے کے لئے کیمیائی طور پر بہت زیادہ رد عمل کا حامل ہے۔	روشنی کی موجودگی میں کس زندگی کے عمل سے آکسیجن پیدا ہوتی ہے؟	کس قسم کی حیاتیات فوٹو گرافی رد عمل کے رد عمل کے لئے رد عمل ہے؟	کون سا حیاتیات رد عمل کو رد عمل کے طور پر رد عمل کے طور پر رد عمل ظاہر کرتا ہے؟
uqa_valid	آکسیجن سیلولر سانس لینے میں استعمال ہوتا ہے اور فوٹو سنتھیسس کے ذریعہ جاری کیا جاتا ہے ، جو سورج کی روشنی کی توانائی کو <ans> پانی </ans> سے آکسیجن تیار کرنے کے لئے استعمال کرتا ہے۔	فوٹو سنتھیسس آکسیجن کس چیز سے حاصل کرتا ہے؟	فوٹو الیکٹرک سانس لینے توانائی کی توانائی کو کس چیز سے تیار کرنے کے لیے استعمال کیا جاتا ہے؟	فوٹو الیکٹرک سانس لینے توانائی کی توانائی کو کس چیز سے تیار کرنے کے لیے استعمال کیا جاتا ہے؟
uqa_valid	آکسیجن کی ایک اور شکل ، اوزون (O 3) ، UVB تابکاری کو مضبوطی سے جذب کرتی ہے اور اس کے نتیجے میں اونچائی پر <ans> اوزون </ans> پرت ماحولیاتی ماحول کو الٹراوائلٹ تابکاری سے بچانے میں مدد کرتی ہے۔	آکسیجن کی کون سی شکل تین آکسیجن ایٹموں پر مشتمل ہے؟	کون سا ماحول بہتر کو جذب شدہ تابکاری سے جذب کرتا ہے؟	کس قسم کا ماحول ماحول کو جذب کرنے کی صلاحیت میں مدد کرتا ہے؟
uqa_valid	17 ویں صدی کے آخر میں ، <ans> رابرٹ بوئل </ans> نے ثابت کیا کہ دہن کے لئے ہوا ضروری ہے۔	کس نے ثابت کیا کہ دہن کے لیے ہوا ضروری ہے؟	کون سا گروپ نے 17ن کے آخر میں نریبی کے بارے میں بات کی؟	"کس نے کہا کہ ""نننن کے لئےن"" کے لئے ضروری ہے؟"
uqa_valid	17 ویں صدی کے آخر میں ، رابرٹ <ans> بویل </ans> نے ثابت کیا کہ دہن کے لئے ہوا ضروری ہے۔	کس نے ثابت کیا کہ دہن کے لیے ہوا ضروری ہے؟	کون سا آرٹسٹ نے 17ن کے بارے میں لکھا کہ وہنن کے لئے ضروری ہے؟	کس نے لکھا کہ آٹونن کے بارے میں خیال کیا جاتا ہے کہ وہنن کے لئے ضروری ہے؟
uqa_valid	انگریزی کیمسٹ <ans> جان میو </ans> (1641-1679) نے اس کام کو یہ دکھا کر بہتر بنایا کہ آگ کے لئے صرف ہوا کے ایک حصے کی ضرورت ہوتی ہے جسے اس نے اسپرٹوس نائٹرو ایئرس یا صرف نائٹرو ایئرس کہا۔	کس انگریزی کیمسٹ نے دکھایا کہ آگ کو صرف نیٹو ایئرس کی ضرورت ہوتی ہے؟	انگریزی کی انگریزی میں کون سی انگریزی بولی تھی؟	انگریزی میں کون سا انگریزی ترجمہ کیا گیا تھا؟
uqa_valid	انگریزی کیمسٹ جان <ans> میو </ans> (1641-1679) نے اس کام کو یہ دکھا کر بہتر بنایا کہ آگ کو صرف ہوا کے ایک حصے کی ضرورت ہوتی ہے جسے اس نے اسپرٹوس نائٹرو ایئرس یا صرف نائٹرو ایئرس کہا۔	کس انگریزی کیمسٹ نے دکھایا کہ آگ کو صرف نیٹو ایئرس کی ضرورت ہوتی ہے؟	انگریزی کی جانسٹ کس نے لکھی؟	انگریزی کی جانسٹ کس نے لکھی؟
uqa_valid	اس سے اس نے اندازہ لگایا کہ <ans> نائٹرو ایئرس </ans> سانس لینے اور دہن دونوں میں استعمال ہوتا ہے۔	دہن اور سانس لینے دونوں میں کیا کھایا جاتا ہے؟	کون سا سانس لینے والا سانس اور دونوںن دونوں میں استعمال کرتا ہے؟	کون سے سانس لینے کے سانس لینے کے لئے استعمال کیا جاتا ہے؟
uqa_valid	انگریزی کیمسٹ جان میو (1641-- <ans> 1679 </ans> ) نے اس کام کو یہ دکھا کر بہتر بنایا کہ آگ کو صرف ہوا کے ایک حصے کی ضرورت ہوتی ہے جسے اس نے اسپرٹوس نائٹرو ایئرس یا صرف نائٹرو ایئرس کہا۔	جان میو کس سال میں مر گیا؟	انگریزی کی جانسٹ کب مر گئی؟	انگریزی کس سال مر گیا؟
uqa_valid	17 ویں صدی کے آخر میں ، <ans> رابرٹ بوئل </ans> نے ثابت کیا کہ دہن کے لئے ہوا ضروری ہے۔	کس محقق نے یہ ظاہر کیا کہ دہن کے لیے ہوا ضروری ہے؟	کون سا گروپ نے 17ن کے آخر میں نریبی کے بارے میں بات کی؟	"کس نے کہا کہ ""نننن کے لئےن"" کے لئے ضروری ہے؟"
uqa_valid	17 ویں صدی کے آخر میں ، رابرٹ <ans> بویل </ans> نے ثابت کیا کہ دہن کے لئے ہوا ضروری ہے۔	کس محقق نے یہ ظاہر کیا کہ دہن کے لیے ہوا ضروری ہے؟	کون سا آرٹسٹ نے 17ن کے بارے میں لکھا کہ وہنن کے لئے ضروری ہے؟	کس نے لکھا کہ آٹونن کے بارے میں خیال کیا جاتا ہے کہ وہنن کے لئے ضروری ہے؟
uqa_valid	انگریزی کیمسٹ جان میو (1641-1679) نے اس کام کو یہ دکھا کر بہتر بنایا کہ آگ کو صرف ہوا کے ایک حصے کی ضرورت ہوتی ہے جسے اس نے اسپرٹوس نائٹرو ایئرس یا صرف <ans> نائٹرو ایئرس </ans> کہا۔	جان میو نے ہوا کے اس حصے کا نام کیا رکھا جس کی وجہ سے جلن ہوتی ہے؟	اس کی اصطلاح کا نام کیا ہے جو اس کے ساتھ ایک ہی وقت کے لئے ایک مخصوص سروضرو کے ساتھ ایک مخصوص ضرورت ہے؟	اس کا نام کیا ہے جس نے شوپن کو ایک بار بنایا تھا؟
uqa_valid	انگریزی کیمسٹ جان میو (1641-1679) نے اس کام کو یہ دکھا کر بہتر بنایا کہ آگ کو صرف ہوا کے ایک حصے کی ضرورت ہوتی ہے جسے اس نے <ans> spiritus nitroaereus </ans> یا صرف nitroaereus کہا۔	جان میو نے ہوا کے اس حصے کا نام کیا رکھا جس کی وجہ سے جلن ہوتی ہے؟	انگریزی میں کس قسم کی زمین کو اپنایا گیا تھا؟	کس نے کہا کہ آگ کو آگ لگنے کی ضرورت ہے؟
uqa_valid	انگریزی کیمیا دان جان میو (1641-1679) نے اس کام کو یہ دکھا کر بہتر بنایا کہ آگ کو صرف ہوا کے ایک حصے کی ضرورت ہوتی ہے جسے انہوں نے <ans> spiritus nitroaereus یا صرف nitroaereus </ans> کہا۔	جان میو نے ہوا کے اس حصے کا نام کیا رکھا جس کی وجہ سے جلن ہوتی ہے؟	انگریزی میں اس کی ماں کو کیا کہا جاتا ہے؟	انگریزی میں کون سا انگریزی لفظ استعمال کیا جاتا ہے کہ آگ کو آگ کو جذب کرنے کی ضرورت ہے؟
uqa_valid	<ans> 17 ویں صدی کے آخر میں ، </ans> رابرٹ بوئل نے ثابت کیا کہ دہن کے لئے ہوا ضروری ہے۔	میو اور بوئل نے اپنے تجربات کس صدی میں کیے تھے؟	"بوئل بوئل نے کس صدی میں ""نننن"" کے بارے میں سوچا؟"	بوئل بوئل نے کس صدی کے بارے میں سوچا کہ وہنن کے لئے مستحکم رہتی ہے؟
uqa_valid	<ans> سولہویں </ans> صدی کے آخر میں ، رابرٹ بوئل نے ثابت کیا کہ دہن کے لئے ہوا ضروری ہے۔	میو اور بوئل نے اپنے تجربات کس صدی میں کیے تھے؟	کس صدی میں بو بوئل نے بون کے بارے میں بات کی تھی؟	کس صدی میں بو بوئل نے بون کے بارے میں بات کی؟
uqa_valid	<ans> 17 ویں صدی کے آخر میں </ans> ، رابرٹ بوئل نے ثابت کیا کہ دہن کے لئے ہوا ضروری ہے۔	میو اور بوئل نے اپنے تجربات کس صدی میں کیے تھے؟	"بوئل بوئل نے کس صدی میں ""ننن"" کے بارے میں بات کی؟"	بوئل بوئل نے بون کے بارے میں کب بات کی؟
uqa_valid	اس سے اس نے اندازہ لگایا کہ نائٹرو ایئرس <ans> سانس لینے </ans> اور دہن دونوں میں استعمال ہوتا ہے۔	احتراق کے علاوہ، میو نے کس اور عمل کے لئے نائٹرو ایئرس کو ذمہ دار دکھایا؟	نائٹرو ایئرس کے ساتھ ساتھ ،رورو ایئرس کے ساتھ ساتھ ، نائٹرو ایئرس کے ساتھ ساتھ ، کونروسروسس میں استعمال ہونے والے بمروس کا استعمال کیا	نائٹروبیٹس کے ساتھ ساتھ ،رورو ایئرس کے ساتھ ساتھ ، نائٹرو ایئرس کے علاوہ ، نائٹرو ایئرس کے ساتھ ساتھ ، نائٹرو ایئرس کے ساتھ ساتھ ، کون
uqa_valid	انگریزی کیمسٹ <ans> جان میو </ans> (1641-1679) نے اس کام کو یہ دکھا کر بہتر بنایا کہ آگ کے لئے صرف ہوا کے ایک حصے کی ضرورت ہوتی ہے جسے اس نے اسپرٹوس نائٹرو ایئرس یا صرف نائٹرو ایئرس کہا۔	کس کیمسٹ نے دکھایا کہ آگ کو صرف ہوا کے ایک حصے کی ضرورت ہوتی ہے؟	انگریزی کی انگریزی میں کون سی انگریزی بولی تھی؟	انگریزی میں کون سا انگریزی ترجمہ کیا گیا تھا؟
uqa_valid	انگریزی کیمسٹ جان <ans> میو </ans> (1641-1679) نے اس کام کو یہ دکھا کر بہتر بنایا کہ آگ کو صرف ہوا کے ایک حصے کی ضرورت ہوتی ہے جسے اس نے اسپرٹوس نائٹرو ایئرس یا صرف نائٹرو ایئرس کہا۔	کس کیمسٹ نے دکھایا کہ آگ کو صرف ہوا کے ایک حصے کی ضرورت ہوتی ہے؟	انگریزی کی جانسٹ کس نے لکھی؟	انگریزی کی جانسٹ کس نے لکھی؟
uqa_valid	دریں اثنا ، 1 اگست ، 1774 کو ، برطانوی پادری <ans> جوزف پریسٹلی </ans> کے ذریعہ کیا گیا ایک تجربہ نے شیشے کی ٹیوب کے اندر مرکورک آکسائڈ (ایچ جی او) پر سورج کی روشنی کو مرکوز کیا ، جس نے ایک گیس کو آزاد کیا جسے اس نے ڈیفلوجسٹک ہوا کا نام دیا۔	"""ہوا میں مزید دریافتوں کا ایک اکاؤنٹ"" 1775 میں کس نے شائع کیا تھا؟"	کس نے سورج کی حفاظت کی؟	کون سا برطانوی وزیر اعظم نے سورج کی حفاظت کی؟
uqa_valid	<ans> پریسٹلی </ans> نے اپنے نتائج کو 1775 میں ایک کاغذ میں شائع کیا جس کا عنوان تھا ہوا میں مزید دریافتوں کا ایک اکاؤنٹ جو اس کی کتاب کے عنوان سے شامل تھا۔	"""ہوا میں مزید دریافتوں کا ایک اکاؤنٹ"" 1775 میں کس نے شائع کیا تھا؟"	کون سا اخبار اپنے 1750 میں شائع ہوا؟	کس اشاعت نے اپنے نتائج شائع کیے؟
uqa_valid	دریں اثنا ، یکم اگست 1774 کو ، برطانوی <ans> کلیرگمن </ans> جوزف پریسٹلی نے ایک تجربہ کیا جس میں شیشے کی ٹیوب کے اندر مرکورک آکسائڈ (ایچ جی او) پر سورج کی روشنی کو مرکوز کیا گیا ، جس نے ایک گیس کو آزاد کیا جسے اس نے ڈیفلوجسٹک ہوا کا نام دیا۔	جوزف پریسٹلی کا پیشہ کیا تھا؟	کس نے برطانوی پریس کی روشنی کو دریافت کیا؟	کون سا برطانوی وزیر اعظم ای ڈی او کی طرف سے استعمال کیا گیا تھا؟
uqa_valid	دریں اثنا ، یکم اگست 1774 کو ، برطانوی پادری جوزف پریسٹلی نے ایک تجربہ کیا جس میں شیشے کی ٹیوب کے اندر <ans> مرکوری آکسائڈ (ایچ جی او) </ans> پر سورج کی روشنی کو مرکوز کیا گیا ، جس نے ایک گیس کو آزاد کیا جسے اس نے ڈیفلوجسٹک ہوا کا نام دیا۔	"سورج کی روشنی کے ذریعہ، کس مرکب پر پریسٹلی نے توجہ مرکوز کی تاکہ وہ گیس بنائے جسے انہوں نے ""ڈیفلوجسٹک ہوا"" کہا؟"	کس دن سورج کی دریافت کی گئی تھی؟	کون سا واقعہ سورج کی طرف سے دریافت کیا گیا تھا؟
uqa_valid	دریں اثنا ، یکم اگست 1774 کو ، برطانوی پادری جوزف پریسٹلی نے ایک تجربہ کیا جس میں شیشے کی ٹیوب کے اندر <ans> مرکوری آکسائڈ </ans> (ایچ جی او) پر سورج کی روشنی کو مرکوز کیا گیا ، جس نے ایک گیس کو آزاد کیا جسے اس نے ڈیفلوجسٹک ہوا کا نام دیا۔	"سورج کی روشنی کے ذریعہ، کس مرکب پر پریسٹلی نے توجہ مرکوز کی تاکہ وہ گیس بنائے جسے انہوں نے ""ڈیفلوجسٹک ہوا"" کہا؟"	کون سا واقعہ ایک figimon کی طرف سے استعمال کیا گیا تھا؟	او جی او کا مخفف کیا ہے؟
uqa_valid	دریں اثنا ، یکم اگست 1774 کو ، برطانوی پادری جوزف پریسٹلی نے ایک تجربہ کیا جس میں شمسی روشنی کو شیشے کی ٹیوب کے اندر مرکورک آکسائڈ ( <ans> HgO </ans> ) پر مرکوز کیا گیا ، جس نے ایک گیس کو آزاد کیا جسے اس نے ڈیفلوجسٹائزڈ ہوا کا نام دیا۔	مرکری آکسائڈ کے لئے علامت ہے؟	کس سال میں جوزفینائڈ آکسائڈ شیشے کی دریافت کی گئی تھی؟	شمسی توانائی کا استعمال کس سال کیا گیا تھا؟
uqa_valid	دریں اثنا ، یکم اگست 1774 کو ، برطانوی پادری جوزف پریسٹلی نے ایک تجربہ کیا جس میں شیشے کی ٹیوب کے اندر <ans> مرکوری آکسائڈ </ans> (ایچ جی او) پر سورج کی روشنی کو مرکوز کیا گیا ، جس نے ایک گیس کو آزاد کیا جسے اس نے ڈیفلوجسٹک ہوا کا نام دیا۔	پریسٹلی نے آکسیجن کے اپنے تجربات میں کون سا کیمیکل استعمال کیا؟	کون سا واقعہ ایک figimon کی طرف سے استعمال کیا گیا تھا؟	او جی او کا مخفف کیا ہے؟
uqa_valid	دریں اثنا ، یکم اگست 1774 کو ، برطانوی پادری جوزف پریسٹلی نے ایک تجربہ کیا جس میں شیشے کی ٹیوب کے اندر <ans> مرکوری آکسائڈ (ایچ جی او) </ans> پر سورج کی روشنی کو مرکوز کیا گیا ، جس نے ایک گیس کو آزاد کیا جسے اس نے ڈیفلوجسٹک ہوا کا نام دیا۔	پریسٹلی نے آکسیجن کے اپنے تجربات میں کون سا کیمیکل استعمال کیا؟	کس دن سورج کی دریافت کی گئی تھی؟	کون سا واقعہ سورج کی طرف سے دریافت کیا گیا تھا؟
uqa_valid	دریں اثنا ، یکم اگست 1774 کو ، برطانوی پادری جوزف پریسٹلی نے ایک تجربہ کیا جس میں شیشے کی ٹیوب کے اندر مرکورک آکسائڈ (ایچ جی او) پر سورج کی روشنی کو مرکوز کیا گیا ، جس نے ایک گیس کو آزاد کیا جسے اس نے <ans> ڈیفلوجسٹڈ ہوا </ans> کا نام دیا۔	پریسٹلی نے اپنے تجربے سے پیدا ہونے والی گیس کا نام کیا رکھا؟	جوزفینٹ نے کیا دریافت کیا؟	اس کی دریافت کو کیا کہا جاتا تھا؟
uqa_valid	پریسٹلی نے اپنے نتائج کو <ans> 1775 </ans> میں ایک کاغذ میں شائع کیا جس کا عنوان تھا ہوا میں مزید دریافتوں کا ایک اکاؤنٹ جو اس کی کتاب کے عنوان سے شامل تھا۔	کس سال پریسٹلی نے اپنے تجربات کے نتائج شائع کیے؟	پریسٹلی نے اپنا شائع کب شائع کیا؟	پریسٹلی نے اپنا شائع کب شائع کیا؟
uqa_valid	کیونکہ اس نے <ans> اپنے پہلے نتائج شائع کیے </ans> ، پریسٹلی کو عام طور پر دریافت میں ترجیح دی جاتی ہے۔	آکسیجن کی دریافت کا سہرا عام طور پر پریسٹلی کو کیوں دیا جاتا ہے؟	پریسلیٹلی نے اپنے پہلے نصوص میں کیا دریافت کیا؟	پریسٹلی کا خیال ہے کہ میڈونا کی دریافت کیا ہے؟
uqa_valid	<ans> کیونکہ اس نے اپنے پہلے نتائج شائع کیے ، </ans> پریسٹلی کو عام طور پر دریافت میں ترجیح دی جاتی ہے۔	آکسیجن کی دریافت کا سہرا عام طور پر پریسٹلی کو کیوں دیا جاتا ہے؟	پریسٹ کے بارے میں کیا خیال ہے کہ وہ واحد دریافت کیا جاتا ہے؟	پریسلیٹلی کو کس نے دریافت کیا؟
uqa_valid	اس نے نوٹ کیا کہ موم بتیاں گیس میں روشن جلتی ہیں اور یہ کہ ایک ماؤس زیادہ <ans> فعال </ans> تھا اور اسے سانس لینے کے دوران زیادہ دیر تک زندہ رہتا ہے۔	پریسٹلی کی دریافت کردہ گیس کو سانس لینے سے تجربے کے چوہوں پر کیا اثر پڑا؟	گیس کے مطابق، گیس کے بارے میں خیال کیا جاتا ہے کہ وہ کس قسم کے بارے میں زیادہ ہے؟	گیس کے بارے میں خیال کیا جاتا ہے کہ موم بت پرستی کے بارے میں کیا خیال ہے؟
uqa_valid	اس نے نوٹ کیا کہ شمعیں گیس میں روشن جلتی ہیں اور یہ کہ ایک ماؤس اسے سانس لیتے ہوئے <ans> زیادہ فعال اور زیادہ دیر تک زندہ رہتا ہے </ans> ۔	پریسٹلی کی دریافت کردہ گیس کو سانس لینے سے تجربے کے چوہوں پر کیا اثر پڑا؟	ایک علیم ہیڈ کے گیس کے بارے میں کیا سوچتے ہیں کہ وہ ایک ہی وقت ہو جائے گا؟	"""علیم ہیڈ"" کے بارے میں کیا خیال کیا جاتا ہے کہ یہ ایک اچھا ہونا چاہئے؟"
uqa_valid	اس نے نوٹ کیا کہ موم بتیاں گیس میں روشن جلتی ہیں اور یہ کہ ایک ماؤس <ans> زیادہ فعال تھا اور اسے سانس لینے کے دوران زیادہ دیر تک زندہ رہا۔ </ans>	پریسٹلی کی دریافت کردہ گیس کو سانس لینے سے تجربے کے چوہوں پر کیا اثر پڑا؟	جب یہ دریافت کیا جاتا ہے کہ وہ گیس کے گیس کے دوران کیا ہو جائے گا تو کیا توقع کی جاتی ہے؟	جب یہ دریافت کیا جاتا ہے کہ یہ دریافت کیا جاتا ہے تو کیا توقع کی جاتی ہے؟
uqa_valid	کئی صدیوں بعد <ans> لیونارڈو دا ونچی </ans> نے فلون کے کام پر یہ مشاہدہ کرتے ہوئے تعمیر کیا کہ دہن اور سانس لینے کے دوران ہوا کا ایک حصہ استعمال ہوتا ہے۔	بائزنٹیم کے فلون کی دریافتوں پر کس موجد نے کام کیا؟	کس نے فلونن کے دوران ایک جون کا استعمال کیا؟	کس نے فلونن پر کام کیا؟
uqa_valid	کئی صدیوں بعد لیونارڈو <ans> ڈا ونچی </ans> نے فلون کے کام پر یہ مشاہدہ کرتے ہوئے تعمیر کیا کہ دہن اور سانس لینے کے دوران ہوا کا ایک حصہ استعمال ہوتا ہے۔	بائزنٹیم کے فلون کی دریافتوں پر کس موجد نے کام کیا؟	کس نے فلونن کے کام کو تباہ کیا؟	کس نے دریافت کیا کہ مولن اور سانس لینے کے دوران ایک اہم دھات کا استعمال کیا جاتا ہے؟
uqa_valid	دہن اور ہوا کے مابین تعلقات کے بارے میں سب سے پہلے مشہور تجربات میں سے ایک میکانکس پر 2 ویں صدی قبل مسیح کے یونانی مصنف ، <ans> بیزانٹیم کے فلون </ans> نے کیا تھا۔	Pneumatica کس یونانی مصنف نے لکھا تھا؟	کون سا یونانی مصنف یونانی فلسفی اور نصن کے درمیان تعلقات کے بارے میں بات کرتا ہے؟	کون سا یونانی مصنف یونانی فلسفی کی وضاحت کرتا ہے؟
uqa_valid	اپنے کام پنیومیٹیکا میں ، <ans> فلون </ans> نے مشاہدہ کیا کہ جلتی ہوئی موم بتی کے اوپر ایک برتن کو الٹنا اور برتن کی گردن کو پانی سے گھیرنے کے نتیجے میں کچھ پانی گردن میں اٹھتا ہے۔	Pneumatica کس یونانی مصنف نے لکھا تھا؟	کس نے کہا کہ یہ ایک پانی پانی کے پانی کے پانی کے پانی کو پانی میں پانیا ہے؟	کس نے دریافت کیا کہ یہ ایک پانی پانی کے پانی کے پانی کے پانی کی وجہ سے اٹھتا ہے؟
uqa_valid	دہن اور ہوا کے مابین تعلقات کے بارے میں سب سے پہلے مشہور تجربات میں سے ایک 2 ویں صدی قبل مسیح میں میکانکس پر یونانی مصنف ، <ans> فیلو </ans> بیزنٹیم کے ذریعہ کیا گیا تھا۔	Pneumatica کس یونانی مصنف نے لکھا تھا؟	یونانی فلسفی کے بارے میں کس نے لکھا؟	اس شخص کا نام کیا تھا جس نے یونانی معاشرے کے بارے میں لکھا تھا؟
uqa_valid	دہن اور ہوا کے مابین تعلقات کے بارے میں سب سے پہلے مشہور تجربات میں سے ایک <ans> دوسری صدی قبل مسیح </ans> یونانی مصنف میکانکس ، بیلزینٹیم کے فلون نے کیا تھا۔	کس سال میں دہن اور ہوا پر پہلے معلوم تجربات کئے گئے تھے؟	یونانی رسم الخط کے بارے میں کس تاریخ میں یونانی تھے؟	یونانی جماعتوں کو کس تاریخ میں پایا گیا تھا؟
uqa_valid	فلون نے <ans> غلط </ans> اندازہ لگایا کہ برتن میں ہوا کے کچھ حصے کلاسیکی عنصر آگ میں تبدیل ہوگئے اور اس طرح شیشے میں سوراخوں کے ذریعے فرار ہونے میں کامیاب ہوگئے۔	بیزنٹیم کے فلون ____ نے اندازہ لگایا کہ ہوا آگ میں تبدیل ہوجاتی ہے	فلون نے کیا جذب کیا؟	فلون نے کون سا آلہ استعمال کیا؟
uqa_valid	دہن اور ہوا کے مابین تعلقات کے بارے میں سب سے پہلے مشہور تجربات میں سے ایک میکانکس پر 2 ویں صدی قبل مسیح کے یونانی مصنف ، <ans> بیزانٹیم کے فلون </ans> نے کیا تھا۔	ابتدائی یونانی نے ہوا اور احتراق کے تجربات کے بارے میں کیا لکھا؟	کون سا یونانی مصنف یونانی فلسفی اور نصن کے درمیان تعلقات کے بارے میں بات کرتا ہے؟	کون سا یونانی مصنف یونانی فلسفی کی وضاحت کرتا ہے؟
uqa_valid	اپنے کام پنیومیٹیکا میں ، <ans> فلون </ans> نے مشاہدہ کیا کہ جلتی ہوئی موم بتی کے اوپر ایک برتن کو الٹنا اور برتن کی گردن کو پانی سے گھیرنے کے نتیجے میں کچھ پانی گردن میں اٹھتا ہے۔	ابتدائی یونانی نے ہوا اور احتراق کے تجربات کے بارے میں کیا لکھا؟	کس نے کہا کہ یہ ایک پانی پانی کے پانی کے پانی کے پانی کو پانی میں پانیا ہے؟	کس نے دریافت کیا کہ یہ ایک پانی پانی کے پانی کے پانی کے پانی کی وجہ سے اٹھتا ہے؟
uqa_valid	دہن اور ہوا کے مابین تعلقات کے بارے میں سب سے پہلے مشہور تجربات میں سے ایک 2 ویں صدی قبل مسیح میں میکانکس پر یونانی مصنف ، <ans> فیلو </ans> بیزنٹیم کے ذریعہ کیا گیا تھا۔	ابتدائی یونانی نے ہوا اور احتراق کے تجربات کے بارے میں کیا لکھا؟	یونانی فلسفی کے بارے میں کس نے لکھا؟	اس شخص کا نام کیا تھا جس نے یونانی معاشرے کے بارے میں لکھا تھا؟
uqa_valid	فلون نے غلط طور پر اندازہ لگایا کہ برتن میں ہوا کے کچھ حصے کلاسیکی عنصر <ans> آگ </ans> میں تبدیل ہوگئے اور اس طرح شیشے میں سوراخوں کے ذریعے فرار ہونے میں کامیاب ہوگئے۔	فلون نے غلط طور پر فرض کیا کہ ہوا کیا بن گئی؟	فلون نے کس سال میں ایک کلاسیکی دور میں تبدیلی کا سبب بنا؟	فلون نے کس چیز میں تبدیل کیا؟
uqa_valid	فلون نے غلط طور پر اندازہ لگایا کہ برتن میں ہوا کے کچھ حصے <ans> کلاسیکل عنصر آگ </ans> میں تبدیل ہوگئے اور اس طرح شیشے میں سوراخوں کے ذریعے فرار ہونے میں کامیاب ہوگئے۔	فلون نے غلط طور پر فرض کیا کہ ہوا کیا بن گئی؟	فلون نے کس قسم کی تبدیلی میں تبدیلی کی؟	فلون نے کس چیز میں تبدیلی کا سبب بنا؟
uqa_valid	اپنے کام <ans> پنیومیٹیکا </ans> میں ، فلون نے مشاہدہ کیا کہ جلتی ہوئی موم بتی کے اوپر ایک برتن کو الٹنا اور برتن کی گردن کو پانی سے گھیرنے کے نتیجے میں کچھ پانی گردن میں اٹھتا ہے۔	فلون کے کام کا عنوان کیا تھا؟	فلون نے اپنے کام کے دوران کہاں کام کیا؟	فلون نے اپنے کام کے دوران کہاں کام کیا؟
uqa_valid	کئی صدیوں بعد <ans> لیونارڈو دا ونچی </ans> نے فلون کے کام پر یہ مشاہدہ کرتے ہوئے تعمیر کیا کہ دہن اور سانس لینے کے دوران ہوا کا ایک حصہ استعمال ہوتا ہے۔	بعد میں کس مشہور فنکار نے فلون کے تجربات کی مزید تحقیقات کیں؟	کس نے فلونن کے دوران ایک جون کا استعمال کیا؟	کس نے فلونن پر کام کیا؟
uqa_valid	کئی صدیوں بعد لیونارڈو <ans> ڈا ونچی </ans> نے فلون کے کام پر یہ مشاہدہ کرتے ہوئے تعمیر کیا کہ دہن اور سانس لینے کے دوران ہوا کا ایک حصہ استعمال ہوتا ہے۔	بعد میں کس مشہور فنکار نے فلون کے تجربات کی مزید تحقیقات کیں؟	کس نے فلونن کے کام کو تباہ کیا؟	کس نے دریافت کیا کہ مولن اور سانس لینے کے دوران ایک اہم دھات کا استعمال کیا جاتا ہے؟
uqa_valid	کئی صدیوں بعد لیونارڈو دا ونچی نے فلون کے کام پر یہ مشاہدہ کرکے تعمیر کیا کہ دہن اور سانس لینے کے دوران <ans> ہوا </ans> کا ایک حصہ استعمال ہوتا ہے۔	دا ونچی نے کیا سوچا تھا کہ جلنے کے دوران اس کا ایک حصہ جل جاتا ہے؟	نچیونچی نے فلن اور نچیون کے دوران کیا استعمال کیا؟	نچیونچی نے فلونن کے دوران کس قسم کا ڈھانچہ استعمال کیا؟
uqa_valid	دہن کو متحرک کرنے کے لئے <ans> گرمی یا چنگاری </ans> جیسے اگنیشن ایونٹ کی ضرورت ہوتی ہے۔	دہن کو شروع کرنے کے لیے کیا ضروری ہے؟	ایکنیشن کو کیا کرنے کی ضرورت ہے؟	ایکنیشن کو کیا کرنے کی ضرورت ہے؟
uqa_valid	<ans> آکسیجن </ans> کے انتہائی مرتکز ذرائع تیز رفتار دہن کو فروغ دیتے ہیں۔	دہن کو شروع کرنے کے لیے کیا ضروری ہے؟	کس سال میں انتہائی تیزی سے غذائی اجزاء کو تیز کیا گیا ہے؟	کس سال میں انتہائی تیزی سے غذائی اجزاء کو تیز کیا جاتا ہے؟
uqa_valid	دہن کو متحرک کرنے کے لئے <ans> ایک اگنیشن ایونٹ </ans> جیسے گرمی یا چنگاری کی ضرورت ہوتی ہے۔	دہن کو شروع کرنے کے لیے کیا ضروری ہے؟	ایک قسم کی ایک مثال کیا ہے جس میں ایک اور چنگاری کی ضرورت ہوتی ہے؟	ایک قسم کی ایک مثال کیا ہے؟
uqa_valid	<ans> ایک اگنیشن ایونٹ ، جیسے گرمی یا چنگاری </ans> کو دہن کو متحرک کرنے کی ضرورت ہے۔	دہن کو شروع کرنے کے لیے کیا ضروری ہے؟	ایکنن کو متحرک کرنے کی ضرورت کیا ہے؟	ایکنن کو متحرک کرنے کی ضرورت کیا ہے؟
uqa_valid	<ans> آکسیجن آکسائڈنٹ ہے </ans> ، ایندھن نہیں ، لیکن پھر بھی دہن میں جاری ہونے والی زیادہ تر کیمیائی توانائی کا ذریعہ ہے۔	احتراق ایک آکسائڈنٹ اور ایندھن کی وجہ سے ہوتا ہے۔ احتراق میں آکسیجن کا کیا کردار ہوتا ہے؟	ایندھن میں جاری ہونے والی زیادہ تر توانائی کی مقدار کیا ہے؟	ایندھن کا کون سا حصہ ایندھن میں جاری رہتی ہے؟
uqa_valid	آکسیجن <ans> آکسیڈینٹ </ans> ہے ، ایندھن نہیں ، لیکن پھر بھی دہن میں جاری ہونے والی زیادہ تر کیمیائی توانائی کا ذریعہ ہے۔	احتراق ایک آکسائڈنٹ اور ایندھن کی وجہ سے ہوتا ہے۔ احتراق میں آکسیجن کا کیا کردار ہوتا ہے؟	ایندھن کے مقابلے میں زیادہ تر توانائی کی زیادہ تر توانائی کیا ہے؟	ایندھن کا کون سا حصہ ایندھن میں جاری رہتی ہے؟
uqa_valid	دہن کے خطرات <ans> آکسیجن کے مرکبات پر بھی لاگو ہوتے ہیں جن میں اعلی آکسیڈیٹیو </ans> صلاحیت ہوتی ہے ، جیسے پیرو آکسائڈ ، کلوریٹس ، نائٹریٹ ، پرکلوریٹس ، اور ڈیکرومیٹس کیونکہ وہ آگ میں آکسیجن عطیہ کرسکتے ہیں۔	پیرو آکسائڈز، نائٹریٹ اور ڈائی کرومیٹس کس قسم کے مرکبات کی مثالیں ہیں؟	بیکٹیریا کے کس قسم کی آب و ہوا ہوتی ہے؟	بیکٹیریا کے کس قسم کی آب و ہوا ہوتی ہے؟
uqa_valid	دہن کے خطرات <ans> آکسیجن کے مرکبات پر بھی لاگو ہوتے ہیں جن میں اعلی آکسیڈیٹیو صلاحیت ہوتی ہے </ans> ، جیسے پیرو آکسائڈ ، کلوریٹس ، نائٹریٹ ، پرکلوریٹس ، اور ڈیکرومیٹس کیونکہ وہ آگ میں آکسیجن عطیہ کرسکتے ہیں۔	پیرو آکسائڈز، نائٹریٹ اور ڈائی کرومیٹس کس قسم کے مرکبات کی مثالیں ہیں؟	کیان کے ساتھ ایک جیسے رنگ ہے؟	ایکن کی ساخت کیا ہے؟
uqa_valid	<ans> آکسیجن </ans> آکسیڈینٹ ہے ، ایندھن نہیں ، لیکن پھر بھی دہن میں جاری ہونے والی زیادہ تر کیمیائی توانائی کا ذریعہ ہے۔	اگرچہ یہ ایندھن نہیں ہے لیکن یہ وہ کیمیائی مرکب ہے جو دھماکوں کی سب سے زیادہ تعداد پیدا کرتا ہے۔	کون سا آکسیڈینٹ ڈیانا پر مشتمل ہے؟	کس قسم کی آکسیڈینٹ ڈی پیدا کرتی ہے؟
uqa_valid	آکسیجن کے انتہائی مرتکز ذرائع <ans> تیز رفتار دہن </ans> کو فروغ دیتے ہیں۔	مرکوز آکسیجن کیا پیدا کر سکتی ہے؟	آکسیجن کے انتہائی مرتکزکوں کو کیا فروغ دیتا ہے؟	آکسیجن کے انتہائی مرتکز کو کیا کہا جاتا ہے؟
uqa_valid	دہن کو متحرک کرنے کے لئے <ans> اگنیشن ایونٹ </ans> کی ضرورت ہوتی ہے ، جیسے گرمی یا چنگاری۔	آگ کی ترقی کے لئے ایک چنگاری یا گرمی کیا ہے؟	ایکنن کو متحرک کرنے کے لئے کیا ضرورت ہے؟	ایکن کو متحرک کرنے کے لئے کیا ضرورت ہے؟
uqa_valid	دہن کو متحرک کرنے کے لئے <ans> ایک اگنیشن ایونٹ </ans> جیسے گرمی یا چنگاری کی ضرورت ہوتی ہے۔	آگ کی ترقی کے لئے ایک چنگاری یا گرمی کیا ہے؟	ایک قسم کی ایک مثال کیا ہے جس میں ایک اور چنگاری کی ضرورت ہوتی ہے؟	ایک قسم کی ایک مثال کیا ہے؟
uqa_valid	آکسیجن <ans> آکسیڈینٹ </ans> ہے ، ایندھن نہیں ، لیکن پھر بھی دہن میں جاری ہونے والی زیادہ تر کیمیائی توانائی کا ذریعہ ہے۔	ایندھن کے بجائے آگ کے لئے آکسیجن کیا ہے؟	ایندھن کے مقابلے میں زیادہ تر توانائی کی زیادہ تر توانائی کیا ہے؟	ایندھن کا کون سا حصہ ایندھن میں جاری رہتی ہے؟
uqa_valid	آکسیجن آکسیڈینٹ ہے ، ایندھن نہیں ، لیکن اس کے باوجود دہن میں جاری ہونے والی زیادہ تر <ans> کیمیائی توانائی </ans> کا ذریعہ ہے۔	آکسیجن دہن کے لئے کیا بنیاد ہے؟	کون سا کیمیائی رد عمل ظاہر کرتا ہے کہ اگر اسپکسیڈکسیڈ ہوتے ہیں تو اس کا زیادہ تر حصہ کیا ہوتا ہے؟	کون سا کیمیائی رد عمل ظاہر کرتا ہے کہ اگر اسپارکسیڈ جاری رہتی ہے تو اس کا زیادہ تر حصہ کیا ہوتا ہے؟
uqa_valid	آکسیجن آکسیڈینٹ ہے ، ایندھن نہیں ، لیکن پھر بھی دہن میں جاری <ans> کیمیائی توانائی کی زیادہ تر </ans> کا ذریعہ ہے۔	آکسیجن دہن کے لئے کیا بنیاد ہے؟	کون سا کیمیائی عمل اس کی قیمت میں نمایاں طور پر نائلکسیڈ ہے؟	لکڑی کی سطح پر کیا رد عمل ہے؟
uqa_valid	دہن کے خطرات آکسیجن کے <ans> مخلوطات </ans> پر بھی لاگو ہوتے ہیں جن میں اعلی آکسیڈیٹیو صلاحیت ہوتی ہے ، جیسے پیرو آکسائڈ ، کلوریٹس ، نائٹریٹ ، پرکلوریٹس ، اور ڈیکرومیٹس کیونکہ وہ آگ میں آکسیجن عطیہ کرسکتے ہیں۔	کیا اعلی آکسائڈیٹیو صلاحیت کے دیگر ذرائع آگ میں اضافہ کر سکتے ہیں؟	کس قسم کے اینلیڈس میں  آکسی آڈییٹیوی کی صلاحیت ہوتے ہیں؟	کس قسم کے اینلیڈس میں  آکسی آڈی ہوتے ہیں؟
uqa_valid	دہن کے خطرات آکسیجن کے مرکبات پر بھی لاگو ہوتے ہیں جن میں اعلی آکسیڈیٹیو صلاحیت ہوتی ہے ، جیسے <ans> پیروکسائڈ ، کلوریٹس ، نائٹریٹ ، پرکلوریٹس ، اور ڈیکرومیٹس </ans> کیونکہ وہ آگ میں آکسیجن عطیہ کرسکتے ہیں۔	کیا اعلی آکسائڈیٹیو صلاحیت کے دیگر ذرائع آگ میں اضافہ کر سکتے ہیں؟	کون سے دو عوامل میں اعلی آڈیی آڈیی کی خاصیت ہے؟	کون سے دو عوامل میں اعلی آڈیی آڈی ہوتے ہیں؟
uqa_valid	گیس اور مائع <ans> آکسیجن </ans> دونوں کو ذخیرہ کرنے اور منتقل کرنے کے لئے استعمال ہونے والے اسٹیل پائپ اور اسٹوریج برتن ایندھن کے طور پر کام کریں گے۔	مائع اور گیس دونوں شکل میں ______ تیزی سے ایک نمائش کا نتیجہ ہو سکتا ہے.	گیس اور مائع کے علاوہ، اور اور کیا استعمال کیا جاتا ہے؟	گیس اور مائع کے علاوہ ، لکڑی اور مائع صفائی کے علاوہ اور کیا استعمال کیا جائے گا؟
uqa_valid	لانچ پیڈ ٹیسٹ میں اپولو 1 کے عملے کو مارنے والی آگ اتنی تیزی سے پھیل گئی کیونکہ کیپسول کو خالص O 2 کے ساتھ دباؤ دیا گیا تھا لیکن ایک مشن میں استعمال ہونے والے <ans> 1/3 </ans> معمول کے دباؤ کے بجائے۔	مستقبل کے خلائی مشنوں کی حفاظت کو یقینی بنانے کے لئے آکسیجن کا استعمال معمول کے دباؤ سے _____ پر کیا گیا تھا۔	اپولو مشن کے عملے کے لئے کتنے آگ لگ گئے؟	اپولو مشن کے مشن کو روکنے کے لئے کیا استعمال کیا گیا تھا؟
uqa_valid	لانچ پیڈ ٹیسٹ میں اپولو 1 کے عملے کو مارنے والی آگ اتنی تیزی سے پھیل گئی کیونکہ کیپسول کو خالص O 2 کے ساتھ دباؤ دیا گیا تھا لیکن ایک مشن میں استعمال ہونے والے <ans> 1/3 عام دباؤ </ans> کے بجائے ماحولیاتی دباؤ سے تھوڑا زیادہ تھا۔	مستقبل کے خلائی مشنوں کی حفاظت کو یقینی بنانے کے لئے آکسیجن کا استعمال معمول کے دباؤ سے _____ پر کیا گیا تھا۔	مشن کے عملے کے لئے ایک نیا استعمال کیا تھا؟	مشن کے عملے کو روکنے کے لئے کیا استعمال کیا گیا تھا؟
uqa_valid	اور اس وجہ سے O 2 سسٹم کے ڈیزائن اور تیاری کے لئے <ans> خصوصی تربیت </ans> کی ضرورت ہوتی ہے تاکہ یہ یقینی بنایا جاسکے کہ اگنیشن ذرائع کو کم سے کم کیا جائے۔	جلنے کے امکانات کو کم کرنے کے لئے خالص O کو محفوظ طریقے سے سنبھالنے کے لئے ___ کی ضرورت ہے.	نئے ڈیزائن کے ڈیزائن کے لئے کیا ضرورت ہے؟	نئے ڈیزائن کے ڈیزائن کے لئے کیا ضرورت ہے؟
uqa_valid	مرکوز O 2 <ans> دھونے </ans> کو تیزی سے اور توانائی سے آگے بڑھنے کی اجازت دے گا۔	کس چیز سے آکسیجن کی رفتار بہت زیادہ بڑھ جائے گی؟	اگر ایک ایکس پی تھری سے آگے بڑھنے کی اجازت دے تو کیا ممکن ہو سکتا ہے؟	مرکوز کرنے سے آگے بڑھنے کے لئے کیا استعمال کیا جاتا ہے؟
uqa_valid	گیس اور مائع آکسیجن دونوں کو ذخیرہ کرنے اور منتقل کرنے کے لئے استعمال ہونے والی اسٹیل پائپ اور <ans> اسٹوریج برتن </ans> ایندھن کے طور پر کام کریں گے۔	مرکوز آکسیجن میں موجود خطرے کی وجہ سے، اسے رکھنے کے بارے میں کیا تشویش ہے؟	جب ہائیڈروجن گیس اور گیس اور منتقل کرنے کے لئے استعمال کیا جاتا ہے تو کیا استعمال کیا جاتا ہے؟	جب ہائیڈروجن گیس اور گیس کو ذخیرہ کرنے کے لئے استعمال کیا جاتا ہے تو اسے کیا کہا جاتا ہے؟
uqa_valid	لانچ پیڈ ٹیسٹ میں اپولو 1 کے عملے کو مارنے والی <ans> آگ </ans> اتنی تیزی سے پھیل گئی کیونکہ کیپسول کو خالص O 2 کے ساتھ دباؤ دیا گیا تھا لیکن ایک مشن میں استعمال ہونے والے 1/3 عام دباؤ کے بجائے ماحولیاتی دباؤ سے تھوڑا زیادہ۔	مرکوز آکسیجن میں موجود خطرے کی وجہ سے، اسے رکھنے کے بارے میں کیا تشویش ہے؟	اپولو 7 مشن میں اپولو کی عملے کو کیا کہا جاتا تھا؟	اپولو 7 میں اپولو کے عملے کو کیا کہا جاتا تھا؟
uqa_valid	اور اس وجہ سے O 2 سسٹم کے ڈیزائن اور تیاری کے لئے خصوصی تربیت کی ضرورت ہوتی ہے تاکہ <ans> اس بات کو یقینی بنایا جاسکے کہ اگنیشن ذرائع کو کم سے کم کیا جائے </ans> ۔	مرکوز آکسیجن میں موجود خطرے کی وجہ سے، اسے رکھنے کے بارے میں کیا تشویش ہے؟	کیا ونڈوز 8 ڈیزائن کے ڈیزائن کے لئے تربیت ضرورت ہے؟	شمسی توانائی کے ڈیزائن کے لئے خصوصی ضرورت کیوں ضروری ہے؟
uqa_valid	اور اس وجہ سے O 2 سسٹم کے ڈیزائن اور تیاری کے لئے <ans> خصوصی تربیت </ans> کی ضرورت ہوتی ہے تاکہ یہ یقینی بنایا جاسکے کہ اگنیشن ذرائع کو کم سے کم کیا جائے۔	آکسیجن کے ساتھ نمٹنے میں حفاظت کے لئے نقل و حمل اور اسٹوریج کا کیا مطالبہ ہے؟	نئے ڈیزائن کے ڈیزائن کے لئے کیا ضرورت ہے؟	نئے ڈیزائن کے ڈیزائن کے لئے کیا ضرورت ہے؟
uqa_valid	لانچ پیڈ ٹیسٹ میں <ans> اپولو 1 عملے </ans> کو مارنے والی آگ اتنی تیزی سے پھیل گئی کیونکہ کیپسول کو خالص O 2 کے ساتھ دباؤ دیا گیا تھا لیکن ایک مشن میں استعمال ہونے والے 1/3 معمول کے دباؤ کے بجائے۔	کس نے ایک دباؤ آکسیجن کیبن آگ مارا؟	کون سا گروپ 12 دسمبر 2007 میں آگ کے آگ کے ساتھ دباؤ کے لئے دباؤ کے لئے دباؤ کے لئے دباؤ کے لئے دباؤ کے لئے دباؤ تھا؟	کون سا نیا ہوائی جہاز سب سے پہلے آگ لگانے کے لئے استعمال کیا گیا تھا؟
uqa_valid	لانچ پیڈ ٹیسٹ میں <ans> اپولو 1 عملہ </ans> کو مارنے والی آگ اتنی تیزی سے پھیل گئی کیونکہ کیپسول کو خالص O 2 کے ساتھ دباؤ دیا گیا تھا لیکن ایک مشن میں استعمال ہونے والے 1/3 عام دباؤ کے بجائے ماحولیاتی دباؤ سے تھوڑا زیادہ۔	کس نے ایک دباؤ آکسیجن کیبن آگ مارا؟	کون سا عمل پیراجینگ کے ساتھ بہتر تھا؟	کون سا عمل 1982 میں آگ کی آگ کو بہتر بنانے کے لئے استعمال کیا گیا تھا؟
uqa_valid	زمین کا <ans> مینٹ </ans> ، جو کرسٹ سے بہت بڑا ہے ، بڑے پیمانے پر میگنیشیم اور لوہے کے سلیکیٹس پر مشتمل ہے۔	میگنیشیم اور لوہے کے سلیکیٹس زمین کے ___ میں شامل ہیں	زمین کا کون سا حصہ زمین پر مبنی ہے؟	زمین کا کون سا حصہ زمین پر مبنی ہے؟
uqa_valid	<ans> زمین کا مینٹ </ans> ، جو کھوپڑی سے بہت بڑا ہے ، بڑے پیمانے پر میگنیشیم اور لوہے کے سلیکیٹس پر مشتمل ہے۔	میگنیشیم اور لوہے کے سلیکیٹس زمین کے ___ میں شامل ہیں	بڑے پیمانے پر بڑے پیمانے پر بڑے پیمانے پر کیا شامل ہے؟	بڑے پیمانے پر بڑے پیمانے پر بڑے پیمانے پر کون سا بڑا عنصر پایا جا سکتا ہے؟
uqa_valid	آکسیجن <ans> کاربن ڈائی آکسائیڈ </ans> (CO 2) کی شکل میں کم مقدار میں فضا میں موجود ہے۔	آکسیجن کس طرح سے فضا میں موجود ہے؟	کیا سلفا میں کم مقدار میں کم ہوتا ہے؟	کون سا عنصر فضا میں کم مقدار میں کم ہوتا ہے؟
uqa_valid	آکسیجن <ans> کاربن ڈائی آکسائیڈ </ans> (CO 2) کی شکل میں کم مقدار میں فضا میں موجود ہے۔	کس مرکب میں آکسیجن تھوڑی مقدار میں فضا میں پائی جاتی ہے؟	کیا سلفا میں کم مقدار میں کم ہوتا ہے؟	کون سا عنصر فضا میں کم مقدار میں کم ہوتا ہے؟
uqa_valid	<ans> زمین کی کرسٹ </ans> کا باقی حصہ بھی آکسیجن مرکبات سے بنا ہے ، خاص طور پر مختلف پیچیدہ سلیکیٹس (سلیکیٹ معدنیات میں) ۔	کون سی ارضیاتی خصوصیت آکسیجن آکسائڈ سے بنی ہے؟	کس قسم کاسٹ بھی سب سے زیادہ نقصان ہے؟	کس قسم کاسٹ زمین کا حصہ ہے؟
uqa_valid	<ans> زمین کا مینٹ </ans> ، جو کھوپڑی سے بہت بڑا ہے ، بڑے پیمانے پر میگنیشیم اور لوہے کے سلیکیٹس پر مشتمل ہے۔	زمین کا کون سا حصہ زیادہ تر لوہے اور میگنیشیم کے سلیکیٹس پر مشتمل ہے؟	بڑے پیمانے پر بڑے پیمانے پر بڑے پیمانے پر کیا شامل ہے؟	بڑے پیمانے پر بڑے پیمانے پر بڑے پیمانے پر کون سا بڑا عنصر پایا جا سکتا ہے؟
uqa_valid	زمین کا <ans> مینٹ </ans> ، جو کرسٹ سے بہت بڑا ہے ، بڑے پیمانے پر میگنیشیم اور لوہے کے سلیکیٹس پر مشتمل ہے۔	زمین کا کون سا حصہ زیادہ تر لوہے اور میگنیشیم کے سلیکیٹس پر مشتمل ہے؟	زمین کا کون سا حصہ زمین پر مبنی ہے؟	زمین کا کون سا حصہ زمین پر مبنی ہے؟
uqa_valid	زمین کا <ans> مینٹ </ans> ، جو کرسٹ سے بہت بڑا ہے ، بڑے پیمانے پر میگنیشیم اور لوہے کے سلیکیٹس پر مشتمل ہے۔	زمین کے ارضیاتی ڈھانچے کا کون سا حصہ کرسٹ سے بڑا ہے؟	زمین کا کون سا حصہ زمین پر مبنی ہے؟	زمین کا کون سا حصہ زمین پر مبنی ہے؟
uqa_valid	<ans> زمین کا مینٹ </ans> ، جو کھوپڑی سے بہت بڑا ہے ، بڑے پیمانے پر میگنیشیم اور لوہے کے سلیکیٹس پر مشتمل ہے۔	زمین کے ارضیاتی ڈھانچے کا کون سا حصہ کرسٹ سے بڑا ہے؟	بڑے پیمانے پر بڑے پیمانے پر بڑے پیمانے پر کیا شامل ہے؟	بڑے پیمانے پر بڑے پیمانے پر بڑے پیمانے پر کون سا بڑا عنصر پایا جا سکتا ہے؟
uqa_valid	زمین کی باقی کھوپڑی بھی آکسیجن مرکبات سے بنی ہے ، خاص طور پر مختلف <ans> پیچیدہ سلیکیٹس </ans> (سلیکیٹ معدنیات میں) ۔	آکسائڈس کے علاوہ، زمین کی کرسٹ کا ایک بڑا حصہ کون سے دوسرے مرکبات پر مشتمل ہے؟	زمین کی زمین کی ایک مثال کیا ہے؟	زمین کی سب سے قدیم تغیرات کیا ہے؟
uqa_valid	زمین کی باقی کرسٹ بھی آکسیجن مرکبات سے بنی ہے ، خاص طور پر مختلف پیچیدہ <ans> سیلیکیٹس </ans> (سیلیکیٹ معدنیات میں) ۔	آکسائڈس کے علاوہ، زمین کی کرسٹ کا ایک بڑا حصہ کون سے دوسرے مرکبات پر مشتمل ہے؟	زمین کی زمین کی زمین کی ایک مثال کیا ہے؟	زمین کا کون سا عنصر زمین کی زمین پر باقی ہے؟
uqa_valid	جان ڈالٹن کی اصل ایٹمی مفروضے میں یہ فرض کیا گیا تھا کہ تمام عناصر <ans> مونو ایٹمی </ans> ہیں اور کہ مرکبات میں ایٹم عام طور پر ایک دوسرے کے سلسلے میں سب سے آسان ایٹمی تناسب رکھتے ہیں۔	جان ڈالٹن نے کیا سوچا تھا کہ تمام عناصر مرکبات میں موجود تعداد میں تھے؟	جانٹنٹن کی اصل میں کیا تجویز کیا گیا تھا؟	جانٹنٹن کی اصل میں کیا تجویز کیا گیا تھا؟
uqa_valid	جان ڈالٹن کی اصل ایٹمی مفروضے میں یہ فرض کیا گیا تھا کہ تمام عناصر ایک ایٹمی ہوتے ہیں اور کہ مرکبات میں ایٹم عام طور پر ایک دوسرے کے سلسلے میں <ans> سادہ ترین </ans> ایٹمی تناسب رکھتے ہیں۔	ڈالٹن نے کیا سوچا تھا کہ مرکبات میں ایٹموں کے درمیان ایٹمی تناسب کیا ہوتا ہے؟	جانٹنٹن کی تجویز کرتے وقت ایک ایٹم میں ایٹم کا کیا نتیجہ ہوتا ہے؟	جانٹنٹن کی طرف سے پیدا کیا جاتا ہے کہ مرکبات میں ایٹم کا کیا مطلب ہے؟
uqa_valid	جان ڈالٹن کی اصل ایٹمی مفروضے میں یہ فرض کیا گیا تھا کہ تمام عناصر ایک ایٹمی ہوتے ہیں اور کہ مرکبات میں ایٹم عام طور پر ایک دوسرے کے سلسلے میں <ans> سب سے آسان </ans> ایٹمی تناسب رکھتے ہیں۔	ڈالٹن نے کیا سوچا تھا کہ مرکبات میں ایٹموں کے درمیان ایٹمی تناسب کیا ہوتا ہے؟	جانٹن جان کی طرف سے تجویز کردہ ایک ایٹم کے طور پر کیا تجویز کیا جاتا ہے؟	جانٹن جان کی طرف سے پیدا کیا جاتا ہے کہ مرکبات میں ایٹم کا کیا مطلب ہے؟
uqa_valid	مثال کے طور پر ، ڈالٹن نے فرض کیا کہ پانی کا فارمولا <ans> HO </ans> تھا ، جس سے آکسیجن کا ایٹمی وزن ہائیڈروجن کے مقابلے میں 8 گنا ہوتا ہے ، بجائے اس کی جدید قیمت کے بارے میں 16.	پانی کے لئے ڈالٹن کا غلط فارمولا کیا تھا؟	کون سا پانی کا پانی کا تخمینہ تھا جس کا تخمینہ لگایا گیا تھا کہ پانی کا زیادہ ہائیڈروجن تھا؟	کس نے کہا کہ پانی کے مقابلے میں اس کا زیادہ ہائیڈروجن تھا؟
uqa_valid	1805 میں ، جوزف لوئس گی لوساک اور الیگزینڈر وان ہومبولڈٹ نے دکھایا کہ پانی <ans> ہائیڈروجن </ans> کے دو حجم اور آکسیجن کے ایک حجم سے تشکیل پاتا ہے۔	Gay-Lussac اور von Humboldt نے دریافت کیا کہ پانی میں آکسیجن کی دوگنی مقدار میں کون سا عنصر موجود ہے؟	کس لوئس نے گیئر اور ٹوبولینسبولینس کے بارے میں دو ممکنہ تنازعہ پیدا کیے؟	کس لوئس نے گیڈریڈ اور ٹوبولینسبولینس کے بارے میں دو اہم کردار ادا کیا؟
uqa_valid	اور 1811 تک امیڈیو ایووگاڈرو پانی کی ساخت کی صحیح تشریح پر پہنچ گیا تھا ، جس کی بنیاد پر اب اسے <ans> اووگاڈرو کا قانون </ans> کہا جاتا ہے اور ڈائی ایٹم عنصر مالیکیولز کی مفروضہ ہے۔	1811 میں کون سا نظریہ سامنے آیا جس نے ڈائی ایٹمک مالیکیولز کی مفروضہ پیش کی؟	ڈبلیوروڈروڈروڈروڈروڈرو کی بنیاد پر مبنی کون سا جملہ استعمال کیا جاتا ہے؟	امرویوروڈرو کی بنیاد پر کیا کہا جاتا ہے؟
uqa_valid	اور 1811 تک امیڈیو ایوگاڈرو <ans> پانی کی ساخت کی صحیح تشریح </ans> پر پہنچ گیا تھا ، جس کی بنیاد پر اب ایوگاڈرو کا قانون کہا جاتا ہے اور ڈائی ایٹمی عنصر مالیکیولز کی مفروضہ۔	1811 میں کون سا نظریہ سامنے آیا جس نے ڈائی ایٹمک مالیکیولز کی مفروضہ پیش کی؟	Agadroadrozروڈروڈروڈروڈروڈروڈروڈروڈروڈروڈروڈروڈروڈروڈروڈروڈرو	Lugadroروڈروڈروڈروڈروڈروڈروڈروڈروڈروڈروڈروڈروڈروڈروڈروڈروڈرو
uqa_valid	ہوا نے <ans> فلوگسٹن </ans> نظریہ میں کوئی کردار ادا نہیں کیا ، اور نہ ہی اس خیال کو جانچنے کے لئے کوئی ابتدائی مقدار کا تجربہ کیا گیا تھا۔	وہ کون سے مواد تھے جن کے بارے میں خیال کیا جاتا تھا کہ ان میں بہت کم باقیات رہ جاتی ہیں؟	کون سا نظریہ دعوی کیا گیا تھا کہ اس نے کوئی کردار ادا نہیں کیا؟	کون سا نظریہ دعوی کیا گیا تھا کہ اس نے کوئی کردار ادا نہیں کیا؟
uqa_valid	جبکہ <ans> غیر آتش گیر </ans> مادے جو سنکنرن کرتے ہیں ، جیسے لوہے ، میں بہت کم ہوتا ہے۔	کس قسم کے آتش گیر مواد کو کم فیلوجسٹن سمجھا جاتا تھا؟	سنکنرن کے ساتھ ساتھ، سنکنرن میں کون سا سنکن سنکنرن بنتا ہے؟	سنکنرن میں کون سا سنکن سنکنرن بنتا ہے؟
uqa_valid	جبکہ <ans> غیر آتش گیر مادے جو سنکنرن کرتے ہیں </ans> ، جیسے لوہے ، میں بہت کم ہوتا ہے۔	کس قسم کے آتش گیر مواد کو کم فیلوجسٹن سمجھا جاتا تھا؟	غیر مسافر کے غیر مسافر کیا ہیں؟	کیا غیر vaordores میں اضافہ کیا جا سکتا ہے؟
uqa_valid	حقیقت یہ ہے کہ <ans> لکڑی </ans> جیسے مادہ جلنے میں مجموعی طور پر وزن حاصل کرتا ہے گیسوں کی دہن کی مصنوعات کی بہاؤ کی طرف سے پوشیدہ تھا۔	کس قسم کے آتش گیر مواد کو کم فیلوجسٹن سمجھا جاتا تھا؟	لکڑی کی کون سی مصنوعات کی خصوصیات کی طلب کی طلب کی وجہ سے کم ہو گئی؟	لکڑی کے علاوہ، کون سی لکڑی قدرتی گیس کی مصنوعات کی مذمت کی گئی تھی؟
uqa_valid	<ans> ہوا </ans> نے فلوگسٹن تھیوری میں کوئی کردار ادا نہیں کیا ، اور نہ ہی اس خیال کو جانچنے کے لئے کوئی ابتدائی مقداری تجربات کیے گئے تھے۔	آتشزدگی کی کون سی مخصوص خصوصیت فیلوجسٹن تھیوری سے غائب تھی؟	فسسٹن تھیوری میں کس کردار نے کردار ادا کیا؟	فٹکسٹن تھیوری میں کس چیز نے کردار ادا کیا؟
uqa_valid	حقیقت یہ ہے کہ <ans> لکڑی کی طرح کا مادہ جلنے میں مجموعی طور پر وزن حاصل کرتا ہے </ans> گیسوں کے احتراق کی مصنوعات کی بہاؤ کی طرف سے پوشیدہ تھا۔	آتشزدگی کی کون سی مخصوص خصوصیت فیلوجسٹن تھیوری سے غائب تھی؟	گیس کی پیداوار کے دوران احقق کی مصنوعات کی وجہ کیا تھی؟	کس قسم کی گیس کے بارے میں خیال کیا جاتا ہے کہ اس کی احقق کی مصنوعات کی وجہ سے احققا قبیلے کی مصنوعات سے آگے ہے؟
uqa_valid	درحقیقت ، پہلا اشارہ یہ تھا کہ فلوگسٹن نظریہ غلط تھا کہ <ans> دھاتیں </ans> بھی زنگ آلودگی میں وزن حاصل کرتی ہیں۔	زنگ آلودگی کے دوران کس مواد کا وزن بڑھنا ایک ابتدائی اشارہ تھا کہ فیلوجسٹن تھیوری غلط تھی؟	زنگسٹن کے مطابق، کون سا دوسرا ز حنگ تھیوری وزن وزن وزن وزن وزن وزن میں وزن کی نشاندہی کرتا ہے؟	زنگ کے مطابق، زنگ کے مطابق، کون سا دوسرا علاقہ زنگ آلودگی میں وزن حاصل کرتا ہے؟
uqa_valid	اس کے بجائے ، یہ اس بات کی مشاہدات پر مبنی تھا کہ جب کچھ جلتا ہے تو کیا ہوتا ہے ، کہ زیادہ تر عام اشیاء <ans> ہلکا ہوجاتی ہیں </ans> اور اس عمل میں کچھ کھو دیتی ہیں۔	جلنے کے بعد زیادہ تر اشیاء کی کیا خصوصیت ظاہر ہوتی ہے؟	کچھ حالات میں زیادہ تر حالات عام طور پر کس چیز کے ساتھ کھوکھتے ہیں؟	پتہ چلتا ہے کہ زیادہ تر عام اشیاء عام طور پر کس چیز پر عمل کرتے ہیں؟
uqa_valid	اس کے بجائے ، یہ اس بات پر مبنی تھا کہ جب کچھ جلتا ہے تو کیا ہوتا ہے ، کہ زیادہ تر عام اشیاء <ans> ہلکی ہوجاتی ہیں اور اس عمل میں کچھ کھو دیتی ہیں۔ </ans>	جلنے کے بعد زیادہ تر اشیاء کی کیا خصوصیت ظاہر ہوتی ہے؟	کچھ حالات میں عام طور پر کیا ہوتا ہے؟	کچھ حالات کے بارے میں خیال کیا جاتا ہے کہ زیادہ تر عام عام اشیاء کیا ہیں؟
uqa_valid	اس کے بجائے ، یہ اس بات پر مبنی تھا کہ جب کچھ جلتا ہے تو کیا ہوتا ہے ، کہ زیادہ تر عام اشیاء <ans> ہلکی </ans> ہوجاتی ہیں اور اس عمل میں کچھ کھو دیتی ہیں۔	جلنے کے بعد زیادہ تر اشیاء کی کیا خصوصیت ظاہر ہوتی ہے؟	کچھ حالات میں عام طور پر کیا ہوتا ہے؟	کچھ حالات میں عام طور پر کیا ہوتا ہے؟
uqa_valid	اس آکسیجن میں ، دو آکسیجن ایٹم ایک دوسرے کے ساتھ <ans> کیمیائی طور پر </ans> بندھے ہوئے ہیں۔	ڈائی آکسجن میں آکسیجن کے دو ایٹم ایک دوسرے سے کیسے جڑے ہوئے ہیں؟	دو دو چیزیں کس طرح بند کر سکتے ہیں؟	دو دو چیزیں کس طرح بند کر سکتے ہیں؟
uqa_valid	آکسیجن کو آزادانہ طور پر کارل ولہیم شیل نے اپسالا میں <ans> 1773 </ans> یا اس سے پہلے اور جوزف پریسٹلی نے ولٹشائر میں 1774 میں دریافت کیا تھا ، لیکن پریسٹلی کو اکثر ترجیح دی جاتی ہے کیونکہ ان کا کام سب سے پہلے شائع ہوا تھا۔	کارل ولہلم شیل نے آکسیجن کی دریافت کب کی؟	کارلوس نے شیل کے خلاف کون سا سال متعارف کرایا؟	وِل شیل نے 17 سال میں کون سا سال متعارف کرایا؟
uqa_valid	آکسیجن کو آزادانہ طور پر کارل ولہیم شیل نے اپسالا میں <ans> 1773 یا اس سے پہلے </ans> اور جوزف پریسٹلی نے ولٹشائر میں 1774 میں دریافت کیا تھا ، لیکن پریسٹلی کو اکثر ترجیح دی جاتی ہے کیونکہ ان کا کام سب سے پہلے شائع ہوا تھا۔	کارل ولہلم شیل نے آکسیجن کی دریافت کب کی؟	وٹ گن شیل نے کب دریافت کیا کہ وہ وش و خروش میں موجود تھے؟	کس سال میں یہ دریافت کیا گیا تھا کہ یہ سب سے پہلے شائع کیا گیا تھا؟
uqa_valid	آکسیجن کو آزادانہ طور پر کارل ولیم شیل نے 1773 یا اس سے پہلے اپسالا میں دریافت کیا تھا ، اور جوزف پریسٹلی نے ولٹشائر میں <ans> 1774 </ans> میں دریافت کیا تھا ، لیکن پریسٹلی کو اکثر ترجیح دی جاتی ہے کیونکہ ان کا کام سب سے پہلے شائع ہوا تھا۔	جوزف پریسٹلی نے کس سال آکسیجن کو پہچان لیا؟	وٹلی نے کس سال دریافت کیا تھا؟	وٹ شیل نے کس سال دریافت کیا تھا؟
uqa_valid	آکسیجن کو 1773 میں یا اس سے پہلے اپسالا میں کارل ولیم شیل اور 1774 میں جوزف پریسٹلی نے آزادانہ طور پر دریافت کیا تھا ، لیکن پریسٹلی کو اکثر ترجیح دی جاتی ہے کیونکہ ان کے <ans> کام کو پہلے شائع کیا گیا تھا </ans> ۔	کس چیز نے پریسٹلی کو آکسیجن کا پہلا دریافت کرنے کا دعویٰ دیا؟	پریسٹ پریس نے 17 دسمبر میں 175 کے بارے میں کیا دریافت کیا؟	پریسٹ پریسلی نے 175 میں کیا متعارف کرایا؟
uqa_valid	آکسیجن کو 1773 میں یا اس سے پہلے اپسالا میں کارل ولہیم شیل اور 1774 میں جوزف پریسٹلی نے آزادانہ طور پر دریافت کیا تھا ، لیکن پریسٹلی کو اکثر ترجیح دی جاتی ہے کیونکہ <ans> اس کا کام سب سے پہلے شائع ہوا تھا۔ </ans>	کس چیز نے پریسٹلی کو آکسیجن کا پہلا دریافت کرنے کا دعویٰ دیا؟	پریسٹلی کو قانونی طور پر کیا کہا جاتا تھا؟	پریسٹلی کو قانونی طور پر کس طرح بیان کیا گیا تھا؟
uqa_valid	آکسیجن کو 1773 میں یا اس سے پہلے اپسالا میں کارل ولہلم شیل اور 1774 میں ولٹشائر میں جوزف پریسٹلی نے آزادانہ طور پر دریافت کیا تھا ، لیکن پریسٹلی کو اکثر ترجیح دی جاتی ہے کیونکہ ان کا کام <ans> پہلے شائع ہوا </ans> تھا۔	کس چیز نے پریسٹلی کو آکسیجن کا پہلا دریافت کرنے کا دعویٰ دیا؟	پریسٹلی کو کیا کہا جاتا تھا؟	پریسٹلی کو کس نے دریافت کیا؟
uqa_valid	آکسیجن کا نام 1777 میں <ans> انٹون لاواسیئر </ans> نے تیار کیا تھا ، جس کے آکسیجن کے ساتھ تجربات نے اس وقت کے مقبول فلوگسٹن تھیوری کو بدنام کرنے میں مدد کی۔	کس محقق نے سب سے پہلے آکسیجن کا لفظ استعمال کیا ؟	سفسٹن نے کس نام پر تیار کیا؟	کس نے کہا کہ میڈونا نے فافسٹن کو مقبول بنانے میں مدد کی؟
uqa_valid	آکسیجن کا نام 1777 میں انتون <ans> لاواسیئر </ans> نے تیار کیا تھا ، جس کے آکسیجن کے ساتھ تجربات نے اس وقت کے مقبول فلوگسٹن تھیوری کو بدنام کرنے میں مدد کی تھی۔	کس محقق نے سب سے پہلے آکسیجن کا لفظ استعمال کیا ؟	کس نے اس ناول کا نام تبدیل کیا جس نے اس وقت کے وقت کے وقت فسسٹن کو اپنایا؟	آکسیجن کا نام کس نے تیار کیا؟
uqa_valid	آکسیجن کا نام 1777 میں انٹوان لاواسیئر نے تیار کیا تھا ، جس کے آکسیجن کے ساتھ تجربات نے اس وقت کے مقبول <ans> فلوگسٹن تھیوری </ans> کو بدنام کرنے میں مدد کی تھی۔	لاواسیئر کے تجربات نے کس سابقہ کام کو بدنام کیا؟	ژان لاوایئر نے کس کے لئے کام کیا؟	ژان لاوایئر نے کون سا نظریہ تیار کیا؟
uqa_valid	آکسیجن کا نام 1777 میں انٹوان لاواسیئر نے تیار کیا تھا ، جس کے آکسیجن کے ساتھ تجربات نے اس وقت کے مقبول <ans> فلوگسٹن تھیوری آف احتراق اور سنکنرن </ans> کو بدنام کرنے میں مدد کی۔	لاواسیئر کے تجربات نے کس سابقہ کام کو بدنام کیا؟	ژانواواس نے کن دو چیزوں کو نظرانداز کیا؟	ژان لاواسیئر نے کن دو چیزوں کو نظرانداز کرنے میں مدد کی؟
uqa_valid	ڈائی آکسین میں پائے جانے والے دو غیر جوڑے والے الیکٹرانوں کے ساتھ ایک الیکٹران ترتیب (ڈایاگرام میں بھرے ہوئے π * مدارات دیکھیں) ، مدارات جو برابر توانائی کے ہیں - یعنی ، زوال پذیر - ایک ترتیب ہے جسے <ans> سپن ٹرپلٹ اسٹیٹ </ans> کہا جاتا ہے۔	ڈائی آکسجن میں دو غیر جوڑے والے الیکٹرانوں کی ترتیب کے لئے اصطلاح کیا ہے؟	ایک گرام کمزور یورینیم کے لئے ایک اور اصطلاح کیا ہے؟	Gaxiga کے لئے ایک اور نام کیا ہے؟
uqa_valid	ڈائی آکسین میں پائے جانے والے دو غیر جوڑے والے الیکٹرانوں کے ساتھ ایک الیکٹران ترتیب (ڈایاگرام میں بھرے ہوئے π * مدارات دیکھیں) ، مدارات جو برابر توانائی کے ہیں - یعنی ، زوال پذیر - ایک ترتیب ہے جسے <ans> ایک اسپن ٹرپلٹ ریاست </ans> کہا جاتا ہے۔	ڈائی آکسجن میں دو غیر جوڑے والے الیکٹرانوں کی ترتیب کے لئے اصطلاح کیا ہے؟	ایک گرام کمزور کیا ہے جو ایک توانائی کے لئے غیر توانائی کے طور پر استعمال کیا جاتا ہے؟	ڈائی آکسین کو کیا کہا جاتا ہے؟
uqa_valid	لہذا ، O 2 انو کی بنیادی حالت کو <ans> ٹرپلٹ آکسیجن </ans> کہا جاتا ہے۔	O2 مالیکیول کو اس کی بنیادی حالت میں کس طرح کہا جاتا ہے؟	2 2 انو کی بنیادی حالت کیا ہے؟	2 2 انو کی بنیادی حالت کیا ہے؟
uqa_valid	لہذا ، <ans> O </ans> 2 انو کی بنیادی حالت کو ٹرپلٹ آکسیجن کہا جاتا ہے۔	O2 مالیکیول کو اس کی بنیادی حالت میں کس طرح کہا جاتا ہے؟	انو کی بنیادی حالت کیا ہے؟	انو کی بنیادی حالت کیا ہے؟
uqa_valid	اس کے <ans> غیر جوڑے والے الیکٹرانوں </ans> کی وجہ سے ، ٹرپلٹ آکسیجن صرف زیادہ تر نامیاتی انو کے ساتھ آہستہ آہستہ رد عمل ظاہر کرتا ہے۔	ٹرپلٹ آکسیجن کو آہستہ آہستہ رد عمل کا سبب بنتا ہے؟	کیڑے مکوڑے کس چیز کی وجہ سے رد عمل ظاہر ہوتے ہیں؟	کیڑے کس چیز کے ساتھ رد عمل ظاہر کرتا ہے؟
uqa_valid	<ans> اس کے غیر جوڑے والے الیکٹرانوں </ans> کی وجہ سے ، ٹرپلٹ آکسیجن زیادہ تر نامیاتی انو کے ساتھ آہستہ آہستہ رد عمل ظاہر کرتا ہے ، جس نے الیکٹران اسپن کو جوڑا ہے۔	ٹرپلٹ آکسیجن کو آہستہ آہستہ رد عمل کا سبب بنتا ہے؟	پودوں کی پیداوار کے ساتھ ساتھ ، کون سا عنصر زیادہ تر ن کے ساتھ رد عمل ظاہر کرتا ہے؟	پودوں کی کون سی خصوصیت رد عمل کے ساتھ رد عمل ظاہر کرتی ہے؟
uqa_valid	یہ <ans> خود بخود </ans> مرکب کو روکتا ہے۔	ٹرپلٹ آکسیجن کی سست رد عمل کس قسم کے دہن کو روکتا ہے؟	مرکب کس مرکب کو مرکب ہے؟	مرکب کس مرکب کو مرکب ہے؟
uqa_valid	یہ <ans> خود بخود انضمام </ans> کو روکتا ہے۔	ٹرپلٹ آکسیجن کی سست رد عمل کس قسم کے دہن کو روکتا ہے؟	کون سا شعبہ ساؤتھمپٹن کی طرف سے روک دیا گیا ہے؟	کس قسم کی حد کو نقصان پہنچاتی ہے؟
uqa_valid	[b] سب سے زیادہ توانائی ، جزوی طور پر بھرے ہوئے مدارات <ans> اینٹی بانڈنگ </ans> ہیں ، اور اس طرح ان کی بھرنے سے بانڈ آرڈر تین سے دو تک کمزور ہوجاتا ہے۔	آکسیجن کے کمزور طور پر بھرے ہوئے اعلی مدار کیا ہیں؟	سب سے زیادہ توانائی کے طور پر کیا سمجھا جاتا ہے؟	سب سے زیادہ توانائی کے طور پر کیا سمجھا جاتا ہے؟
uqa_valid	اس نے نوٹ کیا کہ جب وہ کنٹینر کھولتا ہے تو <ans> ہوا </ans> دوڑتا ہے ، جس سے یہ ظاہر ہوتا ہے کہ پھنسے ہوئے ہوا کا ایک حصہ استعمال ہوچکا ہے۔	لاواسیئر نے کیا نتیجہ اخذ کیا کہ اس کے تجربات میں احتراق کی طرف سے کھایا گیا تھا؟	جب وہ مرتا ہے تو یہ کیا پیدا کرتا ہے؟	جب یہ دریافت کیا جاتا ہے تو یہ کیا پیدا کرتا ہے؟
uqa_valid	اس نے نوٹ کیا کہ جب وہ کنٹینر کھولتا ہے تو ہوا دوڑتی ہے ، جس سے یہ ظاہر ہوتا ہے کہ <ans> پکڑے ہوئے ہوا کا ایک حصہ </ans> استعمال ہوچکا ہے۔	لاواسیئر نے کیا نتیجہ اخذ کیا کہ اس کے تجربات میں احتراق کی طرف سے کھایا گیا تھا؟	جب وہ ایک سٹرتا ہے تو وہ کیا ظاہر کرتا ہے؟	جب یہ دریافت کیا جاتا ہے تو وہ کیا ظاہر کرتا ہے؟
uqa_valid	اس نے یہ بھی نوٹ کیا کہ ٹن کا <ans> وزن </ans> میں اضافہ ہوا ہے اور یہ اضافہ ہوا ہوا کے وزن کے برابر تھا۔	لاواسیئر نے کس طرح دیکھا کہ اس کے تجربے میں استعمال ہونے والا ٹن بڑھ گیا ہے؟	ٹن وزن کا وزن کس چیز میں اضافہ ہوا؟	ٹن وزن کا وزن کس چیز میں اضافہ ہوا؟
uqa_valid	اس نے یہ بھی نوٹ کیا کہ ٹن کا وزن بڑھ گیا تھا اور <ans> یہ اضافہ ہوا ہوا کے وزن کے برابر تھا۔ </ans>	لاواسیئر نے کس طرح دیکھا کہ اس کے تجربے میں استعمال ہونے والا ٹن بڑھ گیا ہے؟	ٹن وزن کے وزن کے نتیجے میں ٹن بم کا وزن کیا تھا؟	ٹن وزن کا وزن کس چیز کے لیے کیا گیا تھا؟
uqa_valid	اس نے یہ بھی نوٹ کیا کہ <ans> ٹین کا وزن بڑھ گیا تھا اور یہ اضافہ ہوا کے وزن کے برابر تھا۔ </ans>	لاواسیئر نے کس طرح دیکھا کہ اس کے تجربے میں استعمال ہونے والا ٹن بڑھ گیا ہے؟	نغن نے کیا کہا کہ وہ وزن کی وزن کے برابر تھا؟	ناصر نے کیا سوچا کہ اس کا وزن کیا تھا؟
uqa_valid	اس نے یہ بھی نوٹ کیا کہ ٹن کا وزن بڑھ گیا تھا اور یہ اضافہ ہوا کے <ans> وزن </ans> کے برابر تھا۔	Lavoisier کیا محسوس ہوا ہوا ٹن حاصل کیا تھا کے طور پر زیادہ سے زیادہ کھو دیا تھا	سورج نے کس کے ساتھ وزن کیا کہ ٹن وزن کا وزن کیا گیا تھا؟	ٹن وزن کا وزن کس چیز کے برابر تھا؟
uqa_valid	دہن کے بارے میں اس اور دیگر تجربات کو اس کی کتاب سور لا دہن این جنرل میں دستاویزی کیا گیا تھا ، جو <ans> 1777 </ans> میں شائع ہوا تھا۔	Lavoisier نے کس سال میں دہن پر اپنا کام شائع کیا؟	کس سال میں Hنن Diburnes شائع کیا گیا تھا؟	اس کتاب کا نام کیا تھا جس کے بارے میں شائع کیا گیا تھا؟
uqa_valid	'ضروری ہوا' ، جو دہن اور سانس لینے کے لئے ضروری ہے ، اور <ans> ζωٹ </ans> (Gk.	Lavoisier کی طرف سے ہوا کا کون سا دوسرا حصہ بے جان سمجھا گیا تھا؟	نروریری کے لئے کون سی اصطلاح استعمال کی جاتی ہے؟	نروریری کے لئے ایک اور اصطلاح کیا ہے؟
uqa_valid	ٹرائی آکسیجن (O-3) کو عام طور پر <ans> اوزون </ans> کے نام سے جانا جاتا ہے اور یہ آکسیجن کا ایک بہت ہی رد عمل والا ایلوٹروپ ہے جو پھیپھڑوں کے ٹشو کو نقصان پہنچاتا ہے۔	O3 کے لئے سب سے زیادہ اکثر استعمال کیا جاتا نام کیا ہے؟	ایک عام عمل کو کیا کہا جاتا ہے؟	اس عمل کو عام طور پر کیا کہا جاتا ہے؟
uqa_valid	<ans> ٹری آکسیجن </ans> (O-3) کو عام طور پر اوزون کے نام سے جانا جاتا ہے اور یہ آکسیجن کا ایک بہت ہی رد عمل والا ایلوٹروپ ہے جو پھیپھڑوں کے ٹشو کو نقصان پہنچاتا ہے۔	O3 کے لئے سب سے زیادہ اکثر استعمال کیا جاتا نام کیا ہے؟	اوزون کا مخفف کیا ہے؟	اوزون کا مخفف کیا ہے؟
uqa_valid	<ans> اوزون </ans> اوپری ماحول میں پیدا ہوتا ہے جب O-2 الٹرا وایلیٹ (یووی) تابکاری کے ذریعہ O-2 کو تقسیم کرکے ایٹمی آکسیجن کے ساتھ مل جاتا ہے۔	O3 کے لئے سب سے زیادہ اکثر استعمال کیا جاتا نام کیا ہے؟	دماغ کے پیدا ہونے کے لیے کیا پیدا ہوتا ہے؟	دماغ کو پیدا کرنے کے لئے کون سا اصطلاح استعمال کیا جاتا ہے؟
uqa_valid	ٹرائی آکسیجن (O-3) کو عام طور پر اوزون کے نام سے جانا جاتا ہے اور یہ آکسیجن کا ایک بہت ہی رد عمل والا <ans> ایلوٹروپ </ans> ہے جو پھیپھڑوں کے ٹشو کو نقصان پہنچاتا ہے۔	اوزون آکسیجن کا ایک رد عمل کا حصہ کیا ہے؟	اوزون کے لئے ایک اور اصطلاح کیا ہے؟	اوزون کو کیا کہا جاتا ہے؟
uqa_valid	ٹرائی آکسیجن (O-3) کو عام طور پر اوزون کے نام سے جانا جاتا ہے اور یہ آکسیجن کا ایک بہت ہی رد عمل والا ایلوٹروپ ہے جو <ans> پھیپھڑوں کے ٹشو </ans> کو نقصان پہنچاتا ہے۔	اوزون کا نقصان دہ اثر پیدا کرنے کی کیا خصوصیت ہے؟	او ایلون کا کیا نقصان پہنچاتا ہے؟	او ایلون کس چیز کو نقصان پہنچاتا ہے؟
uqa_valid	ٹرائی آکسیجن (O-3) کو عام طور پر اوزون کے نام سے جانا جاتا ہے اور یہ آکسیجن کا ایک بہت ہی رد عمل والا ایلوٹروپ ہے جو <ans> پھیپھڑوں </ans> کے ٹشو کو نقصان پہنچاتا ہے۔	اوزون کا نقصان دہ اثر پیدا کرنے کی کیا خصوصیت ہے؟	او ایلون کس چیز کے نقصان پہنچاتا ہے؟	او ایلون کس چیز کے نقصان کو نقصان پہنچاتا ہے؟
uqa_valid	چونکہ اوزون سپیکٹرم کے UV علاقے میں مضبوطی سے جذب ہوتا ہے ، اوپری ماحول کی اوزون پرت سیارے کے لئے <ans> حفاظتی تابکاری ڈھال </ans> کے طور پر کام کرتی ہے۔	اوزون سیارے کے لیے کیا کام کرتا ہے؟	اوزون کے لئے UNTam کے لئے کیا استعمال کیا جاتا ہے؟	اوزون کس چیز کے لئے کام کرتا ہے؟
uqa_valid	چونکہ اوزون سپیکٹرم کے UV علاقے میں مضبوطی سے جذب ہوتا ہے ، لہذا اوپری ماحول کی اوزون پرت سیارے کے لئے حفاظتی <ans> شعاعی ڈھال </ans> کے طور پر کام کرتی ہے۔	اوزون سیارے کے لیے کیا کام کرتا ہے؟	اوزون کے لئے ایک اور اصطلاح کیا ہے؟	اوزون ممکنہ طور پر کس طرح کام کرتا ہے؟
uqa_valid	چونکہ اوزون سپیکٹرم کے UV علاقے میں مضبوطی سے جذب ہوتا ہے ، لہذا اوپری ماحول کی اوزون پرت سیارے کے لئے <ans> حفاظتی تابکاری ڈھال </ans> کے طور پر کام کرتی ہے۔	اوزون سیارے کے لیے کیا کام کرتا ہے؟	اوزون کے لئے UCuntera کے لئے کیا استعمال کیا جاتا ہے؟	اوزون کس چیز کے لئے کام کرتا ہے؟
uqa_valid	چونکہ اوزون سپیکٹرم کے <ans> یووی </ans> خطے میں مضبوطی سے جذب ہوتا ہے ، لہذا اوپری ماحول کی اوزون پرت سیارے کے لئے حفاظتی تابکاری ڈھال کے طور پر کام کرتی ہے۔	اوزون کس روشنی کی تابکاری کو جذب کرتا ہے؟	اوزون سپیکٹرم کے علاقے میں کون سا خطے جذب ہوتا ہے؟	اوزون سپیکٹرم کس خطے میں جذب ہوتا ہے؟
uqa_valid	اوزون اوپری ماحول میں پیدا ہوتا ہے جب O-2 <ans> الٹرا وایلیٹ </ans> (یو وی) تابکاری کے ذریعہ O-2 کو تقسیم کرکے ایٹمی آکسیجن کے ساتھ مل جاتا ہے۔	اوزون کس روشنی کی تابکاری کو جذب کرتا ہے؟	اوزون کا مخفف کیا ہے؟	اوزون کا مخفف کیا ہے؟
uqa_valid	اوزون اوپری ماحول میں پیدا ہوتا ہے جب O-2 <ans> الٹرا وایلیٹ (یووی) </ans> تابکاری کے ذریعہ O-2 کو تقسیم کرکے ایٹمی آکسیجن کے ساتھ مل جاتا ہے۔	اوزون کس روشنی کی تابکاری کو جذب کرتا ہے؟	کون سا ادارہ ٹینیسی کے ذریعہ تیار کیا جاتا ہے؟	کون سے تابکاری کو اوزون میں تقسیم کیا جاتا ہے؟
uqa_valid	زمین پر عنصر آکسیجن کے عام ایلوٹروپ کو <ans> ڈائی آکسیجن </ans> کہا جاتا ہے ، O 2.	سیارے پر آکسیجن کی سب سے عام شکل کیا ہے؟	زمین پر عام طور پر کیا ہوتا ہے؟	زمین پر عام طور پر کیا ہوتا ہے؟
uqa_valid	<ans> O2 </ans> کی بانڈ کی لمبائی 121 pm اور بانڈ کی توانائی 498 kJ · mol -1 ہے ، جو بایوسفیئر میں دیگر ڈبل بانڈز یا سنگل بانڈز کے جوڑوں کی توانائی سے چھوٹی ہے اور کسی بھی نامیاتی مالیکیول کے ساتھ O2 کے ایکسوتھرمک رد عمل کے لئے ذمہ دار ہے۔	آکسیجن کا سائنسی نام کیا ہے؟	بانڈ کی کون سی مصنوعات کی س اع اور سائیوں کی کیمیائی رد عمل ہے؟	بانڈ کی کون سی مصنوعات تیار کی جا سکتی ہے؟
uqa_valid	یہ وہ شکل ہے جو زمین کے ماحول کا ایک <ans> بڑا </ans> حصہ ہے (دیکھیں وقوع) ۔	زمین کے ماحول کا کون سا حصہ آکسیجن پر مشتمل ہے؟	زمین کا ماحول کس قسم کا حصہ ہے؟	زمین کا ماحول کس قسم کا حصہ ہے؟
uqa_valid	یہ وہ شکل ہے جو زمین کے ماحول کا <ans> ایک اہم حصہ </ans> ہے (دیکھیں وقوع) ۔	زمین کے ماحول کا کون سا حصہ آکسیجن پر مشتمل ہے؟	زمین کا ماحول کتنا ہے؟	زمین کا ماحول کتنا ہے؟
uqa_valid	اس کے <ans> توانائی کے مواد </ans> کی وجہ سے ، O2 کو زندگی کی پیچیدہ شکلوں ، جیسے جانوروں ، سیلولر سانس لینے میں استعمال کیا جاتا ہے (دیکھیں حیاتیاتی کردار) ۔	آکسیجن کی کون سی خصوصیت اسے زندگی کے لیے ضروری بناتی ہے؟	کیا یہ عنصر ہے کہ یہ ممکن ہے کہ زندگی میں زندگی کی زندگی کی شکلیں ہیں؟	کس قسم کی بیماری میں زندگی کی زندگی کا استعمال کیا جاتا ہے؟
uqa_valid	<ans> اس کی توانائی کے مواد </ans> کی وجہ سے ، O2 کو زندگی کی پیچیدہ شکلوں ، جیسے جانوروں ، سیلولر سانس لینے میں استعمال کیا جاتا ہے (دیکھیں حیاتیاتی کردار) ۔	آکسیجن کی کون سی خصوصیت اسے زندگی کے لیے ضروری بناتی ہے؟	کیا پرندے ہے کہ پرندے کی زندگی میں پیچیدہ ہے؟	کس چیز کی وجہ سے، زندگی میں زندگی کا استعمال کیا جاتا ہے؟
uqa_valid	اس کی توانائی کے مواد کی وجہ سے ، O2 کا استعمال زندگی کی پیچیدہ شکلوں ، جیسے جانوروں کے ذریعہ <ans> سیلولر سانس لینے </ans> میں کیا جاتا ہے (دیکھیں حیاتیاتی کردار) ۔	جانوروں کی زندگی میں آکسیجن کا استعمال کس مقصد کے لیے کیا جاتا ہے؟	استعمال کے استعمال کے لئے استعمال ہونے والی اصطلاح کیا ہے؟	استعمال کے اجزاء کے لئے استعمال ہونے والی اصطلاح کا استعمال کیسے کیا جاتا ہے؟
uqa_valid	اس کی توانائی کے مواد کی وجہ سے ، O2 کا استعمال زندگی کی پیچیدہ شکلوں ، جیسے جانوروں ، <ans> سیلولر سانس لینے میں </ans> (دیکھیں حیاتیاتی کردار) میں کیا جاتا ہے۔	جانوروں کی زندگی میں آکسیجن کا استعمال کس مقصد کے لیے کیا جاتا ہے؟	اشیاء کی زندگی کے مواد کا استعمال کیسے کیا جاتا ہے؟	اشیاء کا استعمال کیسے کیا جاتا ہے؟
uqa_valid	1891 میں سکاٹش کیمسٹ <ans> جیمز ڈیور </ans> مطالعہ کے لئے کافی مائع آکسیجن تیار کرنے میں کامیاب رہا۔	کون سا کیمسٹ مطالعہ کے لیے کافی مائع آکسیجن بنانے میں کامیاب رہا؟	1862 میں شوپن کی کسسٹ نے مطالعہ کی؟	1862 میں کس قسم کی مطالعہ تیار کی گئی تھی؟
uqa_valid	1891 میں سکاٹش کیمسٹ جیمز <ans> ڈیوار </ans> مطالعہ کے لئے کافی مائع آکسیجن تیار کرنے میں کامیاب رہا۔	کون سا کیمسٹ مطالعہ کے لیے کافی مائع آکسیجن بنانے میں کامیاب رہا؟	1883 میں 1883 میں کس قسم کی مطالعہ تیار کی گئی تھی؟	1883 میں کس قسم کے مطالعہ کے لئے کافی مسلسل تیار تیار کیا گیا تھا؟
uqa_valid	<ans> 1891 </ans> میں سکاٹش کیمسٹ جیمز ڈیور مطالعہ کے لئے کافی مائع آکسیجن تیار کرنے میں کامیاب رہا۔	کس سال ڈیور نے مائع آکسیجن پر تجربہ کیا؟	کس سال میں Pmmmmm مطالعہ مطالعہ کیا گیا تھا؟	کس سال سکاٹشمسٹمورم مطالعہ کیا گیا تھا؟
uqa_valid	مائع آکسیجن تیار کرنے کا پہلا تجارتی طور پر قابل عمل عمل <ans> 1895 </ans> میں جرمن انجینئر کارل وان لنڈے اور برطانوی انجینئر ولیم ہیمپسن نے آزادانہ طور پر تیار کیا تھا۔	مائع آکسیجن کو تجارتی استعمال کے لیے کب تیار کیا گیا؟	کس سال میں جرمن ایجاد تیار کرنے کا پہلا طریقہ استعمال کیا گیا تھا؟	کس سال پہلا جرمن ایجاد تیار کیا گیا تھا؟
uqa_valid	بعد میں ، 1901 میں ، <ans> اوکسیاسیٹیلین </ans> ویلڈنگ کا مظاہرہ پہلی بار ایسٹیلین اور کمپریسڈ او 2 کے مرکب کو جلا کر کیا گیا۔	کس ویلڈنگ کے عمل کا مظاہرہ 1901 میں کیا گیا تھا؟	کون سا ویل جہاز کا نظام پہلی بار ایس اوٹیلین اور مرکبڈ کے مرکب کو جلا کر دیا گیا تھا؟	20 ویں صدی کے وسط میں پہلی بار کس قسم کا ویلٹٹی استعمال کیا گیا تھا؟
uqa_valid	بعد میں ، 1901 میں ، <ans> اوکسیاسیٹیلین ویلڈنگ </ans> کا مظاہرہ پہلی بار ایسٹیلین اور کمپریسڈ او 2 کے مرکب کو جلا کر کیا گیا۔	کس ویلڈنگ کے عمل کا مظاہرہ 1901 میں کیا گیا تھا؟	کون سا ایکسپلورر جہاز کا مظاہرہ کیا؟	پہلی بار ایس ایس او اور مرکبڈ کے مرکب کو کیا جلا دیا گیا تھا؟
uqa_valid	<ans> آکسیجن </ans> نائٹروجن کے مقابلے میں پانی میں زیادہ گھلنشیل ہے۔	پانی کا کون سا جزو نائٹروجن سے زیادہ گھلنشیل ہے؟	کس قسم کے مقابلے میں زیادہ پانی زیادہ پانی ہے؟	کس قسم کے مقابلے میں پانی کے مقابلے میں زیادہ زیادہ اونچی ہے؟
uqa_valid	پانی میں آکسیجن کی گھلنشیل <ans> درجہ حرارت </ans> پر منحصر ہے ، اور 20 ° C (7.	آکسیجن کی گھلنشیلیت کس کیمیائی خصوصیت پر منحصر ہے؟	پانی کی مقدار میں کس درجہ پر منحصر ہے؟	پانی کی مقدار کس چیز پر منحصر ہے؟
uqa_valid	04 ملی لیٹر (mL) آکسیجن فی لیٹر ہوتا ہے ، جبکہ <ans> سمندری پانی </ans> میں تقریبا 4.	کس قسم کے پانی میں آکسیجن زیادہ آہستہ آہستہ تحلیل ہوتی ہے؟	کیڑے مکوڑے کس پانی میں پھیلے ہوئے ہیں؟	کیڑے مکوڑے کہاں پیدا ہوتے ہیں؟
uqa_valid	0 ملی لیٹر (50٪ 25 ° C سے زیادہ) اور <ans> سمندری پانی </ans> کے لئے 7.	کس قسم کے پانی میں آکسیجن زیادہ آہستہ آہستہ تحلیل ہوتی ہے؟	مصر میں پانی کی فراہمی کے لئے سب سے زیادہ پانی کا پانی کیا ہے؟	برما میں سب سے بڑا بارش کیا ہے؟
uqa_valid	پانی میں آکسیجن کی گھلنشیلتا درجہ حرارت پر منحصر ہے ، اور تقریبا <ans> دوگنا </ans> (14.	20 ڈگری سینٹی گریڈ کے مقابلے میں 0 ڈگری سینٹی گریڈ پر کتنی زیادہ آکسیجن تحلیل ہوتی ہے؟	پانی میں پانی کی مقدار میں کتنا اضافہ ہوا؟	پانی میں پانی کی مقدار کی درجہ حرارت کیا ہے؟
uqa_valid	پانی میں آکسیجن کی گھلنشیلتا درجہ حرارت پر منحصر ہے ، اور <ans> تقریبا دوگنا زیادہ </ans> (14.	20 ڈگری سینٹی گریڈ کے مقابلے میں 0 ڈگری سینٹی گریڈ پر کتنی زیادہ آکسیجن تحلیل ہوتی ہے؟	پانی کی درجہ حرارت پر درجہ حرارت کی درجہ حرارت کیا ہے؟	ٹکسن میں پانی کی درجہ حرارت کتنی ہے؟
uqa_valid	پانی میں آکسیجن کی گھلنشیلتا درجہ حرارت پر منحصر ہے ، اور تقریبا <ans> دوگنا زیادہ </ans> (14.	20 ڈگری سینٹی گریڈ کے مقابلے میں 0 ڈگری سینٹی گریڈ پر کتنی زیادہ آکسیجن تحلیل ہوتی ہے؟	پانی میں پانی کی مقدار میں کتنا اضافہ ہوا؟	پانی کا کتنا حصہ پانی کی درجہ حرارت پر منحصر ہے؟
uqa_valid	آکسیجن زمین کے حیاتیاتی دائرے ، ہوا ، سمندر اور زمین میں بڑے پیمانے پر <ans> سب سے زیادہ موجود </ans> کیمیائی عنصر ہے۔	سیارے کے حیاتیاتی دائرے میں آکسیجن کے بڑے پیمانے پر درجہ بندی کہاں ہے؟	زمین زمین زمین زمین پر زمین کی زمین پر کیا اثر پڑا؟	زمین زمین زمین کے زمین پر زمین کی درجہ بندی کیا ہے؟
uqa_valid	آکسیجن زمین کے حیاتیات ، ہوا ، سمندر اور زمین میں بڑے پیمانے پر <ans> سب سے زیادہ </ans> کثرت سے پایا جانے والا کیمیائی عنصر ہے۔	سیارے کے حیاتیاتی دائرے میں آکسیجن کے بڑے پیمانے پر درجہ بندی کہاں ہے؟	زمین زمین زمین پر زمین کے لحاظ سے زمین کی مقدار میں کیا پایا جاتا ہے؟	زمین زمین زمین پر زمین کی مقدار میں کیا پایا جاتا ہے؟
uqa_valid	آکسیجن ہائیڈروجن اور ہیلیم کے بعد کائنات میں <ans> تیسرا </ans> سب سے زیادہ پائے جانے والا کیمیائی عنصر ہے۔	آکسیجن کو کائنات میں کثرت سے کس طرح درجہ بندی کیا جاتا ہے؟	ہائیڈروجن کے ہائیڈروجن میں ہائیڈروجن کی درجہ بندی کہاں ہے؟	ہائیڈروجن کے ہائیڈروجن میں ہائیڈروجن کی درجہ بندی کہاں ہے؟
uqa_valid	آکسیجن ہائیڈروجن اور ہیلیم کے بعد کائنات میں <ans> تیسرا سب سے زیادہ پائے جانے والا </ans> کیمیائی عنصر ہے۔	آکسیجن کو کائنات میں کثرت سے کس طرح درجہ بندی کیا جاتا ہے؟	ہائیڈروجن اور پودوںم کے مرکب میں ہائیڈروجن کی درجہ بندی کہاں ہے؟	ہائیڈروجن کے ہائیڈروجن میں ہائیڈروجن کی درجہ بندی کیا ہے؟
uqa_valid	2٪ تشکیل دیتا ہے اور <ans> دنیا کے سمندروں </ans> کا اہم جزو ہے (88.	جہاں بڑے پیمانے پر آکسیجن ایک اہم حصہ ہے؟	زمین کا اہم عنصر کیا ہے؟	زمین کا اہم عنصر کیا ہے؟
uqa_valid	2٪ تشکیل دیتا ہے اور <ans> دنیا کے سمندروں </ans> کا بڑے پیمانے پر جزو ہے (88.	جہاں بڑے پیمانے پر آکسیجن ایک اہم حصہ ہے؟	زمین کے کس حصے میں بڑے پیمانے پر اضافہ ہوا ہے؟	کس قسم کا قدرتی وسائل پیدا ہوا ہے؟
uqa_valid	2٪ تشکیل دیتا ہے اور دنیا کے <ans> سمندروں </ans> کا بڑے پیمانے پر جزو ہے (88.	جہاں بڑے پیمانے پر آکسیجن ایک اہم حصہ ہے؟	دنیا کا کون سا علاقہ دنیا کا سب سے بڑا حصہ ہے؟	دنیا کا سب سے بڑا حصہ کیا ہے؟
uqa_valid	ان دوسرے سیاروں کے آس پاس O 2 صرف <ans> آکسیجن پر مشتمل تابکاری </ans> جیسے کاربن ڈائی آکسائیڈ سے پیدا ہوتا ہے۔	نظام شمسی کے دیگر سیاروں پر کاربن ڈائی آکسائیڈ سے آکسیجن کیسے تیار کی جاتی ہے؟	زمین کے ماحول میں کس قسم کی تابکاری پیدا کی جاتی ہے؟	زمین کے ماحول میں کس قسم کی تابکاری پیدا کی جاتی ہے؟
uqa_valid	ان دوسرے سیاروں کے آس پاس O 2 صرف <ans> آکسیجن پر مشتمل تابکاری کے اثرات سے پیدا ہوتا ہے۔ </ans>	نظام شمسی کے دیگر سیاروں پر کاربن ڈائی آکسائیڈ سے آکسیجن کیسے تیار کی جاتی ہے؟	ان کے پاس کیا ممکن ہے جو ان کے پاس اپنے ارد گرد گھومتا ہے؟	نیپچون کے آس پاسز کے پاس کیا ہوتا ہے؟
uqa_valid	<ans> 19 ویں صدی کے آخر تک </ans> سائنسدانوں کو احساس ہوا کہ ہوا کو مائع کیا جاسکتا ہے ، اور اس کے اجزاء کو الگ تھلگ کیا جاسکتا ہے ، اسے کمپریس اور ٹھنڈا کرکے۔	کس صدی تک محققین نے دیکھا کہ وہ ہوا کو مائع بنا سکتے ہیں؟	سائنسدانوں کو کب مائع کیا جا سکتا ہے؟	سائنسدانوں کو کس مائع میں مائع کیا جا سکتا ہے؟
uqa_valid	<ans> انیسویں صدی کے آخر تک </ans> سائنسدانوں کو احساس ہوا کہ ہوا کو مائع کیا جاسکتا ہے ، اور اس کے اجزاء کو الگ تھلگ کیا جاسکتا ہے ، اسے کمپریس اور ٹھنڈا کرکے۔	کس صدی تک محققین نے دیکھا کہ وہ ہوا کو مائع بنا سکتے ہیں؟	سائنسدانوں کو کب مائع کیا جا سکتا ہے؟	سائنسدانوں کو کس صدی میں مائع کیا جا سکتا ہے؟
uqa_valid	19 ویں صدی کے آخر تک سائنسدانوں کو احساس ہوا کہ ہوا کو مائع کیا جاسکتا ہے ، اور اس کے اجزاء کو الگ تھلگ کیا جاسکتا ہے ، اسے <ans> کمپریس اور ٹھنڈا </ans> کرکے۔	سائنسدان کس طرح ہوا کو مائع بنانے میں کامیاب رہے؟	انیسویں صدی کے آخر میں سائنسدانوں کو کیا ہوا؟	انیسویں صدی کے آخر میں کیا ہوا؟
uqa_valid	<ans> کاسکیڈ طریقہ </ans> کا استعمال کرتے ہوئے ، سوئس کیمیا دان اور طبیعیات دان راول پیئر پکٹیٹ نے کاربن ڈائی آکسائیڈ کو مائع کرنے کے لئے مائع سلفر ڈائی آکسائیڈ کو بخارات میں تبدیل کردیا ، جو اس کے نتیجے میں آکسیجن گیس کو مائع کرنے کے لئے کافی ٹھنڈا کرنے کے لئے بخارات میں تبدیل ہوگیا۔	سائنسدان کس طرح ہوا کو مائع بنانے میں کامیاب رہے؟	سوئس سلولاب کے کاربن ڈائی الیکٹرک کو کس چیز نے تبدیل کیا؟	سلول سلول نے کس پانی کا استعمال کیا؟
uqa_valid	19 ویں صدی کے آخر تک سائنسدانوں کو احساس ہوا کہ ہوا کو مائع کیا جاسکتا ہے ، اور اس کے اجزاء کو الگ تھلگ کیا جاسکتا ہے ، <ans> اس کو کمپریس اور ٹھنڈا کرکے </ans> ۔	سائنسدان کس طرح ہوا کو مائع بنانے میں کامیاب رہے؟	انیسویں صدی کے آخر میں سائنسدانوں کو کیا اجزاء کی ضرورت ہے؟	انیسویں صدی کے آخر میں سائنسدانوں کو کس طرح تقسیم کیا جاتا ہے؟
uqa_valid	ایک جھرن والے طریقہ کار کا استعمال کرتے ہوئے ، سوئس کیمسٹ اور طبیعیات دان <ans> راول پیئر پکٹیٹ </ans> نے کاربن ڈائی آکسائیڈ کو مائع کرنے کے لئے مائع سلفر ڈائی آکسائیڈ کو بخارات میں تبدیل کردیا ، جو اس کے نتیجے میں آکسیجن گیس کو مائع کرنے کے لئے کافی ٹھنڈا کرنے کے لئے بخارات میں تبدیل ہوگیا۔	کس سائنسدان نے فرانسیسی اکیڈمی آف سائنسز کو بتایا کہ اس نے آکسیجن کو مائع بنانے کا طریقہ دریافت کیا ہے؟	کاربن ڈائی آکسائیڈ کو مائع کرنے کے لئے مائع کے استعمال میں مائع کی مقدار میں اضافے کا سبب کیا تھا؟	کاربن ڈائی آکسائیڈ کو کس نے تبدیل کیا؟
uqa_valid	ایک جھرن والے طریقہ کار کا استعمال کرتے ہوئے ، سوئس کیمسٹ اور طبیعیات دان راول <ans> پیئر پکٹیٹ </ans> نے کاربن ڈائی آکسائیڈ کو مائع کرنے کے لئے مائع سلفر ڈائی آکسائیڈ کو بخارات میں تبدیل کردیا ، جو اس کے نتیجے میں آکسیجن گیس کو مائع کرنے کے لئے کافی ٹھنڈا کرنے کے لئے بخارات میں تبدیل ہوگیا۔	کس سائنسدان نے فرانسیسی اکیڈمی آف سائنسز کو بتایا کہ اس نے آکسیجن کو مائع بنانے کا طریقہ دریافت کیا ہے؟	کاربن ڈائی آکسائیڈ کو مائع کرنے کے لئے مائع کے استعمال کو مائع کرنے کے لئے کس مائع نے گھل ڈائی آکسائیڈ کو تبدیل کیا؟	کاربن ڈائی آکسائیڈ کو کس نے تبدیل کیا؟
uqa_valid	ایک کاسکیڈ طریقہ استعمال کرتے ہوئے ، سوئس کیمسٹ اور طبیعیات دان راول پیئر <ans> پکٹٹ </ans> نے کاربن ڈائی آکسائیڈ کو مائع کرنے کے لئے مائع سلفر ڈائی آکسائیڈ کو بخارات میں تبدیل کردیا ، جو اس کے نتیجے میں آکسیجن گیس کو مائع کرنے کے لئے کافی ٹھنڈا کرنے کے لئے بخارات میں تبدیل ہوگیا۔	کس سائنسدان نے فرانسیسی اکیڈمی آف سائنسز کو بتایا کہ اس نے آکسیجن کو مائع بنانے کا طریقہ دریافت کیا ہے؟	کاربن ڈائی آکسائیڈ اور راسل کے ساتھ ساتھ، کس نے کاربن ڈائی آکسائیڈ کو مائع کرنے میں مدد کی؟	کاربن ڈائی آکسائیڈ کو کس نے تبدیل کیا؟
uqa_valid	کسی بھی صورت میں مائع کے صرف <ans> کچھ قطرے </ans> تیار کیے گئے تھے لہذا کوئی معنی خیز تجزیہ نہیں کیا جاسکتا تھا۔	ابتدائی فرانسیسی تجربہ کاروں نے کتنی چھوٹی مقدار میں مائع آکسیجن تیار کی تھی؟	مائع کے مائع کے مطابق، کیا کوئی بھی نہیں تھا جس میں کوئی بھی کوئی بھی نہیں نہیں نہیں تھیں؟	مائع میں مائع کی وجہ سے کیا تیار کیا جا سکتا ہے؟
uqa_valid	کسی بھی صورت میں مائع کے <ans> صرف چند قطرے </ans> تیار کیے گئے تھے لہذا کوئی معنی خیز تجزیہ نہیں کیا جاسکتا تھا۔	ابتدائی فرانسیسی تجربہ کاروں نے کتنی چھوٹی مقدار میں مائع آکسیجن تیار کی تھی؟	مائع کے مائع کے بارے میں کیا کہا جا سکتا ہے کہ وہ بھی موجود نہیں تھا؟	مائع کے مائع کے بارے میں کیا خیال کیا جا سکتا ہے؟
uqa_valid	آکسیجن کو پہلی بار <ans> 29 مارچ ، 1883 </ans> پر پولش سائنسدانوں کی طرف سے مائع کردیا گیا۔	کس تاریخ کو آکسیجن کو مستحکم شکل میں مائع کیا گیا تھا؟	پولش سائنسدانوں نے پہلی بار کس تاریخ پر پولش پال کی تاریخ کو توڑ دیا؟	پولش سائنسدانوں نے پہلی بار کب ملاقات کی؟
uqa_valid	خلا میں شمسی ہوا کے سامنے ایک سلیکون ویفر کا تجزیہ اور گرے ہوئے جینیسس خلائی جہاز کے ذریعہ واپس کیا گیا ہے اس سے پتہ چلتا ہے کہ سورج میں زمین کے مقابلے میں <ans> آکسیجن 16 </ans> کا زیادہ تناسب ہے۔	سورج میں زمین کے مقابلے میں کس مالیکیول کا تناسب زیادہ ہے؟	سورج میں زمین کے مقابلے میں زمین کا کتنا حصہ اس کا حصہ ہے؟	سورج کی زمین کے مقابلے میں زمین کے مقابلے میں زیادہ سے زیادہ تناسب کیا ہے؟
uqa_valid	خلا میں شمسی ہوا کے سامنے ایک سلیکون ویفر کا تجزیہ اور گر کر تباہ ہونے والے <ans> جنیس خلائی جہاز </ans> کے ذریعہ واپس کیا گیا ہے اس سے پتہ چلتا ہے کہ سورج میں زمین کے مقابلے میں آکسیجن 16 کا زیادہ تناسب ہے۔	کون سا خلائی جہاز سورج میں آکسیجن کی مقدار کا تعین کرنے کے لئے اعداد و شمار پر مشتمل تھا؟	شمسی توانائی کے ساتھ ساتھ، کون سا طیارہ ماؤنٹ ای ایس ویفر کا ایک حصہ ہے؟	شمسی توانائی کے ساتھ ساتھ، کون سا طیارے سورج کی زمین پر مشتمل ہے؟
uqa_valid	خلا میں شمسی ہوا کے سامنے ایک سلیکون ویفر کا تجزیہ اور گرے ہوئے <ans> پیدائش </ans> خلائی جہاز کے ذریعہ واپس کیا گیا ہے اس سے پتہ چلتا ہے کہ سورج میں زمین کے مقابلے میں آکسیجن 16 کا زیادہ تناسب ہے۔	کون سا خلائی جہاز سورج میں آکسیجن کی مقدار کا تعین کرنے کے لئے اعداد و شمار پر مشتمل تھا؟	کون سا آلہ اس کے بارے میں ایک بابکون ویفر کا تجزیہ کرتا ہے؟	کس قسم کا جہاز خلا میں زمین کے بارے میں فکر مند ہے؟
uqa_valid	پیمائش سے پتہ چلتا ہے کہ ایک <ans> نامعلوم </ans> عمل نے زمین کی تشکیل کرنے والے دھول کے اناجوں کے انضمام سے پہلے سورج کے پروٹوپلینیٹری مواد کی ڈسک سے آکسیجن 16 کو ختم کردیا۔	سورج کی آکسیجن 16 کی کمی میں کس قسم کا عمل شامل تھا؟	زمین کی تشکیل کے لیے کس قسم کی عمل کا استعمال کیا گیا تھا؟	زمین کی تشکیل کے لیے کون سا عمل استعمال کیا گیا تھا؟
uqa_valid	پیمائش سے پتہ چلتا ہے کہ <ans> ایک نامعلوم عمل </ans> نے زمین کی تشکیل کرنے والے دھول کے اناجوں کے انضمام سے پہلے سورج کے پروٹوپلینیٹری مواد کی ڈسک سے آکسیجن 16 کو ختم کردیا۔	سورج کی آکسیجن 16 کی کمی میں کس قسم کا عمل شامل تھا؟	زمین کی تشکیل کے لئے کیا استعمال کیا گیا تھا؟	زمین کی تشکیل کی وجہ سے کیا ہٹا دیا گیا تھا؟
uqa_valid	پیمائش سے پتہ چلتا ہے کہ ایک نامعلوم عمل نے <ans> زمین </ans> کی تشکیل کرنے والے دھول کے اناجوں کے انضمام سے پہلے سورج کی پروٹوپلینیٹری مواد کی ڈسک سے آکسیجن 16 کو ختم کردیا۔	کس سیارے کی تشکیل سے پہلے، کیا سول نے آکسیجن 16 کھو دیا؟	ایک rocroctroct کی طرف سے تشکیل دیا گیا تھا کہ کیا ایک جزو کی طرف سے محفوظ کیا گیا تھا؟	اس عمل کا نام کیا ہے جس کی وجہ سے پتہ چلتا ہے؟
uqa_valid	<ans> سنگلیٹ </ans> آکسیجن مالیکیولر O 2 کی کئی اعلی توانائی کی پرجاتیوں کو دیا جانے والا ایک نام ہے جس میں تمام الیکٹران اسپن جوڑے ہوئے ہیں۔	آکسیجن کی ایک ایسی شکل کا نام کیا ہے جس میں الیکٹرانوں کا جوڑا ہوتا ہے؟	کون سا عنصر اس کی توانائی کی پرجاتیوں کو اعلی سطح پر مشتمل ہے؟	کس قسم کی میموری والی پرجاتیوں کی پرجاتیوں کو غلبہ رکھتی ہے؟
uqa_valid	<ans> سنگلیٹ آکسیجن </ans> مالیکیولر O 2 کی کئی اعلی توانائی کی پرجاتیوں کو دیا گیا ایک نام ہے جس میں تمام الیکٹران اسپن جوڑے ہوئے ہیں۔	آکسیجن کی ایک ایسی شکل کا نام کیا ہے جس میں الیکٹرانوں کا جوڑا ہوتا ہے؟	کون سا گروپ انتہائی مخلوقات کی پرجاتیوں کو پرجاتیوں کے طور پر درج کرتا ہے؟	کس قسم کی میموری والی پرجاتیوں کی سب سے زیادہ مقدار میں ہے؟
uqa_valid	یہ مالیکیولر آکسیجن کے مقابلے میں عام <ans> نامیاتی مالیکیولز </ans> کے خلاف بہت زیادہ رد عمل کا حامل ہے۔	سنگل آکسیجن کس چیز پر زیادہ رد عمل ظاہر کرتا ہے؟	لکڑی کے مقابلے میں زیادہ تر کیمیائی رد عمل کس چیز کے خلاف رد عمل کا رد عمل ہے؟	لکڑی کے مقابلے میں عام طور پر زیادہ رد عمل کیا ہے؟
uqa_valid	یہ مالیکیولر آکسیجن کے مقابلے میں <ans> عام نامیاتی مالیکیولز </ans> کی طرف بہت زیادہ رد عمل کا حامل ہے۔	سنگل آکسیجن کس چیز پر زیادہ رد عمل ظاہر کرتا ہے؟	زیادہ تر حالات میں زیادہ رد عمل کیا ہے؟	لکڑی کے مقابلے میں زیادہ رد عمل کیا ہے؟
uqa_valid	فطرت میں ، سنگل آکسیجن عام طور پر سورج کی روشنی کی توانائی کا استعمال کرتے ہوئے ، <ans> فوٹو سنتھیسس </ans> کے دوران پانی سے تشکیل پاتی ہے۔	عام طور پر سنگل آکسیجن کس عمل میں بنتی ہے؟	فطرت میں، سورج کی روشنی کی تشکیل کا استعمال کس چیز سے تشکیل دیا جاتا ہے؟	فطرت میں سورج کی روشنی کا استعمال کرتے ہوئے کیا تشکیل دیا جاتا ہے؟
uqa_valid	یہ مختصر طول موج کی روشنی کے ذریعہ <ans> اوزون کے فوٹولیسس </ans> کے ذریعہ اور مدافعتی نظام کے ذریعہ فعال آکسیجن کے ذریعہ بھی تیار کیا جاتا ہے۔	ٹروپوفیر میں سنگل آکسیجن کس عمل سے بنائی جاتی ہے؟	مختصر لہر کی روشنی کی طرف سے تیار کردہ روشنی کی روشنی کی ذریعہ کیا ہے؟	مختصر لہر کی روشنی کی طرف سے تیار کردہ روشنی کی روشنی کی ذریعہ کیا ہے؟
uqa_valid	یہ ٹروپوسفیئر میں <ans> مختصر طول موج کی روشنی کے ذریعہ اوزون کے فوٹولیسس </ans> کے ذریعہ اور مدافعتی نظام کے ذریعہ فعال آکسیجن کے ذریعہ بھی تیار کیا جاتا ہے۔	ٹروپوفیر میں سنگل آکسیجن کس عمل سے بنائی جاتی ہے؟	ٹروڈوسفیئر کس چیز ذریعہ تیار کرتا ہے؟	ٹروڈوسفیئر کس چیز ذریعہ تیار کرتا ہے؟
uqa_valid	یہ مختصر طول موج کی روشنی کے ذریعہ اوزون کے <ans> فوٹولیسس </ans> کے ذریعہ اور مدافعتی نظام کے ذریعہ فعال آکسیجن کے ذریعہ بھی تیار کیا جاتا ہے۔	ٹروپوفیر میں سنگل آکسیجن کس عمل سے بنائی جاتی ہے؟	مختصر لہر کی روشنی کے ذریعہ اوزون کی طرف سے تیار کردہ روشنی کی روشنی کی ذریعہ کیا ہے؟	مختصر لہر کی روشنی کے ذریعہ اوزون کے ذریعہ تیار کردہ اوزون کا ذریعہ کیا ہے؟
uqa_valid	فوٹو سنتھیسٹک حیاتیات (اور ممکنہ طور پر جانوروں میں بھی) میں <ans> کیروٹینائڈس </ans> سنگل آکسیجن سے توانائی کو جذب کرنے اور ٹشووں کو نقصان پہنچانے سے پہلے اسے غیر متحرک زمین کی حالت میں تبدیل کرنے میں اہم کردار ادا کرتے ہیں۔	حیاتیات میں کون سی اشیاء نقصان کو روکنے کے لئے سنگل آکسیجن کو جذب کرتی ہیں؟	فوٹو سنتھیس حیاتیات کو جذب کرنے کے لئے کیا استعمال کرتے ہیں؟	فوٹو سنتھیس میں حیاتیات کو جذب کرنے میں کیا مدد کرتا ہے؟
uqa_valid	<ans> پالیوکلیماٹولوجسٹ </ans> سمندری حیاتیات کے شیلوں اور کنکالوں میں آکسیجن 18 اور آکسیجن 16 کے تناسب کی پیمائش کرتے ہیں تاکہ یہ طے کیا جاسکے کہ لاکھوں سال پہلے آب و ہوا کیسی تھی (آکسیجن آئسوٹوپ تناسب سائیکل دیکھیں) ۔	سائنسدانوں کا کون سا گروپ سمندری جانوروں میں آکسیجن کی مقدار کی پیمائش کرنے کی کوشش کرتا ہے؟	سمندری حیاتیات کے کس مرحلے میں سمندری زندگی کے دوران اور 1673 میں پیدا ہوا ہے؟	کون سا سمندری حیاتیات سب سے پہلے آب و ہوا کا تعین کرتا ہے؟
uqa_valid	قدیم آب و ہوا کے ماہرین سمندری حیاتیات کے شیلوں اور کنکالوں میں آکسیجن 18 اور آکسیجن 16 کے تناسب کی پیمائش کرتے ہیں تاکہ یہ طے کیا جاسکے کہ لاکھوں سال پہلے <ans> آب و ہوا </ans> کیسی تھی (دیکھیں آکسیجن آئسوٹوپ تناسب سائیکل) ۔	قدیم آب و ہوا کے ماہرین موسم کی کس خصوصیت کے بارے میں معلومات چاہتے ہیں ؟	سال میں کس قسم کی آب و ہوا کی پیمائش کی گئی تھی؟	پہلے سال میں کس قسم کی آب وسی تھی؟
uqa_valid	یہ عدم مساوات کم <ans> درجہ حرارت </ans> پر بڑھ جاتی ہے۔	قدیم آب و ہوا کے ماہرین موسم کی کس خصوصیت کے بارے میں معلومات چاہتے ہیں ؟	ایک فائل کے لئے ایک اور کم درجہ حرارت کیا ہے؟	عدم مساوات کی عدم مساوات کا تعین کس چیز پر کیا جاتا ہے؟
uqa_valid	قدیم آب و ہوا کے ماہرین سمندری حیاتیات کے شیلوں اور کنکالوں میں آکسیجن 18 اور آکسیجن 16 کے تناسب کی پیمائش کرتے ہیں تاکہ یہ طے کیا جاسکے کہ <ans> لاکھوں سال پہلے آب و ہوا کیسی تھی </ans> (آکسیجن آئسوٹوپ تناسب سائیکل ملاحظہ کریں) ۔	قدیم آب و ہوا کے ماہرین موسم کی کس خصوصیت کے بارے میں معلومات چاہتے ہیں ؟	قدیم زمین کے ماہرین کے ذرائع کے ذرائع کی درجہ بندی کیا ہے؟	قدیم یونان کی آب و ہوا کی درجہ بندی کیا ہے؟
uqa_valid	سمندری پانی کے مالیکیول جن میں ہلکا آئسوٹوپ ، آکسیجن 16 ہوتا ہے وہ پانی کے مالیکیولوں کے مقابلے میں تھوڑا سا تیز رفتار سے بخارات بن جاتے ہیں جن میں <ans> 12٪ </ans> بھاری آکسیجن 18 ہوتا ہے۔	آکسیجن 18 آکسیجن 16 سے کتنا بھاری ہے؟	پانی کے مقابلے میں پانی کے مقابلے میں پانی کا کتنا فیصد ماحول میں ہے؟	سمندری پانی کے مقابلے میں پانی کے مقابلے میں برفانی پانی کے مقابلے میں پانی کا کتنا فیصد گر جاتا ہے؟
uqa_valid	کم عالمی درجہ حرارت کے دوران ، اس بخارات والے پانی سے برف اور بارش آکسیجن 16 میں زیادہ ہوتی ہے ، اور پیچھے رہ جانے والا سمندری پانی <ans> آکسیجن 18 </ans> میں زیادہ ہوتا ہے۔	سمندری جانور کس قسم کی آکسیجن زیادہ مقدار میں حاصل کرتے ہیں جب آب و ہوا ٹھنڈی ہوتی ہے؟	پانی کے پانی کے پانی کی فراہمی کس سال میں ہوتی ہے؟	پانی کے پانی کے پانی کی فراہمی کس سال میں ہوتی ہے؟
uqa_valid	کم عالمی درجہ حرارت کے دوران ، اس بخارات والے پانی سے برف اور بارش میں <ans> آکسیجن 16 </ans> زیادہ ہوتا ہے ، اور پیچھے رہ جانے والا سمندری پانی آکسیجن 18 میں زیادہ ہوتا ہے۔	سمندری جانور کس قسم کی آکسیجن زیادہ مقدار میں حاصل کرتے ہیں جب آب و ہوا ٹھنڈی ہوتی ہے؟	درجہ حرارت کے پانی کے ساتھ ساتھ، کتنے پانی کے پانی کے پانی کے نیچے بادلوں میں زیادہ گرم ہوتا ہے؟	درجہ حرارت کے پانی کے ساتھ ساتھ، میامی میں کتنی بارش ہوتی ہے؟
uqa_valid	<ans> کم عالمی درجہ حرارت </ans> کے ادوار کے دوران ، اس بخارات والے پانی سے برف اور بارش آکسیجن 16 میں زیادہ ہوتی ہے ، اور پیچھے رہ جانے والا سمندری پانی آکسیجن 18 میں زیادہ ہوتا ہے۔	کس قسم کی آب و ہوا کے دوران سمندر کے پانی میں آکسیجن 18 کی سطح زیادہ ہوتی ہے؟	کس درجہ حرارت کے دوران پانی کے پانی کی درجہ حرارت ہوتی ہے؟	کس درجہ حرارت کے دوران پانی کی بخارات بادل ہوتی ہے؟
uqa_valid	<ans> کم عالمی درجہ حرارت کے ادوار </ans> کے دوران ، اس بخارات کے پانی سے برف اور بارش آکسیجن 16 میں زیادہ ہوتی ہے ، اور پیچھے رہ جانے والا سمندری پانی آکسیجن 18 میں زیادہ ہوتا ہے۔	کس قسم کی آب و ہوا کے دوران سمندر کے پانی میں آکسیجن 18 کی سطح زیادہ ہوتی ہے؟	پانی کے پانی کے پانی کے لئے زیادہ درجہ حرارت کیا ہے؟	پانی کے پانی میں پانی کی درجہ حرارت کیا ہے؟
uqa_valid	یہ تفاوت <ans> کم درجہ حرارت </ans> پر بڑھتا ہے۔	کس قسم کی آب و ہوا کے دوران سمندر کے پانی میں آکسیجن 18 کی سطح زیادہ ہوتی ہے؟	تفاوت کس چیز پر واقع ہے؟	تفاوت کس چیز پر واقع ہے؟
uqa_valid	آکسیجن دو سپیکٹرو فوٹو میٹرک جذب بینڈ پیش کرتا ہے جو لہر کی لمبائی <ans> 687 اور 760 این ایم </ans> پر چوٹی پر ہوتا ہے۔	کس طول موج پر سپیکٹروفوٹومیٹرک بینڈ کی چوٹی ہوتی ہے؟	دو دو قسم کے بینڈ پر لہر کی لمبائی کی لمبائی کیا ہے؟	دو قسم کی دو لہریں کیا ہیں؟
uqa_valid	لیکن یہ عالمی پیمانے پر سیٹلائٹس سے <ans> کاربن سائیکل </ans> کی نگرانی کا ایک ممکنہ طریقہ تجویز کیا گیا ہے۔	کس واقعے کی نگرانی کے لئے پودوں سے تابکاری کی پیمائش معلومات فراہم کرے گی؟	کون سا منصوبہ بند کرس کی نگرانی کرتا ہے؟	کس قسم کی جانچ پڑتال کی منصوبہ بندی کی گئی ہے؟
uqa_valid	کچھ ریموٹ سینسنگ سائنسدانوں نے ان بینڈوں میں پودوں کی چھتریوں سے آنے والی تابکاری کی پیمائش کا استعمال کرتے ہوئے سیٹلائٹ پلیٹ فارم سے <ans> پودوں کی صحت کی حیثیت </ans> کی خصوصیات پیش کرنے کی تجویز پیش کی ہے۔	کس واقعے کی نگرانی کے لئے پودوں سے تابکاری کی پیمائش معلومات فراہم کرے گی؟	کچھ سائنسدانوں نے تابکاری کی پیمائش کی پیمائش کی پیمائش کی پیمائش کی پیمائش کی پیمائش کی پیمائش کی پیمائش کرنے کے لئے کیا استعمال کیا؟	کچھ سائنسدان کس چیز کی خصوصیت کی پیمائش کرتے ہیں؟
uqa_valid	لیکن اسے عالمی پیمانے پر سیٹلائٹس سے <ans> کاربن سائیکل </ans> کی نگرانی کا ایک ممکنہ طریقہ کے طور پر تجویز کیا گیا ہے۔	کس واقعے کی نگرانی کے لئے پودوں سے تابکاری کی پیمائش معلومات فراہم کرے گی؟	کون سا کردار اس کی عالمی سطح پر ایک ممکنہ طور پر ایک ممکنہ مصنوعات کا نام ہے؟	کس قسم کی جانچ پڑتال کی منصوبہ بندی کی جاتی ہے؟
uqa_valid	کچھ ریموٹ سینسنگ سائنسدانوں نے ان بینڈوں میں پودوں کی چھتریوں سے آنے والی تابکاری کی پیمائش کا استعمال کرتے ہوئے <ans> سیٹلائٹ پلیٹ فارم </ans> سے پودوں کی صحت کی حیثیت کی خصوصیات پیش کرنے کی تجویز پیش کی ہے۔	سائنسدان پودوں کی تابکاری کو کہاں سے ماپنا چاہتے ہیں؟	کچھ سائنسدان کس چیز سے صحت کی تجویز کرتے ہیں؟	کچھ سائنسدان کس چیز سے بنے ہوتے ہیں؟
uqa_valid	لیکن یہ عالمی پیمانے پر <ans> سیٹلائٹس </ans> سے کاربن سائیکل کی نگرانی کا ایک ممکنہ طریقہ تجویز کیا گیا ہے۔	سائنسدان پودوں کی تابکاری کو کہاں سے ماپنا چاہتے ہیں؟	کون سا سائیکل سائیکل کی عالمی سطح پر ایک سائیکل شدہ مقام ہے؟	سینٹ بارٹس میں سائیکل کی نگرانی کون کرتا ہے؟
uqa_valid	کچھ ریموٹ سینسنگ سائنسدانوں نے ان بینڈوں میں پودوں کی چھتریوں سے آنے والی تابکاری کی پیمائش کا استعمال کرتے ہوئے <ans> سیٹلائٹ </ans> پلیٹ فارم سے پودوں کی صحت کی حیثیت کی خصوصیات پیش کرنے کی تجویز پیش کی ہے۔	سائنسدان پودوں کی تابکاری کو کہاں سے ماپنا چاہتے ہیں؟	کچھ سائنسدان پودوں کی پودے کس قسم کی پلیٹ فارم کی پیش گوئی کی جا سکتی ہے؟	کچھ سائنسدان کس قسم کی پلیٹ فارم سے صحت کی صحت کی پیش گوئی کرتے ہیں؟
uqa_valid	لیکن اسے <ans> عالمی </ans> پیمانے پر سیٹلائٹ سے کاربن سائیکل کی نگرانی کا ایک ممکنہ طریقہ کے طور پر تجویز کیا گیا ہے۔	سائنسدان پودوں کی پیمائش کس پیمانے پر دکھائیں گے؟	آپ کو سائیکل کی نگرانی کے لئے ایک طریقہ کیا ہے؟	کس قسم کے پیمانے پر سیٹلائٹ سائیکل کی نگرانی کا ایک طریقہ استعمال کیا گیا ہے؟
uqa_valid	لیکن اسے <ans> عالمی پیمانے پر </ans> سیٹلائٹ سے کاربن سائیکل کی نگرانی کا ایک ممکنہ طریقہ کے طور پر تجویز کیا گیا ہے۔	سائنسدان پودوں کی پیمائش کس پیمانے پر دکھائیں گے؟	سیٹلائٹ کی سائیکل کی نگرانی کے لئے ایک اور طریقہ کیا ہے؟	اس عمل کو کیا کہا جاتا ہے جس کی وجہ سے سائیکل سائیکل کی نگرانی کی گئی ہے؟
uqa_valid	کچھ <ans> ریموٹ سینسنگ </ans> سائنسدانوں نے ان بینڈوں میں پودوں کی چھتریوں سے آنے والی تابکاری کی پیمائش کا استعمال کرتے ہوئے سیٹلائٹ پلیٹ فارم سے پودوں کی صحت کی حیثیت کی خصوصیات پیش کرنے کی تجویز پیش کی ہے۔	سائنسدان عالمی تابکاری کی پیمائش کے لئے کس قسم کے سینسنگ کا استعمال کرنا پسند کرتے ہیں؟	کون سا سائنسدان ان کی خصوصیات کی پیمائش کی پیمائش کی پیمائش کی پیمائش کی پیمائش کی پیش گوئی کی جارہی ہے؟	کس سائنسدان نے ان کی خصوصیات کی خصوصیات کی پیمائش کی؟
uqa_valid	کچھ <ans> ریموٹ </ans> سینسنگ سائنسدانوں نے ان بینڈوں میں پودوں کی چھتریوں سے آنے والی تابکاری کی پیمائش کا استعمال کرتے ہوئے سیٹلائٹ پلیٹ فارم سے پودوں کی صحت کی حیثیت کی خصوصیات پیش کرنے کی تجویز پیش کی ہے۔	سائنسدان عالمی تابکاری کی پیمائش کے لئے کس قسم کے سینسنگ کا استعمال کرنا پسند کرتے ہیں؟	کون سی سینس بیرونی خصوصیات نے بیرونی خصوصیات کی پیمائش کی پیمائش کی؟	سینسنگ سائنسدانوں نے شمسی تابکاری کی پیمائش کی پیمائش کرنے کے لئے کیا استعمال کیا؟
uqa_valid	ٹرپلٹ شکل میں ، O 2 مالیکیول <ans> پیرا مقناطیسی </ans> ہوتے ہیں۔	ٹرپلٹ O2 کی کیا مقناطیسی خصوصیت ہے؟	شکل میں شکل میں کیا ہوتا ہے؟	شکل میں شکل میں کیا ہوتا ہے؟
uqa_valid	<ans> مائع آکسیجن </ans> ایک مقناطیس کی طرف کافی حد تک راغب ہوتا ہے کہ ، لیبارٹری مظاہروں میں ، مائع آکسیجن کا ایک پل ایک طاقتور مقناطیس کے قطبوں کے مابین اپنے وزن کے خلاف تعاون کیا جاسکتا ہے۔	تجربات میں، کس عنصر کا ایک پل مقناطیس کے قطبوں کے درمیان بنایا جا سکتا ہے؟	مقناطیس کی معقطیس کی وجہ سے کیا ہوتا ہے؟	ایک مققطیس مقطیس مقطیس مقطیس مقطیس مقطیس مقطیس مقطیس مقطیس مق
uqa_valid	مائع آکسیجن ایک مقناطیس کی طرف کافی حد تک راغب ہوتا ہے کہ ، لیبارٹری مظاہروں میں ، <ans> مائع آکسیجن </ans> کا ایک پل ایک طاقتور مقناطیس کے قطبوں کے مابین اپنے وزن کے خلاف تعاون کیا جاسکتا ہے۔	تجربات میں، کس عنصر کا ایک پل مقناطیس کے قطبوں کے درمیان بنایا جا سکتا ہے؟	ایک مقناطیس مقطیس مقطیس مقطیس مقطیس مقطیس مقطیس مقطیس کے درمیان ایک ہم آہنگ کیا	ایک مقناطیس مقطیس مقطیس مقطیس مقطیس مقطیس مقطیس مقطیس مقطیس مق
uqa_valid	مائع آکسیجن ایک مقناطیس کی طرف کافی حد تک راغب ہوتا ہے کہ ، لیبارٹری مظاہروں میں ، مائع <ans> آکسیجن </ans> کا ایک پل ایک طاقتور مقناطیس کے قطبوں کے مابین اپنے وزن کے خلاف تعاون کیا جاسکتا ہے۔	تجربات میں، کس عنصر کا ایک پل مقناطیس کے قطبوں کے درمیان بنایا جا سکتا ہے؟	مائع کی معقطیس کے درمیان ایک اور مققناطیس کیا ہے؟	مائع کی ایک معقطیس مقطیس مقطیس مقطیس مقطیس مقطیس مقطیس مقطیس مقطیس
uqa_valid	یعنی ، جب وہ مقناطیسی میدان کی موجودگی میں ہوتا ہے تو وہ آکسیجن کو مقناطیسی کردار دیتے ہیں ، کیونکہ مالیکیول میں <ans> غیر جوڑے والے الیکٹرانوں </ans> کے اسپن مقناطیسی لمحات ، اور پڑوسی O 2 مالیکیول کے مابین منفی تبادلہ توانائی۔	آکسیجن کے مالیکیولوں پر مقناطیسی اثر پیدا کرنے والا کس چیز کا گھومنا؟	مقناطیسی میدان میں مقناطیسی میدان میں مقناطیسی جذبات کی مقدار میں اضافے کے لئے کیا استعمال کیا جاتا ہے؟	مقناطیسی میدان میں مقناطیسی میدان کے مقناطیسی شعبوں کو کیا کہا جاتا ہے؟
uqa_valid	یعنی ، جب وہ مقناطیسی میدان کی موجودگی میں ہوتے ہیں تو وہ آکسیجن کو مقناطیسی کردار دیتے ہیں ، کیونکہ <ans> مالیکیول میں غیر جوڑے والے الیکٹرانوں </ans> کے اسپن مقناطیسی لمحات ، اور پڑوسی O 2 مالیکیول کے مابین منفی تبادلہ توانائی۔	آکسیجن کے مالیکیولوں پر مقناطیسی اثر پیدا کرنے والا کس چیز کا گھومنا؟	مقناطیسی میدان میں مقناطیسی میدان کے مقناطیسی میدان میں کیا تبدیلی آئی؟	مقناطیسی میدان میں مقناطیسی میدان کے مقناطیسی میدان کو کیا کہا جاتا ہے؟
uqa_valid	یعنی ، جب وہ <ans> مقناطیسی میدان </ans> کی موجودگی میں ہوتا ہے تو وہ آکسیجن کو مقناطیسی کردار دیتے ہیں ، کیونکہ مالیکیول میں غیر جوڑے والے الیکٹرانوں کے اسپن مقناطیسی لمحات ، اور پڑوسی O 2 مالیکیول کے مابین منفی تبادلہ توانائی۔	آکسیجن مالیکیولز میں مقناطیسی اثر پیدا کرنے کے لئے کس قسم کے میدان کی ضرورت ہے؟	کیا ایک موجودگی کے دوران ایک اور غیر موجودگی کے طور پر دیکھا جاتا ہے؟	کس قسم کی موجودگی کی موجودگی میں موجودگی کو ظاہر کرنے میں مدد کی جاتی ہے؟
uqa_valid	یعنی ، جب وہ مقناطیسی میدان کی موجودگی میں ہوتا ہے تو وہ آکسیجن کو مقناطیسی کردار دیتے ہیں ، کیونکہ مالیکیول میں غیر جوڑے والے الیکٹرانوں کے اسپن <ans> مقناطیسی </ans> لمحات ، اور پڑوسی O 2 مالیکیول کے مابین منفی تبادلہ توانائی۔	آکسیجن مالیکیولز میں مقناطیسی اثر پیدا کرنے کے لئے کس قسم کے میدان کی ضرورت ہے؟	غیر موجودگی کے غیر موجودگی کے ساتھ کیا ہوتا ہے؟	مقناطیسی میدان میں غیر موجودگی غیر موجودگی کے طور پر کیا استعمال کیا جاتا ہے؟
uqa_valid	یعنی ، جب وہ <ans> مقناطیسی </ans> میدان کی موجودگی میں ہوتا ہے تو وہ آکسیجن کو مقناطیسی کردار دیتے ہیں ، کیونکہ مالیکیول میں غیر جوڑے والے الیکٹرانوں کے اسپن مقناطیسی لمحات ، اور پڑوسی O 2 مالیکیول کے مابین منفی تبادلہ توانائی۔	آکسیجن مالیکیولز میں مقناطیسی اثر پیدا کرنے کے لئے کس قسم کے میدان کی ضرورت ہے؟	کیا موجودگی کی موجودگی میں موجودگی کے مقناطیسی میدان میں مقناطیسی جذبات کو ظاہر کرنے کے لئے مقناطیسی میدان میں مقناطیسی میدان میں اضافہ ہوتا ہے؟	کس قسم کی موجودگی موجودگی کی موجودگی میں موجودگی کو ظاہر کرتی ہے؟
uqa_valid	مائع آکسیجن ایک مقناطیس کی طرف کافی حد تک راغب ہوتا ہے کہ ، لیبارٹری مظاہروں میں ، مائع آکسیجن کا ایک پل <ans> طاقتور مقناطیس </ans> کے قطبوں کے مابین اپنے وزن کے خلاف تعاون کیا جاسکتا ہے۔	مائع آکسیجن میں شامل مقناطیسی کششوں کو جانچنے کے لئے کون سا آلہ استعمال کیا جاتا ہے؟	مائع کے درمیان ایک مائع کے طور پر کس مائع کے قطب کے خلاف مزاحمت کی جا سکتی ہے؟	مائع کی وجہ سے مائع مائع کے درمیان کس مائع کے قطب کے خلاف مزاحمت کی جا سکتی ہے؟
uqa_valid	مائع آکسیجن ایک مقناطیس کی طرف کافی حد تک راغب ہوتا ہے کہ ، لیبارٹری مظاہروں میں ، مائع آکسیجن کا ایک پل <ans> ایک طاقتور مقناطیس </ans> کے قطبوں کے مابین اپنے وزن کے خلاف تعاون کیا جاسکتا ہے۔	مائع آکسیجن میں شامل مقناطیسی کششوں کو جانچنے کے لئے کون سا آلہ استعمال کیا جاتا ہے؟	مائع کے درمیان ایک مائع کی ایک وجہ کیا ہے؟	مائع کی وجہ سے مائع مائع کے درمیان کس مائع کے قطب کے خلاف مزاحمت کی جا سکتی ہے؟
uqa_valid	مائع آکسیجن ایک مقناطیس کی طرف کافی حد تک راغب ہوتا ہے کہ ، لیبارٹری مظاہروں میں ، مائع آکسیجن کا ایک پل ایک طاقتور <ans> مقناطیس </ans> کے قطبوں کے درمیان اپنے وزن کے خلاف تعاون کیا جاسکتا ہے۔	مائع آکسیجن میں شامل مقناطیسی کششوں کو جانچنے کے لئے کون سا آلہ استعمال کیا جاتا ہے؟	مائع کے دوران کس مائع کے قطب کے درمیان مائع کی دلیل کا تعین کیا جا سکتا ہے؟	مائع کے دوران کس مائع کے قطب کے درمیان مائع کے خلاف مزاحم ہوتی ہے؟
uqa_valid	ری ایکٹو آکسیجن پرجاتیوں ، جیسے سپر آکسائڈ آئن (O− 2) اور ہائیڈروجن پیرو آکسائڈ (H 2O 2) ، حیاتیات میں آکسیجن کے استعمال کے <ans> خطرناک ضمنی مصنوعات </ans> ہیں۔	آکسیجن کی رد عمل کی شکلیں حیاتیات میں کیا پیدا کرتی ہیں؟	ایک سپر fO2 اور enO2 استعمال کیا ہے؟	ایک جذب شدہ fOO2 کیا استعمال کرتا ہے؟
uqa_valid	اعلی حیاتیات کے <ans> مضموناتی نظام </ans> کے کچھ حصے حملہ آور مائکروبس کو تباہ کرنے کے لئے پیرو آکسائڈ ، سپر آکسائڈ ، اور سنگل آکسیجن پیدا کرتے ہیں۔	آکسیجن کی رد عمل کی شکلیں حیاتیات میں کیا پیدا کرتی ہیں؟	حیاتیات کے نظام کو کس طرح کے نظام میں تقسیم کیا جاتا ہے؟	حیاتیات کے نظام کے نظام کو تباہ کرنے کے لئے کون سا نظام استعمال کیا جاتا ہے؟
uqa_valid	ری ایکٹو آکسیجن پرجاتیوں ، جیسے سپر آکسائیڈ آئن (O− 2) اور ہائیڈروجن پیرو آکسائیڈ (H 2O 2) ، <ans> جسموں میں آکسیجن کے استعمال کی خطرناک ضمنی مصنوعات </ans> ہیں۔	آکسیجن کی رد عمل کی شکلیں حیاتیات میں کیا پیدا کرتی ہیں؟	ری سپر ون اور نیل ون اور نیل ون اور کیا شامل ہیں؟	ایک سپر ferOO کیا ہے؟
uqa_valid	اعلی حیاتیات کے مدافعتی نظام کے کچھ حصے <ans> حملہ آور مائکروبس کو تباہ کرنے کے لئے </ans> پیرو آکسائیڈ ، سپر آکسائیڈ ، اور سنگل آکسیجن پیدا کرتے ہیں۔	حیاتیات پیرو آکسائیڈ اور سپر آکسائیڈ کس مقصد کے لئے بناتے ہیں؟	حیاتیات کے مدافعتی نظام کے نظام کے نظام کو کیا کہا جاتا ہے؟	اعلی حیاتیات کے مدافعتی نظام کو کیا کہا جاتا ہے؟
uqa_valid	اعلی حیاتیات کے مدافعتی نظام کے کچھ حصے پیرو آکسائیڈ ، سپر آکسائیڈ ، اور سنگل آکسیجن <ans> حملہ آور مائکروبس کو تباہ کرنے کے لئے </ans> تخلیق کرتے ہیں۔	حیاتیات پیرو آکسائیڈ اور سپر آکسائیڈ کس مقصد کے لئے بناتے ہیں؟	ایک حیاتیات کے نظام کے نظام کے نظام میں کیا شامل ہے؟	ایک حیاتیات کے نظام کا مقصد کیا ہے؟
uqa_valid	ری ایکٹو آکسیجن پرجاتیوں کا <ans> پیٹوجین حملے </ans> کے خلاف پودوں کے انتہائی حساس ردعمل میں بھی اہم کردار ادا کرتا ہے۔	ری ایکٹو آکسیجن پودوں کے دفاع میں کس کے خلاف کام کرتا ہے؟	ری ایکٹو پرجاتیوں کے خلاف کس قسم کے پودے کا اہم کردار ادا کرتا ہے؟	ریٹو کس قسم کے پودے کے خلاف اہم کردار ادا کرتا ہے؟
uqa_valid	ری ایکٹو آکسیجن پرجاتیوں کا <ans> پیٹوجین </ans> حملے کے خلاف پودوں کے انتہائی حساس ردعمل میں بھی اہم کردار ادا کرتا ہے۔	ری ایکٹو آکسیجن پودوں کے دفاع میں کس کے خلاف کام کرتا ہے؟	ری ایکٹو پرجاتیوں کے خلاف کیا اہم کردار ادا کرتا ہے؟	ری پودوں کس قسم کے حملے کے خلاف اہم کردار ادا کرتا ہے؟
uqa_valid	آکسیجن لازمی طور پر <ans> اینایروبک </ans> حیاتیات کے لئے زہریلا ہے ، جو زمین پر ابتدائی زندگی کی غالب شکل تھی جب تک کہ آکسیجن 2 تقریبا 2.	کس قسم کے حیاتیات کے لئے آکسیجن زہریلا ہے؟	حیاتیات کی زندگی کی غالب شکل کیا ہے؟	حیاتیات کی زندگی کی غالب شکل کیا ہے؟
uqa_valid	آکسیجن <ans> لازمی طور پر انیروبک حیاتیات </ans> کے لئے زہریلا ہے ، جو زمین پر ابتدائی زندگی کی غالب شکل تھی جب تک کہ آکسیجن 2 تقریبا 2.	کس قسم کے حیاتیات کے لئے آکسیجن زہریلا ہے؟	زمین پر زندگی کی غالب شکل کیا ہے؟	زمین پر زندگی کی غالب شکل کیا ہے؟
uqa_valid	آکسیجن <ans> لازمی طور پر انیروبک </ans> حیاتیات کے لئے زہریلا ہے ، جو زمین پر ابتدائی زندگی کی غالب شکل تھی جب تک کہ آکسیجن 2 تقریبا 2.	کس قسم کے حیاتیات کے لئے آکسیجن زہریلا ہے؟	زمین پر زندگی کی غالب شکل کیا ہے؟	زمین پر زندگی کی غالب شکل کیا ہے؟
uqa_valid	مائع اور ٹھوس O 2 دونوں <ans> صاف </ans> مادے ہیں جن میں سرخ رنگ میں جذب ہونے کی وجہ سے ہلکا آسمان نیلے رنگ کا رنگ ہوتا ہے (آسمان کے نیلے رنگ کے برعکس ، جو نیلے رنگ کی روشنی کے ریلی بکھیرنے کی وجہ سے ہوتا ہے۔	مائع آکسیجن کی شفافیت کیا ہے؟	رنگ اور رنگ کے رنگ کے رنگ کے رنگ کے رنگ کیا رنگ ہیں؟ رنگ رنگ رنگ رنگ رنگ رنگ رنگ رنگ رنگ رنگ رنگ رنگ رنگ رنگ رنگ رنگ رنگ رنگ رنگ رنگ رنگ رنگ کی رنگ کی	رنگ اور نیلے رنگ کے رنگ کی رنگ کیا ہے؟
uqa_valid	مائع اور ٹھوس O 2 دونوں <ans> ہلکے آسمان کے نیلے رنگ کے ساتھ واضح مادے </ans> ہیں جو سرخ میں جذب ہونے کی وجہ سے پیدا ہوتے ہیں (آسمان کے نیلے رنگ کے برعکس ، جو نیلے رنگ کی روشنی کے ریلی بکھیرنے کی وجہ سے ہوتا ہے۔	مائع آکسیجن کی شفافیت کیا ہے؟	رنگ اور رنگ کے رنگ کے رنگ کیا رنگ پیدا کرتے ہیں؟	رنگ اور نیلے رنگ کے رنگ کیا ہیں؟
uqa_valid	اعلی طہارت مائع O 2 عام طور پر <ans> مائع ہوا </ans> کی جزوی ڈسٹلیشن کے ذریعہ حاصل کیا جاتا ہے۔	اعلی معیار کی مائع O2 بنانے کے لئے کون سا مادہ استعمال کیا جاتا ہے؟	اعلی لہارت کے فرش کے لئے عام طور پر کیا استعمال کیا جاتا ہے؟	اعلی لہارت کو عام طور پر کس چیز سے حاصل کیا جاتا ہے؟
uqa_valid	اعلی طہارت مائع O 2 عام طور پر مائع <ans> ہوا </ans> کی جزوی ڈسٹلیشن کے ذریعہ حاصل کیا جاتا ہے۔	اعلی معیار کی مائع O2 بنانے کے لئے کون سا مادہ استعمال کیا جاتا ہے؟	اعلی لہارت کے لئے عام طور پر کیا استعمال کیا جاتا ہے؟	اعلی لہارت کو عام طور پر کس طرح تیار کیا جاتا ہے؟
uqa_valid	مائع آکسیجن کو ہوا سے باہر کنڈینسیشن کے ذریعہ بھی تیار کیا جاسکتا ہے ، جس میں <ans> مائع نائٹروجن </ans> کو کولنگ کے طور پر استعمال کیا جاتا ہے۔	مائع آکسیجن بنانے کے عمل میں کس عنصر کو کولنگ کے طور پر استعمال کیا جاتا ہے؟	مائع کے ساتھ ساتھ، مائع کے لئے مائع کے طور پر کیا استعمال کیا جاتا ہے؟	مائع کے ساتھ ساتھ، کون سا مائع مائع کو مائع کے طور پر استعمال کیا جاتا ہے؟
uqa_valid	مائع آکسیجن کو ہوا سے باہر کنڈینسیشن کے ذریعہ بھی تیار کیا جاسکتا ہے ، جس میں مائع <ans> نائٹروجن </ans> کو کولنگ کے طور پر استعمال کیا جاتا ہے۔	مائع آکسیجن بنانے کے عمل میں کس عنصر کو کولنگ کے طور پر استعمال کیا جاتا ہے؟	مائع کے ساتھ ساتھ، مائع مائع کو مائع کے طور پر کیا استعمال کیا جاتا ہے؟	مائع کے ساتھ ساتھ، مائع مائع کو کس چیز کے طور پر استعمال کیا جاتا ہے؟
uqa_valid	یہ ایک انتہائی رد عمل والا مادہ ہے اور اسے <ans> دھولنے والے مواد </ans> سے الگ کیا جانا چاہئے۔	کس قسم کے مواد سے مائع آکسیجن کو الگ کیا جانا چاہئے؟	مواد کو مواد سے الگ کرنے کے عمل کو کیا الگ کرتا ہے؟	مواد کے عمل کو کس چیز سے الگ کیا جا سکتا ہے؟
uqa_valid	یہ ایک انتہائی رد عمل والا مادہ ہے اور اسے <ans> دھولنے </ans> والے مواد سے الگ کیا جانا چاہئے۔	کس قسم کے مواد سے مائع آکسیجن کو الگ کیا جانا چاہئے؟	لکڑی کے مواد کو کیا الگ الگ ہونا چاہئے؟	لکڑی کے مواد کو کس طرح الگ الگ کیا جاتا ہے؟
uqa_valid	دنیا کے <ans> پانی </ans> کے جسموں میں مفت آکسیجن بھی حل میں پائی جاتی ہے۔	زمین پر مفت آکسیجن کہاں پائی جاتی ہے؟	دنیا میں کس قسم کے جسم میں حل حل حل حل کیا جاتا ہے؟	دنیا میں کس قسم کے جسم میں مفت حل میں حل کیا جاتا ہے؟
uqa_valid	آزاد آکسیجن بھی <ans> دنیا کے پانی کے جسموں میں حل میں </ans> ہوتا ہے۔	زمین پر مفت آکسیجن کہاں پائی جاتی ہے؟	آزاد آزاد کہاں آزاد ہوتا ہے؟	آزاد مالیکیول کہاں پائے جاتے ہیں؟
uqa_valid	مفت آکسیجن <ans> دنیا کے پانی کے جسموں </ans> میں بھی حل میں پایا جاتا ہے۔	زمین پر مفت آکسیجن کہاں پائی جاتی ہے؟	مفت حل میں کس قسم کے پانی میں پایا جاتا ہے؟	مفت کس چیز کے حل میں پایا جاتا ہے؟
uqa_valid	<ans> کم </ans> درجہ حرارت پر O 2 کی بڑھتی ہوئی گھلنشیلیت (جسمانی خصوصیات دیکھیں) سمندری زندگی کے لئے اہم مضمرات رکھتی ہے ، کیونکہ قطبی سمندروں میں آکسیجن کی زیادہ مقدار کی وجہ سے زندگی کی بہت زیادہ کثافت کی حمایت کی جاتی ہے۔	کس درجہ حرارت پر O2 زیادہ گھلنشیل ہے؟	درجہ حرارت پر کس قسم کی درجہ حرارت کی حمایت کی جاتی ہے؟	درجہ حرارت پر کس قسم کی درجہ بندی کی جاتی ہے؟
uqa_valid	<ans> کم درجہ حرارت </ans> پر O 2 کی بڑھتی ہوئی گھلنشیلیت کے سمندری زندگی کے لئے اہم مضمرات ہیں ، کیونکہ قطبی سمندروں میں آکسیجن کی زیادہ مقدار کی وجہ سے زندگی کی بہت زیادہ کثافت کی حمایت کی جاتی ہے۔	کس درجہ حرارت پر O2 زیادہ گھلنشیل ہے؟	2 چیزوں کے لئے زندگی کے لئے اہم زندگی کی مقدار کیا ہے؟	کون سا درجہ حرارت قطبی زندگی کے لئے اہم زندگی مضمرات کی حمایت کرتا ہے؟
uqa_valid	کم درجہ حرارت پر O 2 کی بڑھتی ہوئی گھلنشیلیت (جسمانی خصوصیات دیکھیں) سمندری زندگی کے لئے اہم مضمرات رکھتی ہے ، کیونکہ قطبی سمندروں میں ان کی <ans> اعلی آکسیجن کی مقدار </ans> کی وجہ سے زندگی کی بہت زیادہ کثافت کی حمایت کی جاتی ہے۔	قطبی پانی کے ذخائر زیادہ مقدار میں زندگی کی حمایت کیوں کرتے ہیں؟	قطبی زندگی میں کس چیز کی زندگی کی حمایت کی جاتی ہے؟	قطبی سطح پر کس چیز کی زندگی کی حمایت کی جاتی ہے؟
uqa_valid	کم درجہ حرارت پر O 2 کی بڑھتی ہوئی گھلنشیلیت (جسمانی خصوصیات ملاحظہ کریں) سمندری زندگی کے لئے اہم مضمرات رکھتی ہے ، کیونکہ قطبی سمندروں میں <ans> آکسیجن کی زیادہ مقدار کی وجہ سے </ans> زندگی کی بہت زیادہ کثافت کی حمایت کی جاتی ہے۔	قطبی پانی کے ذخائر زیادہ مقدار میں زندگی کی حمایت کیوں کرتے ہیں؟	قطبی زندگی میں زندگی کی زندگی کی زندگی کی زندگی کی زندگی کی حد کیا ہے؟	قطبی زندگی میں زندگی کی زندگی کی زندگی کی زندگی کی حد کیا ہے؟
uqa_valid	سائنسدان پانی کی <ans> بائیو کیمیکل آکسیجن ڈیمانڈ </ans> ، یا اسے معمول کی حراستی میں بحال کرنے کے لئے درکار O 2 کی مقدار کا اندازہ لگاتے ہیں۔	سائنسدان پانی کے معیار کا تعین کرنے کے لیے کس پیمائش کا استعمال کرتے ہیں؟	پانی کی معمول کی مقدار میں کیا کمی ہے؟	پانی کی معمول کی مقدار کا نام کیا ہے؟
uqa_valid	سائنسدان پانی کے معیار کے اس پہلو کا اندازہ <ans> پانی کی بائیو کیمیکل آکسیجن کی طلب کی پیمائش </ans> ، یا اسے معمول کی حراستی میں بحال کرنے کے لئے درکار O 2 کی مقدار سے کرتے ہیں۔	سائنسدان پانی کے معیار کا تعین کرنے کے لیے کس پیمائش کا استعمال کرتے ہیں؟	پانی کے معیار کا معیار کیا ہے؟	پانی کے معیار کا معیار کیا ہے؟
uqa_valid	نائٹریٹ یا فاسفیٹس جیسے پودوں کے غذائی اجزاء سے آلودہ پانی ایوٹروفیکیشن نامی عمل کے ذریعہ <ans> الگوں </ans> کی نشوونما کو متحرک کرسکتا ہے اور ان حیاتیات اور دیگر بائیو میٹریلز کی خرابی ایوٹروفک پانی کے جسموں میں O 2 کی مقدار کو کم کرسکتی ہے۔	نائٹریٹ اور فاسفیٹ سے پانی کی آلودگی کس چیز کی نشوونما کی حوصلہ افزائی کرے گی؟	نائٹس پودے کس چیز کی نشوونما کو جذب کر سکتے ہیں؟	پودے کس قسم کی نقل و حرکت کو متحرک کر سکتے ہیں؟
uqa_valid	مفت آکسیجن پہلی بار <ans> پیلیو پروٹیروزوک </ans> ایون کے دوران اہم مقدار میں ظاہر ہوا (3.	کس زمانے کے دوران مفت آکسیجن مقدار میں ظاہر ہونا شروع ہوئی؟	کون سا پہلا اہم واقعہ پیش کیا گیا تھا جس میں سب سے پہلے ظاہر ہوا؟	کس قسم کے کیڑے مار ادویات میں سب سے زیادہ مقدار میں ظاہر ہوا؟
uqa_valid	مفت آکسیجن پہلی بار <ans> پیلیو پروٹیروزوک ایون </ans> کے دوران اہم مقدار میں ظاہر ہوا (3.	کس زمانے کے دوران مفت آکسیجن مقدار میں ظاہر ہونا شروع ہوئی؟	مفت کی پہلی بار پہلی بار کس نے ریکارڈ کی؟	مفت کی پہلی بار پہلی بار پہلی بار کہاں نمودار ہوئی؟
uqa_valid	پہلے ارب سال کے لئے ، ان حیاتیات کے ذریعہ تیار کردہ کوئی بھی مفت آکسیجن سمندروں میں تحلیل شدہ لوہے کے ساتھ مل کر <ans> بینڈڈڈ لوہے کی تشکیل </ans> تشکیل دیتی ہے۔	پہلے، آکسیجن اور لوہے نے مل کر کیا تشکیل دیا؟	جب کوئی انسان تیار کیا جاتا ہے تو کیا تشکیل دیا جاتا ہے؟	جب کوئی انسان تیار کیا جاتا ہے تو کیا تشکیل دیا جاتا ہے؟
uqa_valid	پہلے ارب سال کے لئے ، ان حیاتیات کے ذریعہ تیار کردہ کوئی بھی مفت آکسیجن سمندروں میں تحلیل شدہ لوہے کے ساتھ مل کر <ans> بینڈڈ لوہے </ans> کی تشکیل کرتی ہے۔	پہلے، آکسیجن اور لوہے نے مل کر کیا تشکیل دیا؟	جب کوئی انسان تیار کیا جاتا ہے تو اس کا کیا مطلب ہے؟	جب کوئی انسان تیار کیا جاتا ہے تو کیا ہوتا ہے؟
uqa_valid	زمین پر آکسیجن گیس کی غیر معمولی طور پر زیادہ حراستی <ans> آکسیجن سائیکل </ans> کا نتیجہ ہے۔	زمین پر آکسیجن کی اعلی سطح کی پیداوار کیا ہے؟	زمین پر زمین پر پابندی لگانے کی زمین پر کیا اثر ہے؟	زمین پر زمین پر پابندی لگانے کے لئے زمین پر زمین کی مقدار کیا ہے؟
uqa_valid	یہ <ans> بیوجیو کیمیکل </ans> سائیکل زمین پر اس کے تین اہم ذخائر کے اندر اور اس کے درمیان آکسیجن کی نقل و حرکت کی وضاحت کرتا ہے۔	آکسیجن سائیکل کس قسم کا عمل ہے؟	کون سا علاقہ زمین کے تین اہم علاقوں کی وضاحت کرتا ہے؟	کون سا علاقہ زمین کے تین اہم علاقوں کی وضاحت کرتا ہے؟
uqa_valid	یہ <ans> بیوجیو کیمیکل سائیکل </ans> زمین پر اس کے تین اہم ذخائر کے اندر اور اس کے درمیان آکسیجن کی نقل و حرکت کی وضاحت کرتا ہے۔	آکسیجن سائیکل کس قسم کا عمل ہے؟	زمین کے تین اہم علاقوں کی وضاحت کیا ہے؟	کس قسم کی زمین پر زمین کی نقل و حرکت کی وضاحت کی جاتی ہے؟
uqa_valid	یہ بائیو جیو کیمیکل سائیکل زمین پر اس کے <ans> تین </ans> اہم ذخائر کے اندر اور اس کے درمیان آکسیجن کی نقل و حرکت کی وضاحت کرتا ہے۔	اس کے چکر میں آکسیجن کتنی جگہوں پر ذخیرہ ہوتی ہے؟	زمین کے کتنے جیوڈیٹنٹ کے نیچے جیوڈیلیٹ کے علاقے کے نقل و حرکت کے نقل و حرکت کے نقل و حرکت کے نقل و حرکت کے نقل و حرکت کی نقل و حرکت کی وضاحت	زمین کے علاقوں میں کتنے اہم جغرافیائی علاقوں موجود ہیں؟
uqa_valid	یہ بائیو جیو کیمیکل سائیکل زمین پر اس کے <ans> تین اہم ذخائر </ans> کے اندر اور اس کے درمیان آکسیجن کی نقل و حرکت کی وضاحت کرتا ہے۔	اس کے چکر میں آکسیجن کتنی جگہوں پر ذخیرہ ہوتی ہے؟	زمین کے علاقے میں کتنے جیوانی کے درخت پائے جاتے ہیں؟	زمین کے علاقے تک محدود نقل و حرکت کی وضاحت کرنے کے لئے کتنا پیسہ استعمال کیا جاتا ہے؟
uqa_valid	آکسیجن سائیکل کا بنیادی ڈرائیونگ عنصر <ans> فوٹو سنتھیس </ans> ہے ، جو جدید زمین کے ماحول کے لئے ذمہ دار ہے۔	سیارے پر آکسیجن کی مقدار کے لئے کون سا عمل ذمہ دار ہے؟	زمین کا بنیادی ذریعہ کیا ہے؟	زمین کا بنیادی ذریعہ کیا ہے؟
uqa_valid	فوٹو سنتھیس ماحول میں <ans> آکسیجن </ans> جاری کرتا ہے ، جبکہ سانس لینے اور زوال اسے ماحول سے ہٹا دیتا ہے۔	فوٹو سنتھیس زمین کے ماحول میں کیا جاری کرتا ہے؟	فوٹو سنتھیس ماحول میں فوٹو سنتھیس میں کیا جاری ہے؟	فوٹو سنتھیس ماحول میں فوٹو سنتھیس میں کیا جاری کرتا ہے؟
uqa_valid	O 2 گیس پیدا کرنے کا دوسرا اہم طریقہ ایک جیسی <ans> زیولائٹ مالیکیولر سیون </ans> کے ایک بستر کے ذریعے صاف ، خشک ہوا کا ایک سلسلہ گزرنا ہے ، جو نائٹروجن کو جذب کرتا ہے اور گیس کا ایک سلسلہ فراہم کرتا ہے جو 90٪ سے 93٪ O 2 ہے۔	آکسیجن بنانے کے لیے کس میکانزم کا استعمال کیا جا سکتا ہے؟	ایک intering مرکب پیدا کرنے کے لئے ایک اور طریقہ کیا ہے؟	جب ہائیڈروجن گیس کا استعمال کیا جاتا ہے تو کیا ہوتا ہے؟
uqa_valid	O 2 گیس پیدا کرنے کا دوسرا اہم طریقہ ایک جیسی زیولائٹ مالیکیولر سیون کے جوڑے کے ایک بستر کے ذریعے صاف ، خشک ہوا کا ایک سلسلہ منتقل کرنا ہے ، جو نائٹروجن کو جذب کرتا ہے اور گیس کا ایک سلسلہ فراہم کرتا ہے جو <ans> 90٪ سے 93٪ </ans> O 2 ہے۔	زیولائٹ سیون آکسیجن کا کتنا فیصد پیدا کرے گا؟	ایک کیڑے مار ادویات کے ذریعے کتنا پیسہ ہوتا ہے؟	ایک کیڑے مار ادویات کا کتنا حصہ پنجاب کے ذریعے فراہم کرتا ہے؟
uqa_valid	O 2 گیس پیدا کرنے کا دوسرا اہم طریقہ ایک جیسی زیولائٹ مالیکیولر سیون کے جوڑے کے ایک بستر کے ذریعے صاف ، خشک ہوا کا ایک سلسلہ منتقل کرنا ہے ، جو <ans> نائٹروجن </ans> کو جذب کرتا ہے اور گیس کا ایک سلسلہ فراہم کرتا ہے جو 90٪ سے 93٪ O 2 ہے۔	آکسیجن پیدا کرتے ہوئے، زیولائٹ کا سایہ کس گیس کو جذب کرتا ہے؟	ایک کیڑے مار ادویات کے ذریعے منتقل ہونے والی ایک اہم پہاڑی سلسلہ کیا ہے؟	کس قسم کے کیڑے مار ادویات سے جذب ہوتے ہیں؟
uqa_valid	آکسیجن گیس تیزی سے ان <ans> غیر کریجنوجینک </ans> ٹیکنالوجیز کے ذریعہ حاصل کی جاتی ہے۔	گیسوں کی غیر نامیاتی علیحدگی کس قسم کی ٹیکنالوجی ہے؟	گیس کے کس حصے میں آکسیجن کی کمی ہے؟	ہائیڈروجن گیس سے کس طرح حاصل کیا جاتا ہے؟
uqa_valid	O 2 گیس پیدا کرنے کا دوسرا <ans> بڑا طریقہ </ans> ایک جیسی زیولائٹ مالیکیولر سیون کے جوڑے کے ایک بستر کے ذریعے صاف ، خشک ہوا کا ایک سلسلہ گزرنا شامل ہے ، جو نائٹروجن کو جذب کرتا ہے اور گیس کا ایک سلسلہ فراہم کرتا ہے جو 90٪ سے 93٪ O 2 ہے۔	گیس کی پیداوار کے لئے سیون کا طریقہ کس حد تک استعمال کیا جاتا ہے؟	ایک ولت کا ایک سلسلہ کیا ہے؟	ایک کیڑے کے لئے ایک اور نام کیا ہے؟
uqa_valid	آکسیجن گیس <ans> زیادہ سے زیادہ </ans> ان غیر کریوجینک ٹیکنالوجیز کے ذریعہ حاصل کی جاتی ہے۔	گیس کی پیداوار کے لئے سیون کا طریقہ کس حد تک استعمال کیا جاتا ہے؟	غیر غیر غیر غیر torqueroylination کے لئے کیا استعمال کیا جاتا ہے؟	کتنے غیر غیر غیر غیر غیر غیر منسلک کر سکتے ہیں؟
uqa_valid	آکسیجن گیس <ans> پانی </ans> کو سالماتی آکسیجن اور ہائیڈروجن میں الیکٹرولیسس کے ذریعے بھی تیار کی جاسکتی ہے۔	آکسیجن اور ہائیڈروجن تیار کرنے کے لیے کس چیز کا الیکٹرولیسس استعمال کیا جا سکتا ہے؟	گیس کی وجہ سے ہائیڈروجن گیس کے ذریعے کیا تیار کیا جا سکتا ہے؟	ہائیڈروجن گیس کے ذریعے کیا تیار کیا جا سکتا ہے؟
uqa_valid	آکسیجن گیس پانی کو مالیکیولر <ans> آکسیجن اور ہائیڈروجن </ans> میں الیکٹرولیسس کے ذریعے بھی تیار کی جاسکتی ہے۔	پانی کے الیکٹرولیسس سے کیا پیدا ہوتا ہے؟	گیس کے پانی گیس کے ذریعے پانی کی گیس کہاں تیار کی جا سکتی ہے؟	گیس پھیلاؤ کو کس طرح تیار کیا جا سکتا ہے؟
uqa_valid	آکسیجن گیس پانی کو <ans> مولیولر آکسیجن اور ہائیڈروجن </ans> میں الیکٹرولیسس کے ذریعے بھی تیار کی جاسکتی ہے۔	پانی کے الیکٹرولیسس سے کیا پیدا ہوتا ہے؟	گیس کے ذریعے پانی تیار کرنے کے لئے تیار پانی کی مقدار کیا ہے؟	گیس پھیلاؤ کو کس طرح تیار کیا جا سکتا ہے؟
uqa_valid	<ans> آکسیجن گیس </ans> پانی کو سالماتی آکسیجن اور ہائیڈروجن میں الیکٹرولیسس کے ذریعے بھی تیار کی جاسکتی ہے۔	پانی کے الیکٹرولیسس سے کیا پیدا ہوتا ہے؟	ہائیڈروجن گیس کی طرف سے تیار کردہ گیس کی وجہ سے کیا تیار کیا جا سکتا ہے؟	پانی کو ذخیرہ کرنے کے لئے کیا استعمال کیا جاتا ہے؟
uqa_valid	<ans> ڈی سی </ans> بجلی کا استعمال کیا جانا چاہئے: اگر اے سی استعمال کیا جاتا ہے تو ، ہر عضو میں گیسیں دھماکہ خیز تناسب 2: 1 میں ہائیڈروجن اور آکسیجن پر مشتمل ہوتی ہیں۔	الیکٹرولیسس کے لئے کس قسم کے بجلی کے بہاؤ کی ضرورت ہے؟	جب بجلی کے لئے استعمال کیا جاتا ہے تو اس کا بجلی کیا ہے؟	کس قسم کا بجلی استعمال کیا جاتا ہے؟
uqa_valid	<ans> ڈی سی بجلی </ans> کا استعمال کیا جانا چاہئے: اگر اے سی استعمال کیا جاتا ہے تو ، ہر عضو میں گیسیں دھماکہ خیز تناسب 2: 1 میں ہائیڈروجن اور آکسیجن پر مشتمل ہوتی ہیں۔	الیکٹرولیسس کے لئے کس قسم کے بجلی کے بہاؤ کی ضرورت ہے؟	جب ایک اے سی ڈی میں ہائیڈروجن کے لئے استعمال کیا جاتا ہے تو کیا استعمال کیا جاتا ہے؟	کس قسم کا بجلی استعمال کیا جاتا ہے؟
uqa_valid	اسی طرح کا طریقہ <ans> آکسائڈ اور آکسی ایسڈ </ans> سے الیکٹرو کیٹالٹک O-2 ارتقاء ہے۔	الیکٹرو کیٹالٹک ذرائع کے ذریعے آکسیجن کی پیداوار کا ذریعہ کیا ہے؟	آپ کیٹالٹا کی وجہ سے کیا سے منسلک ہے؟	کون سے دو الفاظ کیٹالٹال کا استعمال کرتے ہیں؟
uqa_valid	<ans> کیمیائی </ans> اتپریرک بھی استعمال کیے جاسکتے ہیں ، جیسے کیمیائی آکسیجن جنریٹرز یا آکسیجن موم بتیاں جو آبدوزوں پر زندگی کی حمایت کرنے والے سامان کے حصے کے طور پر استعمال ہوتی ہیں ، اور دباؤ کی ہنگامی صورتحال میں تجارتی ہوائی جہازوں پر اب بھی معیاری سامان کا حصہ ہیں۔	آکسیجن پیدا کرنے کے لیے اور کون سے اتپریرک استعمال کیے جا سکتے ہیں؟	ستر استعمال کرنے والے پرندے کس قسم کا س استعمالرک استعمال کرتے ہیں؟	کس قسم کے اتپریرک استعمال کیے جاتے ہیں؟
uqa_valid	کیمیائی اتپریرک بھی استعمال کیے جاسکتے ہیں ، جیسے <ans> کیمیائی آکسیجن جنریٹرز یا آکسیجن موم بتیوں </ans> میں جو آبدوزوں پر زندگی کی حمایت کرنے والے سامان کے حصے کے طور پر استعمال ہوتے ہیں ، اور دباؤ کی ہنگامی صورتحال میں تجارتی ہوائی جہازوں پر اب بھی معیاری سامان کا حصہ ہیں۔	آکسیجن پیدا کرنے کے لیے اور کون سے اتپریرک استعمال کیے جا سکتے ہیں؟	کس قسم کے پرندے بنیادی طور پر استعمال ہونے والے سامان کی حمایت کرتے ہیں؟	کس قسم کے پرندے بنیادی طور پر استعمال ہونے والے سامان کی حمایت کرتے ہیں؟
uqa_valid	آکسیجن ، ایک مبینہ ہلکے ایوفورک کے طور پر ، آکسیجن باروں اور کھیلوں میں <ans> تفریحی </ans> استعمال کی ایک تاریخ ہے۔	ایک euphoric کے طور پر کس طرح آکسیجن بار میں استعمال کیا جاتا ہے؟	کھیل کے علاوہ، کس قسم کی لکڑی کی ایک قسم کی ایک مثال ہے؟	کھیل کے علاوہ، کس قسم کی لکڑی کا استعمال کیا جاتا ہے؟
uqa_valid	آکسیجن ، <ans> ایک مبینہ ہلکا خوشگوار </ans> کے طور پر ، آکسیجن باروں اور کھیلوں میں تفریحی استعمال کی ایک تاریخ ہے۔	آکسیجن کا انسانوں پر کیا اثر ہوتا ہے؟	کھیل میں استعمال ہونے والے کھیلوں کی تاریخ کیا ہے؟	کھیل میں استعمال ہونے والا ایک اور اصطلاح کیا ہے؟
uqa_valid	آکسیجن ، ایک مبینہ ہلکے <ans> یوفورک </ans> کے طور پر ، آکسیجن باروں اور کھیلوں میں تفریحی استعمال کی ایک تاریخ ہے۔	آکسیجن کا انسانوں پر کیا اثر ہوتا ہے؟	ایک بار ایک ہی میں ایک ہی پرجاتی کو کیا کہا جاتا ہے؟	کس قسم کی ٹیم کا استعمال کیا جاتا ہے؟
uqa_valid	پیشہ ور کھلاڑی ، خاص طور پر امریکی فٹ بال میں ، بعض اوقات <ans> کارکردگی </ans> میں اضافہ کرنے کے لئے آکسیجن ماسک پہننے کے لئے کھیل کے درمیان میدان سے باہر جاتے ہیں۔	پیشہ ور کھلاڑی آکسیجن سانس لینے سے کیا حاصل کرنا چاہتے ہیں؟	کس قسم کے فٹ بال کھلاڑی کے لئے کھیل کے لئے کھیل کے لئے کھیل کے لئے میدان فٹ بال کے کھیل کے لئے میدان فٹ بال کے لئے میدان فٹ بال کے لئے میدان فٹ بال کے لئے کھیل	کون سا سال پیشہ ورانہ فٹ بال کھلاڑی کے لئے میدان فٹ بال کے کھیل کے لئے میدان فٹ بال کے کھیل کے لئے میدان فٹ بال کے کھیل کے لئے میدان فٹ بال کے کھیل کے میدان فٹ بال
uqa_valid	پیشہ ور کھلاڑی ، خاص طور پر امریکن فٹ بال میں ، کبھی کبھی <ans> کارکردگی میں اضافہ </ans> حاصل کرنے کے لئے آکسیجن ماسک پہننے کے لئے کھیل کے درمیان میدان سے باہر جاتے ہیں۔	پیشہ ور کھلاڑی آکسیجن سانس لینے سے کیا حاصل کرنا چاہتے ہیں؟	فٹ بال کے لئے ایک اور پیشہ کیا ہے؟	امریکن فٹ بال کے لئے ایک اور پیشہ کیا ہے؟
uqa_valid	دستیاب مطالعات صرف اس صورت میں آکسیجن 2 مرکب سے کارکردگی میں اضافے کی حمایت کرتے ہیں اگر وہ <ans> ایروبک </ans> ورزش کے دوران سانس لیتے ہیں۔	تحقیق سے پتہ چلتا ہے کہ کس قسم کی ورزش آکسیجن سے کارکردگی میں اضافہ کرتی ہے؟	کون سا وش وش وش وش و خروش میں تیزی سے زیادہ توانائی کی حمایت کرتا ہے؟	کس قسم کے وش وش وش و ضوابط کے دوران دستیاب ہوتے ہیں؟
uqa_valid	دستیاب مطالعات صرف اس صورت میں آکسیجن 2 مرکب سے کارکردگی میں اضافہ کی حمایت کرتے ہیں اگر وہ <ans> ایروبک ورزش </ans> کے دوران سانس لیتے ہیں۔	تحقیق سے پتہ چلتا ہے کہ کس قسم کی ورزش آکسیجن سے کارکردگی میں اضافہ کرتی ہے؟	کون سا عنصر اس کی تحقیقات میں اضافہ کرتا ہے؟	دستیاب ملازمتوں میں کس قسم کیشاں پیش کی جاتی ہیں؟
uqa_valid	ایک <ans> پلیسبو </ans> اثر زیادہ ممکنہ وضاحت ہے۔	آکسیجن سانس لینے کا سب سے زیادہ ممکنہ اثر کیا ہے؟	کس قسم کیبو صنف زیادہ اثر ہے؟	کس قسم کا اثر و رسوخ ہے؟
uqa_valid	<ans> پلیسبو اثر </ans> ایک زیادہ ممکنہ وضاحت ہے۔	آکسیجن سانس لینے کا سب سے زیادہ ممکنہ اثر کیا ہے؟	ایک ممکنہ ممکنہ وضاحت کیا ہے جو ایک ممکنہ وضاحت نہیں ہے؟	کون سا مصنف ممکنہ طور پر ایک ممکنہ وضاحت کی وضاحت کرتا ہے؟
uqa_valid	<ans> ہائپر بارک (ہائی پریشر) میڈیسن </ans> مریض اور ، جب ضرورت ہو تو ، طبی عملے کے ارد گرد آکسیجن کے جزوی دباؤ کو بڑھانے کے لئے خصوصی آکسیجن چیمبرز کا استعمال کرتی ہے۔	کاربن مونو آکسائیڈ زہر جیسی مختلف حالتوں کے علاج کے لیے کون سا آلہ استعمال کیا جاتا ہے؟	کون سا غیر انسانی میزبان انسانی رویے کے لئے دباؤ کو بڑھانے کے لئے خصوصی طور پر استعمال کیا جاتا ہے؟	کس قسم کی موسیقی کو بڑھانے کے لیے استعمال کیا جا سکتا ہے؟
uqa_valid	ہائپر بارک (ہائی پریشر) میڈیسن مریض اور ، جب ضرورت ہو تو ، طبی عملے کے ارد گرد آکسیجن کے جزوی دباؤ کو بڑھانے کے لئے <ans> خصوصی آکسیجن چیمبرز </ans> کا استعمال کرتی ہے۔	کاربن مونو آکسائیڈ زہر جیسی مختلف حالتوں کے علاج کے لیے کون سا آلہ استعمال کیا جاتا ہے؟	جب ایک بار بارک کے اندر دباؤ کے دباؤ کو بڑھانے کے لئے استعمال کیا جاتا ہے تو اسے کیا کہا جاتا ہے؟	اگر ضرورت ہوتی ہے تو اسے کیا ضرورت ہے؟
uqa_valid	ہائپر بارک (ہائی پریشر) میڈیسن مریض اور جب ضرورت ہو تو طبی عملے کے ارد گرد آکسیجن کے جزوی دباؤ کو بڑھانے کے لئے خصوصی <ans> آکسیجن چیمبرز </ans> کا استعمال کرتی ہے۔	کاربن مونو آکسائیڈ زہر جیسی مختلف حالتوں کے علاج کے لیے کون سا آلہ استعمال کیا جاتا ہے؟	ہائپرکک اورکس کے ساتھ کیا رشتہ ہے؟	ہجرت کرنے کے لئے استعمال ہونے والی ایک ضرورت کا نام کیا ہے؟
uqa_valid	پھیپھڑوں میں آکسیجن کی بڑھتی ہوئی حراستی ہیموگلوبین کے ہیم گروپ سے <ans> کاربن مونو آکسائیڈ </ans> کو بے دخل کرنے میں مدد کرتی ہے۔	مریض کے پھیپھڑوں میں آکسیجن کی بڑھتی ہوئی حراستی کیا جگہ لے لیتی ہے؟	ہیمو ہیوگا کے گروپ گروپ میں کس قسم کو بے نقاب کرنے میں مدد کرتا ہے؟	ہیمو ہیوگا کے گروپوں گروپ میں کس قسم کی توانائی کو بے نقاب کرنے میں مدد کرتی ہے؟
uqa_valid	آکسیجن گیس <ans> اینایروبک بیکٹیریا </ans> کے لئے زہریلی ہے جو گیس گینگرین کا سبب بنتی ہے ، لہذا اس کے جزوی دباؤ کو بڑھانے سے انہیں مارنے میں مدد ملتی ہے۔	گیس گینگرین کا سبب بننے والا کون سا پیتھوجین آکسیجن زہریلا ہے؟	گیس گیس کس چیز کے لیےییلی ہے؟	گیس گیس کس چیز کے لیے زہریلی ہے؟
uqa_valid	<ans> ڈیکمپریشن بیماری </ans> ان غوطہ خوروں میں ہوتی ہے جو غوطہ لگانے کے بعد بہت تیزی سے ڈیکمپریس کرتے ہیں ، جس کے نتیجے میں ان کے خون میں نائٹروجن اور ہیلیم کے بلبل بنتے ہیں۔	ایک غوطہ لگانے کے بعد کیا ہوتا ہے جس میں غوطہ لگانے والا بہت تیزی سے دباؤ کم کرتا ہے؟	غوطہ خوروں کے لیے کس قسم کی بیماری کی ضرورت ہوتی ہے؟	غوطہ خوروں کے لیے کس قسم کی بیماری کا استعمال کیا جاتا ہے؟
uqa_valid	کاربن مونو آکسائیڈ زہر ، گیس گینگرین ، اور <ans> ڈیکمپریشن بیماری (the 'bends') </ans> کا کبھی کبھی ان آلات کا استعمال کرتے ہوئے علاج کیا جاتا ہے۔	ایک غوطہ لگانے کے بعد کیا ہوتا ہے جس میں غوطہ لگانے والا بہت تیزی سے دباؤ کم کرتا ہے؟	کاربن ڈائی آکسائیڈ کس قسم کا آلہ ہے؟	کاربن ڈائی آکسائیڈ کیا ہے؟
uqa_valid	ہوا سے آکسیجن 2 کا جذب <ans> سانس لینے </ans> کا بنیادی مقصد ہے ، لہذا آکسیجن سپلیمنٹ کا استعمال طب میں کیا جاتا ہے۔	کس عمل میں آکسیجن سے لے جانے کی ضرورت ہے؟	ہوا میں آکسیجن کا جذب کرنے کا کیا مطلب ہے؟	ہوا کا سانس لینے کے لیے کیا استعمال کیا جاتا ہے؟
uqa_valid	ہوا سے آکسیجن 2 کا جذب سانس لینے کا بنیادی مقصد ہے ، لہذا <ans> آکسیجن سپلیمنٹ </ans> کا استعمال طب میں کیا جاتا ہے۔	مریض میں آکسیجن کی مقدار بڑھانے کے لیے کس طبی علاج کا استعمال کیا جاتا ہے؟	ہوا کی سانس لینے کے لئے سانس لینے کا بنیادی ذریعہ کیا ہے؟	ہوا کا سانس لینے کے لیے کیا استعمال کیا جاتا ہے؟
uqa_valid	<ans> آکسیجن تھراپی </ans> کا استعمال ایمفیسما ، نمونیا ، کچھ دل کی خرابیوں (کنجسٹیو دل کی ناکامی) ، کچھ خرابیوں کے علاج کے لئے کیا جاتا ہے جو پلمونری شریان کے دباؤ میں اضافہ کا سبب بنتے ہیں ، اور کوئی بھی بیماری جو جسم کی گیس آکسیجن لینے اور استعمال کرنے کی صلاحیت کو متاثر کرتی ہے۔	مریض میں آکسیجن کی مقدار بڑھانے کے لیے کس طبی علاج کا استعمال کیا جاتا ہے؟	ایمفیوما کے کچھ حصوں میں کیا استعمال کیا جاتا ہے؟	ایمفیوما کا کیا مطلب ہے؟
uqa_valid	علاج نہ صرف مریض کے خون میں آکسیجن کی سطح میں اضافہ کرتا ہے ، بلکہ اس کا ثانوی اثر بہت سی قسم کے بیمار پھیپھڑوں میں خون کے بہاؤ کی مزاحمت کو کم کرنے کا ہوتا ہے ، جس سے <ans> دل </ans> پر کام کا بوجھ کم ہوجاتا ہے۔	پھیپھڑوں میں خون کے بہاؤ کی مزاحمت کو کم کرکے، کس عضو کا کام کا بوجھ کم کیا جا سکتا ہے؟	بیماری کے خون میں خون کی مزاحمت کے بہاؤ میں کمی کا سبب کیا ہے؟	خون کے خون میں خون کے بہاؤ کے بہاؤ کا خون کس چیز پر کم ہوتا ہے؟
uqa_valid	<ans> آکسیجن تھراپی </ans> کا استعمال ایمفیسما ، نمونیا ، کچھ دل کی خرابیوں (کنجسٹیو دل کی ناکامی) ، کچھ خرابیوں کے علاج کے لئے کیا جاتا ہے جو پلمونری شریان کے دباؤ میں اضافہ کا سبب بنتے ہیں ، اور کوئی بھی بیماری جو جسم کی گیس آکسیجن لینے اور استعمال کرنے کی صلاحیت کو متاثر کرتی ہے۔	دل اور پھیپھڑوں کی خرابیوں کے مریضوں کو فائدہ پہنچانے کے لئے کس طبی علاج کا استعمال کیا جاتا ہے؟	ایمفیوما کے کچھ حصوں میں کیا استعمال کیا جاتا ہے؟	ایمفیوما کا کیا مطلب ہے؟
uqa_valid	آکسیجن تھراپی کا استعمال ایمفیسما ، نمونیا ، کچھ دل کی خرابیوں (کنجسٹیو دل کی ناکامی) ، کچھ خرابیوں کے علاج کے لئے کیا جاتا ہے جو پلمونری شریان کے دباؤ میں اضافہ کا سبب بنتے ہیں ، اور کوئی بھی بیماری جو جسم کی <ans> گیس آکسیجن </ans> لینے اور استعمال کرنے کی صلاحیت کو کم کرتی ہے۔	آکسیجن تھراپی جسم کو کیا لینے کی ترغیب دیتی ہے؟	جسم کے جسم کے علاوہ، جو سخیر کے دباؤ کو کم کرنے کے لئے استعمال کیا جاتا ہے اور کیا؟	جسم کا استعمال کرنے کے لیے استعمال ہونے والی بیماری کا جسم کیا ہے؟
uqa_valid	آکسیجن تھراپی کا استعمال ایمفیسما ، نمونیا ، کچھ دل کی خرابیوں (کنجسٹیو دل کی ناکامی) ، کچھ خرابیوں کے علاج کے لئے کیا جاتا ہے جو پلمونری شریان کے دباؤ میں اضافہ کا سبب بنتے ہیں ، اور کوئی بھی بیماری جو جسم کی گیس <ans> آکسیجن </ans> لینے اور استعمال کرنے کی صلاحیت کو کم کرتی ہے۔	آکسیجن تھراپی جسم کو کیا لینے کی ترغیب دیتی ہے؟	سفیری کے علاوہ، جسم کے جسم کے جسم میں کیا استعمال کیا جاتا ہے؟	جسم کا استعمال کرنے کے لیے استعمال ہونے والی بیماری کی مقدار کیا ہے؟
uqa_valid	اس کی <ans> الیکٹرونگیٹیویٹی </ans> کی وجہ سے ، آکسیجن تقریبا all تمام دوسرے عناصر کے ساتھ کیمیائی بانڈز بناتا ہے تاکہ اسی طرح کے آکسائڈ حاصل ہوں۔	آکسیجن کی کون سی خصوصیت اسے دوسرے عناصر کے ساتھ بانڈ بنانے کا سبب بنتی ہے؟	تقریبا تمام زندہ مرکبات کے ساتھ ساتھ، تقریبا تمام تقریبا تمام تقریبا تمام تقریبا تمام شکاریوں کے ساتھ ساتھ، تقریبا تمام شکاریوں تقریبا تمام بانڈز کی وجہ سے کیا کیمیائی بانڈز پیدا ہوتی ہے؟	کس قسم کی وجہ سے تقریبا تمام تقریبا تمام انسان تقریبا تمام بانڈز ہوتے ہیں؟
uqa_valid	اس کی الیکٹرونگیٹیویٹی کی وجہ سے ، آکسیجن تقریبا all تمام دوسرے عناصر کے ساتھ کیمیائی بانڈز بناتا ہے تاکہ متعلقہ <ans> آکسائڈ </ans> مل سکے۔	آکسیجن سے منسلک مرکبات کی عام شکل کیا ہے؟	جب 5 تقریبا تمام بانڈز کو زیادہ تر کیمیائی بانڈز سے منسلک کیا جاتا ہے تو کیا ہوتا ہے؟	کس قسم کے ملزے کے ساتھ کیمیائی بانڈز پیدا ہوتے ہیں؟
uqa_valid	مثال کے طور پر ، معدنی <ans> FeO </ans> (wüstite) Fe 1 − xO کے طور پر لکھا جاتا ہے ، جہاں x عام طور پر 0.	معدنی ووسٹیٹ کیا ہے؟	ایک s OOK کیا ہے؟	ایک skOK کیا ہے؟
uqa_valid	زیادہ تر دھاتوں کی سطح ، جیسے ایلومینیم اور ٹائٹینیم ، ہوا کی موجودگی میں آکسائڈ ہوجاتی ہے اور <ans> آکسائڈ </ans> کی ایک پتلی فلم سے لیپت ہوجاتی ہے جو دھات کو غیر فعال کرتی ہے اور مزید سنکنرن کو سست کرتی ہے۔	آکسیجن دھاتوں پر تشکیل پانے کا کیا سبب بنتا ہے؟	کاغذ کی کون سی فلم کو نقصان پہنچا؟	کس قسم کی فلم کا استعمال کیا جا سکتا ہے؟
uqa_valid	زیادہ تر دھاتوں کی سطح ، جیسے ایلومینیم اور ٹائٹینیم ، ہوا کی موجودگی میں آکسائڈ ہوجاتی ہے اور <ans> آکسائڈ کی ایک پتلی فلم </ans> سے لیپت ہوجاتی ہے جو دھات کو غیر فعال کرتی ہے اور مزید سنکنرن کو سست کرتی ہے۔	آکسیجن دھاتوں پر تشکیل پانے کا کیا سبب بنتا ہے؟	کاغذ کی سطح پر کس چیز سے لیپتبہ کیا جاتا ہے؟	کس قسم کی فلم میں زنک کو نقصان پہنچایا جا سکتا ہے؟
uqa_valid	زیادہ تر دھاتوں کی سطح ، جیسے ایلومینیم اور ٹائٹینیم ، ہوا کی موجودگی میں آکسائڈ ہوجاتی ہے اور آکسائڈ کی ایک پتلی فلم سے لیپت ہوجاتی ہے جو دھات کو غیر فعال کردیتی ہے اور مزید <ans> آلودگی </ans> کو سست کردیتی ہے۔	دھاتوں پر آکسائڈ کی فلم کیا تاخیر کرتی ہے؟	کاغذ کی لکڑی کی وجہ سے، کس قسم کی لکڑی کو سست کردیا گیا ہے؟	کس قسم کی لکڑی کی وجہ سے کاغذ کی لکڑی کو نقصان پہنچاتی ہے؟
uqa_valid	زیادہ تر دھاتوں کی سطح ، جیسے ایلومینیم اور ٹائٹینیم ، ہوا کی موجودگی میں آکسائڈ ہوجاتی ہے اور آکسائڈ کی ایک پتلی فلم سے لیپت ہوجاتی ہے جو دھات کو غیر فعال کرتی ہے اور <ans> مزید سنکنرن </ans> کو سست کرتی ہے۔	دھاتوں پر آکسائڈ کی فلم کیا تاخیر کرتی ہے؟	جب ایک کاغذ کی سطح پر ایک بہت زیادہ نقصان ہوتی ہے تو کیا ہوتا ہے؟	کاغذ کی کون سی خصوصیت کو بہتر بناتا ہے؟
uqa_valid	(دباؤ والے) تجارتی ہوائی جہازوں میں سفر کرنے والے مسافروں کو <ans> کیبن ڈسپریشرائزیشن </ans> کی صورت میں خود بخود O 2 کی ہنگامی فراہمی ہوتی ہے۔	کون سا واقعہ ہوائی جہاز کے مسافروں کو اضافی آکسیجن کی فراہمی کی ضرورت کا تقاضا کرے گا؟	ہوائی جہاز میں مسافروں کی تجارت کی فراہمی کیسی ہے؟	تجارتی ہوائی جہازوں میں ہوائی جہاز کی خصوصیت کیا ہے؟
uqa_valid	(دباؤ والے) تجارتی ہوائی جہازوں میں سفر کرنے والے مسافروں کو کیبن <ans> ڈپریشرائزیشن </ans> کی صورت میں خود بخود O 2 کی ہنگامی فراہمی فراہم کی جاتی ہے۔	کون سا واقعہ ہوائی جہاز کے مسافروں کو اضافی آکسیجن کی فراہمی کی ضرورت کا تقاضا کرے گا؟	مسافروں کی سفر کرنے والے مسافر ہوائی جہاز کی مسافروں کی فراہمی کی فراہمی فراہم کرنے کی کوشش کی جاتی ہے؟	ہوائی جہاز میں سفر کرنے والے مسافر ہوائی جہاز کا نام کیا ہے؟
uqa_valid	اچانک کیبن دباؤ میں کمی ہر نشست کے اوپر <ans> کیمیائی </ans> آکسیجن جنریٹرز کو چالو کرتی ہے ، جس کی وجہ سے آکسیجن ماسک گر جاتے ہیں۔	ایئر لائنز میں ہنگامی آکسیجن کے لئے آکسیجن کی پیداوار کی قسم کیا ہے؟	بجلی کی دباؤ دباؤ میں کمی کے لئے کیا ذمہ دار ہے؟	جب دباؤ کی دباؤ دباؤ میں کمی ہوتی ہے تو اسے کیا کہا جاتا ہے؟
uqa_valid	اچانک کیبن دباؤ میں کمی ہر نشست کے اوپر <ans> کیمیائی آکسیجن </ans> جنریٹرز کو چالو کرتی ہے ، جس کی وجہ سے آکسیجن ماسک گر جاتے ہیں۔	ایئر لائنز میں ہنگامی آکسیجن کے لئے آکسیجن کی پیداوار کی قسم کیا ہے؟	بجلی کی دباؤ دباؤ میں کمی کے لئے کیا ذمہ دار ہے؟	بجلی کی دباؤ دباؤ میں کمی کا سبب کیا ہے؟
uqa_valid	اچانک کیبن دباؤ میں کمی ہر نشست کے اوپر <ans> کیمیائی آکسیجن جنریٹرز </ans> کو چالو کرتی ہے ، جس کی وجہ سے آکسیجن ماسک گر جاتے ہیں۔	ایئر لائنز میں ہنگامی آکسیجن کے لئے آکسیجن کی پیداوار کی قسم کیا ہے؟	بجلی کی دباؤ دباؤ میں کمی کو کس طرح متاثر کرتا ہے؟	بجلی کیبن دباؤ میں کمی کا سبب کیا ہے؟
uqa_valid	اس کے بعد <ans> ایگزوتھرمک </ans> رد عمل سے آکسیجن گیس کا مستحکم سلسلہ پیدا ہوتا ہے۔	ہوائی جہاز کے ایمرجنسی آکسیجن جنریٹر میں کس قسم کا رد عمل ہوتا ہے؟	گیس کی گیس کے بعد گیس کی گیس کے بعد کیا پیدا ہوتا ہے؟	گیس مرکب گیس پیدا کرنے کے بعد کیا پیدا ہوتا ہے؟
uqa_valid	اس کے بعد <ans> ایگزوتھرمک رد عمل </ans> کے ذریعہ آکسیجن گیس کا مستحکم سلسلہ پیدا ہوتا ہے۔	ہوائی جہاز کے ایمرجنسی آکسیجن جنریٹر میں کس قسم کا رد عمل ہوتا ہے؟	گیس کی طرف سے پیدا گیس پیدا پیدا کیا پیدا کرتا ہے؟	کون سا عمل گیس کی طرف سے پیدا کیا جاتا ہے؟
uqa_valid	اس کے بعد ایکسوتھرمک رد عمل سے <ans> آکسیجن گیس </ans> کا مستحکم سلسلہ پیدا ہوتا ہے۔	ایئر لائن ایکسوتھرمک رد عمل کس گیس کی پیداوار کرتا ہے؟	جب ایکسوسو رد عمل سے پیدا ہوتا ہے تو کیا ہوتا ہے؟	ایکسوسو رد عمل سے کیا پیدا ہوتا ہے؟
uqa_valid	اس کے بعد ایکسوتھرمک رد عمل سے <ans> آکسیجن </ans> گیس کا مستحکم سلسلہ پیدا ہوتا ہے۔	ایئر لائن ایکسوتھرمک رد عمل کس گیس کی پیداوار کرتا ہے؟	جب ایکسوسو رد عمل سے پیدا ہوتا ہے تو کیا ہوتا ہے؟	ایکسوسو رد عمل سے کیا پیدا ہوتا ہے؟
uqa_valid	آکسیجن <ans> اسٹوریج </ans> کے طریقوں میں ہائی پریشر آکسیجن ٹینک ، کریوجنکس اور کیمیائی مرکبات شامل ہیں۔	آکسیجن ٹینک، کریوجنکس، اور کیمیائی مرکبات آکسیجن کے لئے کیا کام کرتے ہیں؟	ساؤتھمپٹن میں ہائی پریشرکس کس چیز کے لئے استعمال ہوتے ہیں؟	کس قسم کے طریقوں میں ہائی پریشرکس ہوتے ہیں؟
uqa_valid	آکسیجن <ans> اسٹوریج کے طریقوں </ans> میں ہائی پریشر آکسیجن ٹینک ، کریوجنکس اور کیمیائی مرکبات شامل ہیں۔	آکسیجن ٹینک، کریوجنکس، اور کیمیائی مرکبات آکسیجن کے لئے کیا کام کرتے ہیں؟	ہائی کسو اور کسوجن کے علاوہ، ہائی مصنوعات کس چیز میں ہائی ہوتے ہیں؟	کس قسم کے آلات میں ہائی ہوتے ہیں؟
uqa_valid	معیشت کی وجوہات کی بناء پر ، آکسیجن کو اکثر خاص طور پر موصلیت والے ٹینکرز میں <ans> مائع </ans> کے طور پر بلک میں منتقل کیا جاتا ہے ، کیونکہ ایک لیٹر مائع آکسیجن ماحولیاتی دباؤ اور 20 ° C (68 ° F) پر 840 لیٹر گیس آکسیجن کے برابر ہے۔	کس حالت میں آکسیجن بلک میں بھیج دیا جاتا ہے؟	ایک ہیر کے طور پر، ایک بل میں کیا ہوتا ہے جو ایک درخت میں منتقل ہوتا ہے؟	اکثر کس قسم کے بلغک میں منتقل ہوتا ہے؟
uqa_valid	معیشت کی وجوہات کی بناء پر ، آکسیجن کو اکثر بلک میں <ans> مائع کے طور پر </ans> خصوصی طور پر موصلیت والے ٹینکرز میں منتقل کیا جاتا ہے ، کیونکہ ایک لیٹر مائع آکسیجن ماحولیاتی دباؤ اور 20 ° C (68 ° F) پر 840 لیٹر گیس آکسیجن کے برابر ہے۔	کس حالت میں آکسیجن بلک میں بھیج دیا جاتا ہے؟	جب ایک بلے میں ایک بلے کے طور پر منتقل کیا جاتا ہے تو کیا ہوتا ہے؟	معیشت کو اکثر کس طرح منتقل کیا جاتا ہے؟
uqa_valid	معیشت کی وجوہات کی بناء پر ، آکسیجن کو اکثر بلک میں <ans> خاص طور پر موصلیت والے ٹینکرز میں مائع کے طور پر </ans> منتقل کیا جاتا ہے ، کیونکہ ایک لیٹر مائع آکسیجن ماحولیاتی دباؤ اور 20 ° C (68 ° F) پر 840 لیٹر گیس آکسیجن کے برابر ہے۔	کس حالت میں آکسیجن بلک میں بھیج دیا جاتا ہے؟	معیشت کو اکثر بلک میں کیسے منتقل کیا جاتا ہے؟	معیشت کو اکثر کس طرح منتقل کیا جاتا ہے؟
uqa_valid	معیشت کی وجوہات کی بناء پر ، آکسیجن کو اکثر خاص طور پر <ans> انزولیٹڈ ٹینکرز </ans> میں مائع کے طور پر بلک میں منتقل کیا جاتا ہے ، کیونکہ ایک لیٹر مائع آکسیجن ماحولیاتی دباؤ اور 20 ° C (68 ° F) پر 840 لیٹر گیس آکسیجن کے برابر ہے۔	بڑے پیمانے پر آکسیجن کس طرح بھیجی جاتی ہے؟	کس قسم کی روشنی میں مائع کی روشنی کی شرح کو نقصان پہنچایا جاتا ہے؟	نامیاتی طور پر کس قسم کے کیڑے مار ادویات میں منتقل کیا جاتا ہے؟
uqa_valid	معیشت کی وجوہات کی بناء پر ، آکسیجن کو اکثر مائع کے طور پر <ans> خاص طور پر موصلیت والے ٹینکرز </ans> میں بڑے پیمانے پر منتقل کیا جاتا ہے ، کیونکہ ایک لیٹر مائع آکسیجن ماحولیاتی دباؤ اور 20 ° C (68 ° F) پر 840 لیٹر گیس آکسیجن کے برابر ہے۔	بڑے پیمانے پر آکسیجن کس طرح بھیجی جاتی ہے؟	معیشت کی معیشت کو اکثر کس طرح منتقل کیا جاتا ہے؟	معیشت کو اکثر کس طرح منتقل کیا جاتا ہے؟
uqa_valid	اس طرح کے ٹینکرز بڑے پیمانے پر مائع آکسیجن اسٹوریج کنٹینرز کو دوبارہ بھرنے کے لئے استعمال کیے جاتے ہیں ، جو <ans> ہسپتالوں </ans> اور دیگر اداروں کے باہر کھڑے ہیں جن کو خالص آکسیجن گیس کی بڑی مقدار کی ضرورت ہے۔	کس قسم کی تنظیم کو بڑی مقدار میں خالص آکسیجن کی ضرورت ہوگی؟	ایک بڑے پیمانے پر مائع کی مقدار میں کیا استعمال کیا جاتا ہے؟	کس قسم کے پرندے بڑے پیمانے پر استعمال کیے جاتے ہیں؟
uqa_valid	آکسیجن پر مشتمل بہت سے اہم <ans> نامیاتی سالوینٹس </ans> ہیں ، جن میں شامل ہیں: ایسیٹون ، میتھینول ، ایتھنول ، آئسوپروپروپینول ، فوران ، THF ، ڈائیتھائیل ایتھر ، ڈائی آکسین ، ایتھیل ایسٹیٹ ، ڈی ایم ایف ، ڈی ایم ایس او ، ایسیٹک ایسڈ ، اور فارمیٹک ایسڈ۔	کس قسم کے مرکبات جیسے ایسٹون میں آکسیجن ہوتی ہے؟	اس گروپ کا اہم حصہ کیا ہے؟	اس گروپ کا اہم حصہ کیا ہے؟
uqa_valid	آکسیجن پر مشتمل بہت سے اہم نامیاتی <ans> سالوینٹس </ans> ہیں ، جن میں شامل ہیں: ایسیٹون ، میتھینول ، ایتھنول ، اسوپروپینول ، فوران ، ٹی ایچ ایف ، ڈائی تھیل ایتھر ، ڈائی آکسین ، ایتھیل ایسٹیٹ ، ڈی ایم ایف ، ڈی ایم ایس او ، ایسیٹک ایسڈ ، اور فارمیٹک ایسڈ۔	کس قسم کے مرکبات جیسے ایسٹون میں آکسیجن ہوتی ہے؟	دماغ کے کس گروپ میں اہم حصہ ہیں؟	دماغ کی اہم پرجاتی کیا ہے؟
uqa_valid	آکسیجن پر مشتمل <ans> نامیاتی مرکبات </ans> کی سب سے اہم کلاسوں میں شامل ہیں (جہاں R ایک نامیاتی گروپ ہے): الکحل (R-OH) ؛ ایتھر (R-O-R) ؛ کیٹون (R-CO-R) ؛ الڈی ہائڈس (R-CO-H) ؛ کاربوکسیلک ایسڈس (R-COOH) ؛ ایسٹرز (R-COO-R) ؛ ایسڈ اینہائڈرائڈز (R-CO-O-CO-R) ؛ اور امائڈس (R-C(O)-NR) ہیں۔	کس گروپ کے مرکبات میں آکسیجن ایک ضروری حصہ ہے؟	ایک اہم گروپ کیا ہے جس میں سب سے اہم کلاسوں شامل ہیں؟	سب سے اہم کلاسوں میں سے ایک کیا ہے؟
uqa_valid	آکسیجن پر مشتمل <ans> نامیاتی </ans> مرکبات کی سب سے اہم کلاسوں میں شامل ہیں (جہاں R ایک نامیاتی گروپ ہے): الکحل (R-OH) ؛ ایتھر (R-O-R) ؛ کیٹون (R-CO-R) ؛ الڈی ہائڈس (R-CO-H) ؛ کاربوکسیلک ایسڈس (R-COOH) ؛ ایسٹرز (R-COO-R) ؛ ایسڈ اینہائڈرائڈس (R-CO-O-CO-R) ؛ اور امائڈس (R-C(O)-NR) ہیں۔	کس گروپ کے مرکبات میں آکسیجن ایک ضروری حصہ ہے؟	کون سا گروپ سب سے اہم کلاسوں میں شامل ہے؟	سب سے اہم کلاسوں میں سے ایک کیا ہے؟
uqa_valid	آکسیجن پر مشتمل بہت سے اہم نامیاتی <ans> سالوینٹس </ans> ہیں ، جن میں شامل ہیں: ایسیٹون ، میتھینول ، ایتھنول ، اسوپروپینول ، فوران ، ٹی ایچ ایف ، ڈائی تھیل ایتھر ، ڈائی آکسین ، ایتھیل ایسٹیٹ ، ڈی ایم ایف ، ڈی ایم ایس او ، ایسیٹک ایسڈ ، اور فارمیٹک ایسڈ۔	کس گروپ کے مرکبات میں آکسیجن ایک ضروری حصہ ہے؟	دماغ کے کس گروپ میں اہم حصہ ہیں؟	دماغ کی اہم پرجاتی کیا ہے؟
uqa_valid	آکسیجن پر مشتمل بہت سے اہم <ans> نامیاتی سالوینٹس </ans> ہیں ، جن میں شامل ہیں: ایسیٹون ، میتھینول ، ایتھنول ، آئسوپروپروپینول ، فوران ، THF ، ڈائیتھائیل ایتھر ، ڈائی آکسین ، ایتھیل ایسٹیٹ ، ڈی ایم ایف ، ڈی ایم ایس او ، ایسیٹک ایسڈ ، اور فارمیٹک ایسڈ۔	کس گروپ کے مرکبات میں آکسیجن ایک ضروری حصہ ہے؟	اس گروپ کا اہم حصہ کیا ہے؟	اس گروپ کا اہم حصہ کیا ہے؟
uqa_valid	ایسٹٹ ((CH 3) 2CO) اور فینول (C 6H 5OH) بہت سے مختلف مادوں کی ترکیب میں <ans> فیڈ مواد </ans> کے طور پر استعمال ہوتے ہیں۔	فینول اور ایسٹون جیسے مرکبات بہت سے دوسرے مادوں کی تیاری میں کیا کام کرتے ہیں؟	برن کی ساخت میں کیا شامل ہے؟	آپ کو کس چیز کے طور پر استعمال کیا جاتا ہے؟
uqa_valid	ایسیٹ ((CH 3) 2CO) اور فینول (C 6H 5OH) بہت سے مختلف مادوں کی ترکیب میں <ans> ایسیڈری مواد </ans> کے طور پر استعمال ہوتے ہیں۔	فینول اور ایسٹون جیسے مرکبات بہت سے دوسرے مادوں کی تیاری میں کیا کام کرتے ہیں؟	ایس ایس 3 (V) 2) 2) کس قسم کے مواد کا استعمال کرتا ہے؟	ایس ایس 3 کس قسم کا مواد استعمال کرتا ہے؟
uqa_valid	آکسیجن پر مشتمل نامیاتی مرکبات کی سب سے <ans> اہم </ans> کلاسوں میں شامل ہیں (جہاں R ایک نامیاتی گروپ ہے): الکحل (R-OH) ؛ ایتھر (R-O-R) ؛ کیٹون (R-CO-R) ؛ الڈی ہائڈس (R-CO-H) ؛ کاربوکسیلک ایسڈس (R-COOH) ؛ ایسٹرز (R-COO-R) ؛ ایسڈ اینہائڈرائڈز (R-CO-O-CO-R) ؛ اور امائڈس (R-C(O)-NR) ہیں۔	آکسیجن پر مشتمل مرکبات کو تجارت میں کس طرح سمجھا جاتا ہے؟	یو ایس بی ایم کی سب سے کلاسوں میں سے کلاس کیا ہے؟	یو این اے آر کی سب سے کلاسوں میں سے کلاس کیا ہے؟
uqa_valid	یہ عنصر تقریبا تمام <ans> بائیومولیکلز </ans> میں پایا جاتا ہے جو زندگی کے لئے اہم ہیں (یا ان کے ذریعہ پیدا ہوتے ہیں) ۔	کس قسم کے مالیکیولوں میں آکسیجن پائی جاتی ہے؟	یہ تینوں کہاں پایا جاتا ہے؟	یہ تینوں کہاں پایا جاتا ہے؟
uqa_valid	<ans> صرف چند </ans> عام پیچیدہ بائیو مالیکیولز ، جیسے اسکوالین اور کیروٹین ، میں آکسیجن نہیں ہوتی ہے۔	کتنے بائیو مالیکیولز میں آکسیجن نہیں ہوتی؟	کیا تمام نالیوں کی طرف سے عام طور پر منسلک نہیں ہوتی ہے؟	کس قسم کی عام تعمیراتی مواد ہوتی ہے؟
uqa_valid	صرف <ans> کچھ </ans> عام پیچیدہ بائیو مالیکیولز ، جیسے اسکوالین اور کیروٹین ، میں آکسیجن نہیں ہوتی ہے۔	کتنے بائیو مالیکیولز میں آکسیجن نہیں ہوتی؟	کیا تمام نالیوں میں سے کچھ ہیں؟	کس قسم کی عام شکل ہوتی ہے؟
uqa_valid	حیاتیاتی اہمیت کے ساتھ نامیاتی مرکبات میں ، <ans> کاربوہائیڈریٹ </ans> میں آکسیجن کا سب سے بڑا تناسب ہوتا ہے۔	کون سے نامیاتی مرکبات میں بڑے پیمانے پر آکسیجن کی سب سے زیادہ مقدار ہوتی ہے؟	کس ملک میں سب سے بڑا ferlach تناسب سب سے زیادہ اہم ہے؟	پنجاب کا سب سے بڑا تناسب کیا ہے؟
uqa_valid	تمام چربی ، فیٹی ایسڈ ، امینو ایسڈ ، اور <ans> پروٹین </ans> میں آکسیجن ہوتی ہے (ان ایسڈوں اور ان کے ایسٹر باقیات میں کاربنائل گروپوں کی موجودگی کی وجہ سے) ۔	چربی، فیٹی ایسڈ، اور امینو ایسڈ کے علاوہ، کون سے دوسرے نامیاتی مرکبات میں آکسیجن ہوتی ہے؟	ایسڈ ایسڈ ایسڈ، اور ایسڈ ایسڈ ایسڈ کے ساتھ ساتھ، کس قسم کے حیاتیات میں آکسیجن ہوتی ہے؟	ایسڈ، ایسڈ، ایسڈ، ایسڈ، ایسڈ، ایسڈ، ایسڈ، ایسڈ، ایسڈ، ایسڈ، ایسڈ، ایسڈ، ایسڈ، ایسڈ، ایسڈ، ایسڈ، ایسڈ، ایسڈ، ایسڈ، اور ایسڈ
uqa_valid	آکسیجن حیاتیاتی طور پر اہم توانائی لے جانے والے مالیکیولز اے ٹی پی اور اے ڈی پی میں فاسفیٹ (PO3-4) گروپوں میں ، ریڑھ کی ہڈی میں اور آر این اے اور ڈی این اے کی پیریمڈائنز (سوائے ایڈینین) اور پیریمڈائنز میں ، اور <ans> ہڈی </ans> میں ہوتا ہے۔	جسم کے کس کیلشیم پر مشتمل حصے میں آکسیجن ایک حصہ ہے؟	ایک این اے اے میں ڈفیفیٹ اور ڈفیفیٹز میں کس قسم کی آب و ہوا پائی جاتی ہے؟	کس قسم کے حیاتیات میں آر این اے اے اور ڈفیفیٹز پائی جاتی ہے؟
uqa_valid	پھیپھڑوں اور مرکزی اعصابی نظام کے لئے <ans> آکسیجن زہریلا </ans> گہری سکوبا ڈائیونگ اور سطح کی فراہمی ڈائیونگ میں بھی پیش آسکتا ہے۔	گہرے سمندر میں غوطہ خوری سے کیا صحت کے مسائل پیدا ہو سکتے ہیں؟	کس قسم کے نح ڈائیونگ اور نبا ڈائیونگ کے لئے ایک نبا ڈائیونگ اور پیش کردہ پیشنک میں پیش کیا جاتا ہے؟	دبا ڈائیونگ اور کس قسم کی نبا ڈائیونگ کی پیش گوئی کی جاتی ہے؟
uqa_valid	<ans> پھیپھڑوں اور مرکزی اعصابی نظام کے لئے آکسیجن زہریلا </ans> گہری سکوبا ڈائیونگ اور سطح کی فراہمی ڈائیونگ میں بھی پیش آسکتا ہے۔	گہرے سمندر میں غوطہ خوری سے کیا صحت کے مسائل پیدا ہو سکتے ہیں؟	دبا ڈائیونگ اور نبا ڈائیونگ کے بارے میں کیا خیال ہے؟	دبا ڈائیونگ اور سطح کی فراہمی کے بارے میں کیا خیال ہے؟
uqa_valid	60 kPa سے زیادہ O 2 جزوی دباؤ کے ساتھ ہوا کے مرکب کی طویل عرصے سے سانس لینے سے بالآخر مستقل <ans> پلمونری فبروسی </ans> ہوسکتی ہے۔	60 kPa پر آکسیجن کی طویل سانس لینے کا استعمال کس چیز کا باعث بن سکتا ہے؟	جب کوئی دباؤ نہیں ہوا تو کیا ہوتا ہے؟	کیمیائی دباؤ کے مرکب کی وجہ سے کیا ہو سکتا ہے؟
uqa_valid	60 kPa سے زیادہ O 2 جزوی دباؤ کے ساتھ ہوا کے مرکب کی طویل عرصے سے سانس لینے سے بالآخر <ans> مستقل پلمونری فبروسی </ans> ہوسکتی ہے۔	60 kPa پر آکسیجن کی طویل سانس لینے کا استعمال کس چیز کا باعث بن سکتا ہے؟	ہوا کی جہا سے زیادہ دباؤ والے جہاضوں سے کیا ہوا؟	کیمیائی دباؤ کے مرکب کی وجہ سے کیا ہوا؟
uqa_valid	<ans> 160 kPa </ans> (تقریبا 1.	کس سے زیادہ دباؤ تشنج کا سبب بن سکتا ہے؟	کتنے لوگ The Whula shul shul shul shul unkun unnul shu	کتنے لوگ غربت کی طرف سے پیدا کیا گیا تھا؟
uqa_valid	خلائی ایپلی کیشنز میں خالص O 2 کی سانس لینے ، جیسے کچھ جدید خلائی سوٹ میں ، یا اپولو جیسے ابتدائی خلائی جہازوں میں ، استعمال ہونے والے <ans> کم مجموعی دباؤ </ans> کی وجہ سے کوئی نقصان نہیں ہوتا ہے۔	خلائی جہاز میں آکسیجن سانس لینا صحت کے لیے خطرناک کیوں نہیں ہے؟	خلائی خلائی جہازوں میں استعمال ہونے والے کچھ خلائی جہازوں میں سے ایک کیا ہے؟	خلائی خلائی جہازوں میں استعمال ہونے والے کچھ خلائی جہاز کا نام کیا ہے؟
uqa_valid	خلائی ایپلی کیشنز میں خالص O 2 کی سانس لینے ، جیسے کچھ جدید خلائی سوٹ میں ، یا اپولو جیسے ابتدائی خلائی جہازوں میں ، <ans> استعمال شدہ کم کل دباؤ </ans> کی وجہ سے کوئی نقصان نہیں ہوتا ہے۔	خلائی جہاز میں آکسیجن سانس لینا صحت کے لیے خطرناک کیوں نہیں ہے؟	خلائی خلائی جہازوں میں کیا نقصان نہیں ہو سکتا؟	خلائی خلائی جہازوں میں کیا نقصان نہیں ہو سکتا؟
uqa_valid	خلائی سوٹ کی صورت میں ، سانس لینے والی گیس میں O 2 جزوی دباؤ ، عام طور پر ، تقریبا <ans> 30 kPa </ans> (1.	خلائی سوٹ کا آکسیجن جزوی دباؤ کیا ہے؟	گیس کی گیس میں گیس کی قیمت کتنی ہے؟	گیس کے گیس میں گیس کی قیمت کتنی ہے؟
uqa_valid	خلائی سوٹ کی صورت میں ، سانس لینے والی گیس میں O 2 جزوی دباؤ ، عام طور پر ، <ans> تقریبا 30 kPa </ans> (1.	خلائی سوٹ کا آکسیجن جزوی دباؤ کیا ہے؟	گیس کی گیس میں گیس کی مقدار میں کتنے فیصد شامل ہیں؟	گیس کے گیس میں گیس کی قیمت کتنی ہے؟
uqa_valid	4 گنا معمول) ہوتا ہے ، اور خلائی مسافر کے شریان کے خون میں O 2 جزوی دباؤ عام سطح سمندر O 2 جزوی دباؤ سے <ans> صرف معمولی زیادہ </ans> ہوتا ہے۔	خلائی سوٹ میں آکسیجن کی سطح کے ساتھ سمندر کی سطح کا موازنہ کیا ہے؟	wayling کے دباؤ میں عام طور پر کتنے فٹ بالکون دباؤ ہوتا ہے؟	تھورنگیا کے کھلے کے خون میں عام طور پر کتنے ٹاورز پائے جاتے ہیں؟
uqa_valid	4 گنا معمول) ہوتا ہے ، اور خلائی مسافر کے شریان کے خون میں O 2 جزوی دباؤ صرف <ans> عام سے زیادہ </ans> سمندری سطح O 2 جزوی دباؤ ہوتا ہے (اس کے بارے میں مزید معلومات کے لئے ، اسپیس سوٹ اور شریان خون کی گیس دیکھیں۔	خلائی سوٹ میں آکسیجن کی سطح کے ساتھ سمندر کی سطح کا موازنہ کیا ہے؟	ریجیان خون کے خون میں کتنے دباؤ سطح دباؤ دباؤ دباؤ دباؤ دباؤ دباؤ دباؤ دباؤ دباؤ دباؤ دباؤ دباؤ دباؤ دباؤ دباؤ دباؤ دباؤ دباؤ دباؤ دباؤ میں دباؤ ہوتا ہے؟	سینٹ بارٹس میں کتنے سمندری سطح پر دباؤ ہوتا ہے؟
uqa_valid	4 گنا معمول) ہوتا ہے ، اور خلائی مسافر کے شریان کے خون میں O 2 جزوی دباؤ عام سطح سمندر O 2 جزوی دباؤ سے صرف <ans> تھوڑا سا زیادہ </ans> ہوتا ہے (اس کے بارے میں مزید معلومات کے لئے ، خلائی سوٹ اور شریان خون کی گیس دیکھیں۔	خلائی سوٹ میں آکسیجن کی سطح کے ساتھ سمندر کی سطح کا موازنہ کیا ہے؟	ریجly خون کے خون میں سرخ رنگ دباؤ کے لئے کیا استعمال کیا جاتا ہے؟	چھتوں کے دباؤ میں سرخ رنگ کی مقدار کیا ہے؟
uqa_valid	خلائی ایپلی کیشنز میں خالص O 2 کی سانس لینا ، جیسے کچھ جدید خلائی سوٹ میں ، یا اپولو جیسے ابتدائی خلائی جہازوں میں ، استعمال ہونے والے کم مجموعی دباؤ کی وجہ سے <ans> کوئی نقصان </ans> نہیں ہوتا ہے۔	خلائی حالات میں آکسیجن سانس لینے سے کتنا نقصان ہوتا ہے؟	خلائی جہازوں میں استعمال ہونے والے کچھ خلائی جہازوں میں سے کچھ کیا ہیں؟	خلائی جہازوں میں استعمال ہونے والی کچھ خلائی مقدار میں سے ایک کیا ہے؟
uqa_valid	خلائی ایپلی کیشنز میں خالص O 2 کی سانس لینا ، جیسے کچھ جدید خلائی سوٹ میں ، یا اپولو جیسے ابتدائی خلائی جہازوں میں ، استعمال ہونے والے کم مجموعی دباؤ کی وجہ سے <ans> کوئی </ans> نقصان نہیں ہوتا ہے۔	خلائی حالات میں آکسیجن سانس لینے سے کتنا نقصان ہوتا ہے؟	کچھ خلائی وقت میں استعمال ہونے والے کچھ خلائی جہاز میں سے کچھ کیا ہیں؟	کچھ ایپلی کیشنز میں استعمال ہونے والے کچھ خلائی جہاز میں سے کچھ کیا ہیں؟
uqa_valid	آکسیجن گیس (O 2) زہریلا ہوسکتا ہے <ans> اعلی جزوی دباؤ پر </ans> ، جس کے نتیجے میں تشنج اور دیگر صحت کے مسائل پیدا ہوتے ہیں۔	آکسیجن گیس کب زہریلی حالت پیدا کر سکتی ہے؟	گیس کی گیس کے لئے کیا گیس کی جاتی ہے؟	گیس کی گیس کی وجہ کیا ہے؟
uqa_valid	آکسیجن گیس (O 2) <ans> اعلی جزوی دباؤ </ans> پر زہریلا ہوسکتا ہے ، جس کے نتیجے میں تشنج اور دیگر صحت کے مسائل پیدا ہوتے ہیں۔	آکسیجن گیس کب زہریلی حالت پیدا کر سکتی ہے؟	گیس کی گیس کا کیا سبب بنتا ہے؟	گیس گیس کس چیز پر پھیل سکتی ہے؟
uqa_valid	[j] آکسیجن زہریلا عام طور پر <ans> 50 کلوپاسکل </ans> (کی پی اے) سے زیادہ جزوی دباؤ پر ہونا شروع ہوتا ہے ، جو معیاری دباؤ پر تقریبا 50 50٪ آکسیجن کی ساخت کے برابر ہوتا ہے یا سمندری سطح کے عام O 2 جزوی دباؤ کے تقریبا 21 kPa کے 2.	آکسیجن کی زہریلا پن کب شروع ہوتی ہے؟	کون سے دو بڑے پیمانے پر دباؤ کے دباؤ کو کم کرنا شروع ہوتا ہے؟	عام طور پر زیادہ دباؤ کے دباؤ کو کیا کہا جاتا ہے؟
uqa_valid	[j] آکسیجن زہریلا عام طور پر <ans> 50 کلوپاسکل سے زیادہ جزوی دباؤ پر </ans> ہونا شروع ہوتا ہے ، جو معیاری دباؤ پر تقریبا 50 50٪ آکسیجن کی ساخت کے برابر ہوتا ہے یا عام سطح سمندر O 2 جزوی دباؤ کے تقریبا 21 21 kPa کے 2.	آکسیجن کی زہریلا پن کب شروع ہوتی ہے؟	عام طور پر کس قسم کی زمین پر دباؤ ڈالا جاتا ہے؟	عام طور پر کس قسم کی زمین پر شروع ہوتا ہے؟
uqa_valid	[j] آکسیجن زہریلا عام طور پر جزوی دباؤ <ans> 50 کلوپاسکل سے زیادہ </ans> (kPa) پر ہونا شروع ہوتا ہے ، جو معیاری دباؤ پر تقریبا 50 50٪ آکسیجن کی ساخت کے برابر ہوتا ہے یا عام سطح سمندر O 2 جزوی دباؤ تقریبا 21 kPa کے 2.	آکسیجن کی زہریلا پن کب شروع ہوتی ہے؟	عام دباؤ میں عام دباؤ کا کتنا فیصد ہوتا ہے؟	عام طور پر دباؤ والے نوجوانوں کو کیا کہا جاتا ہے؟
uqa_valid	[j] آکسیجن زہریلا عام طور پر 50 کلوپاسکل (کی پی اے) سے زیادہ جزوی دباؤ پر ہونا شروع ہوتا ہے ، جو معیاری دباؤ پر تقریبا <ans> 50٪ آکسیجن </ans> کی ساخت کے برابر ہوتا ہے یا تقریبا 21 21 کی پی اے کے عام سطح سمندر O 2 جزوی دباؤ کے 2.	50 کلوپاسکل کتنے کے برابر ہے؟	عام طور پر کتنے دباؤ والے برابر ہیں؟	عام طور پر کتنے دباؤ والے برابر ہوسکتے ہیں؟
uqa_valid	[j] آکسیجن زہریلا عام طور پر 50 کلوپاسکل (کی پی اے) سے زیادہ جزوی دباؤ پر ہونا شروع ہوتا ہے ، جو <ans> معیاری دباؤ پر تقریبا 50 50٪ آکسیجن کی ساخت </ans> یا عام سطح سمندر O 2 جزوی دباؤ کے تقریبا 21 kPa کے 2.	50 کلوپاسکل کتنے کے برابر ہے؟	عام طور پر پارضوں کے ساتھ کیا ہوتا ہے؟	عام طور پر عام طور پر کیا ہوتا ہے؟
uqa_valid	یہ <ans> مکینیکل وینٹیلیٹرز </ans> پر مریضوں کے علاوہ کوئی مسئلہ نہیں ہے ، کیونکہ طبی ایپلی کیشنز میں آکسیجن ماسک کے ذریعے فراہم کردہ گیس عام طور پر حجم کے لحاظ سے صرف 30٪ - 50٪ O 2 پر مشتمل ہوتی ہے (معیاری دباؤ پر تقریبا 30 kPa) ۔	کون سا طبی آلہ آکسیجن کی زہریلی کے لئے تشویش کا باعث بن سکتا ہے؟	جینیاتی مواد میں جینیاتی طور پر کس قسم کی جینیاتی مواد کا استعمال کیا جاتا ہے؟	کس قسم کے جینیاتی مواد کو نقصان کے طور پر استعمال کیا جا سکتا ہے؟
uqa_valid	یہ مکینیکل وینٹیلیٹرز پر مریضوں کے علاوہ کوئی مسئلہ نہیں ہے ، کیونکہ طبی ایپلی کیشنز میں <ans> آکسیجن ماسک </ans> کے ذریعے فراہم کردہ گیس عام طور پر حجم کے لحاظ سے صرف 30٪ - 50٪ O 2 پر مشتمل ہوتی ہے (معیاری دباؤ پر تقریبا 30 kPa) ۔	کون سا طبی آلہ آکسیجن کی زہریلی کے لئے تشویش کا باعث بن سکتا ہے؟	ایک تھرمل، یہ ایپلی کیشنز میں گیس کی مقدار میں سے ایک کیا ہے؟	کس قسم کی روشنی میں جینیاتی طور پر استعمال کیا جاتا ہے؟
uqa_valid	یہ مکینیکل وینٹیلیٹرز پر مریضوں کے علاوہ کوئی مسئلہ نہیں ہے ، کیونکہ طبی ایپلی کیشنز میں آکسیجن ماسک کے ذریعے فراہم کردہ گیس عام طور پر حجم کے لحاظ سے صرف <ans> 30٪ - 50٪ </ans> O 2 پر مشتمل ہوتی ہے (معیاری دباؤ پر تقریبا 30 kPa) ۔	طبی ماسک عام طور پر آکسیجن کا کتنا فیصد فراہم کرتا ہے؟	ایک کیڑے میں کتنے فیصد کے طور پر استعمال کیا جاتا ہے؟	ایک کیڑے کے طور پر کتنا فیصد استعمال کیا جاتا ہے؟
uqa_valid	1973 کے تیل کے بحران کا آغاز <ans> اکتوبر 1973 </ans> میں ہوا جب عرب پیٹرولیم برآمد کرنے والے ممالک کی تنظیم (او اے پی ای سی ، جس میں او پی ای سی کے عرب ممبران کے علاوہ مصر اور شام شامل ہیں) نے تیل کی پابندی کا اعلان کیا۔	1973 کے تیل کا بحران کب شروع ہوا؟	کس سال ناصر نے بحران کے بحران کے آغاز کا آغاز کیا؟	مصر کے بحران کا آغاز کب ہوا؟
uqa_valid	1973 کے تیل کے بحران کا آغاز <ans> اکتوبر </ans> 1973 میں ہوا جب عرب پیٹرولیم برآمد کرنے والے ممالک کی تنظیم (او اے پی ای سی ، جس میں او پی ای سی کے عرب ممبران کے علاوہ مصر اور شام شامل ہیں) نے تیل کی پابندی کا اعلان کیا۔	1973 کے تیل کا بحران کب شروع ہوا؟	کس سال ناصر نے بحران کے بحران کے آغاز میں شروع کیا؟	1973 کے بحران کے منصوبے کا آغاز کس سال ہوا؟
uqa_valid	1973 کے تیل کے بحران کا آغاز اکتوبر <ans> 1973 </ans> میں ہوا جب عرب پیٹرولیم برآمد کرنے والے ممالک کی تنظیم (او اے پی ای سی ، جس میں او پی ای سی کے عرب ممبران کے علاوہ مصر اور شام شامل ہیں) نے تیل کی پابندی کا اعلان کیا۔	1973 کے تیل کا بحران کب شروع ہوا؟	کس سال ناصر نے بحران کے بحران کے آغاز کا آغاز کیا؟	مصر کا بحران کب شروع ہوا؟
uqa_valid	مارچ 1974 میں پابندی کے اختتام تک تیل کی قیمت 3 امریکی ڈالر فی بیرل سے بڑھ کر <ans> تقریبا 12 ڈالر </ans> ہوگئی تھی۔	مارچ 1974 میں تیل کی قیمت کتنی تھی؟	مارچ 2011 تک ، لیبیا کی تیل کی اوسط قیمت کیا تھی؟	مارچ 2011 تک ، لیبیا کی تیل کی اوسط قیمت کیا تھی؟
uqa_valid	مارچ 1974 میں پابندی کے اختتام تک تیل کی قیمت 3 امریکی ڈالر فی بیرل سے بڑھ کر تقریبا <ans> 12 ڈالر </ans> ہوگئی تھی۔	مارچ 1974 میں تیل کی قیمت کتنی تھی؟	مارچ 2008 تک ، لیبیا کی تیل کی اوسط آمدنی کیا تھی؟	مارچ 2011 تک ، لیبیا کی تیل کی اوسط قیمت کیا تھی؟
uqa_valid	بعد میں اسے پہلا تیل جھٹکا کہا گیا ، اس کے بعد <ans> 1979 </ans> تیل کا بحران ، جسے دوسرا تیل جھٹکا کہا جاتا ہے۔	دوسرا تیل کا بحران کب تھا؟	تیل تیل تیل تیل تیل تیل تیل تیل تیل تیل تیل تیل تیل تیل تیل تیل تیل تیل کے تیل تیل تیل کے تیل تیل کے تیل تیل کے تیل تیل کے تیل کے بعد تیل تیل تیل کے تیل	تیل تیل تیل تیل تیل تیل تیل تیل تیل تیل تیل تیل تیل تیل کے تیل تیل تیل کے تیل تیل کے تیل تیل کے بعد تیل تیل تیل کے تیل کا تیل کیا ہے؟
uqa_valid	بعد میں اسے <ans> پہلا تیل کا جھٹکا </ans> کہا گیا ، اس کے بعد 1979 کے تیل کے بحران کو دوسرا تیل کا جھٹکا کہا گیا۔	تیل کے بحران کے لئے ایک اور اصطلاح کیا استعمال کی گئی تھی؟	تیل تیل تیل تیل تیل تیل تیل تیل تیل تیل کے تیل تیل کے تیل تیل کو تیل کے تیل کے طور پر تیل کے بعد کیا تیل ملا؟	تیل تیل تیل تیل تیل کے تیل تیل کے تیل تیل کو تیل کے تیل کے طور پر تیل کا سبب کیا تھا؟
uqa_valid	پابندی نے تیل کے بحران ، یا <ans> شوک </ans> کا سبب بنا ، جس کے عالمی سیاست اور عالمی معیشت پر بہت سے قلیل مدتی اور طویل مدتی اثرات مرتب ہوئے۔	تیل کے بحران کے لئے ایک اور اصطلاح کیا استعمال کی گئی تھی؟	تیل کے تیل کے بحران کے دوران، تیل نے بحران کے بحران کے دوران کیا کیا؟	تیل نے تیل کے بحران کے دوران کس چیز کا سبب بنا؟
uqa_valid	1973 کے تیل کے بحران کا آغاز اکتوبر 1973 میں ہوا جب <ans> عرب پیٹرولیم برآمد کرنے والے ممالک کی تنظیم کے ممبران </ans> (او اے پی ای سی ، جس میں او پی ای سی کے عرب ممبران کے علاوہ مصر اور شام شامل ہیں) نے تیل کی پابندی کا اعلان کیا۔	تیل کی پابندی کا اعلان کس نے کیا؟	او اے پی ای سی کا مخفف کیا ہے؟	او اے پی ای کا مخفف کیا ہے؟
uqa_valid	1973 کا تیل کا بحران اکتوبر 1973 میں شروع ہوا جب <ans> عرب پیٹرولیم برآمد کرنے والے ممالک کی تنظیم </ans> (او اے پی ای سی ، جس میں او پی ای سی کے عرب ممبران کے علاوہ مصر اور شام شامل ہیں) نے تیل کی پابندی کا اعلان کیا۔	تیل کی پابندی کا اعلان کس نے کیا؟	اے اے پی ای سی کا مخفف کیا ہے؟	اے اے پی ای کا مخفف کیا ہے؟
uqa_valid	1973 کے تیل کے بحران کا آغاز اکتوبر 1973 میں ہوا جب عرب پیٹرولیم برآمد کرنے والے ممالک کی تنظیم ( <ans> او اے پی ای سی </ans> ، جس میں او پی ای سی کے عرب ممبران کے علاوہ مصر اور شام شامل ہیں) نے تیل کی پابندی کا اعلان کیا۔	تیل کی پابندی کا اعلان کس نے کیا؟	عرب حکومتوں کے بحران کے بعد عرب ممالک کی تنظیم کا نام کیا تھا؟	عرب انقلابی کمیٹی کا نام کیا ہے؟
uqa_valid	کچھ یورپی ممالک اور جاپان نے مشرق وسطی میں ریاستہائے متحدہ کی خارجہ پالیسی سے خود کو الگ کرنے کی کوشش کی <ans> بائیکاٹ کا نشانہ بننے سے بچنے کے لئے </ans> ۔	بحران کے دوران یورپی ممالک اور جاپان نے خود کو امریکہ سے الگ کیوں کیا؟	یورپی ممالک نے جاپان کی خارجہ پالیسی کو خود کو کیوں کرنے کی کوشش کی؟	یورپی ممالک نے امریکہ میں خارجہ پالیسی سے خود کو کیا کرنے کی کوشش کی؟
uqa_valid	<ans> انہوں نے اسرائیل کو جزیرہ نما سینا اور گولان ہائٹس سے پیچھے ہٹنے کا بندوبست کیا۔ </ans>	نکسن انتظامیہ نے غیر تعاون کرنے والے ممالک کے ساتھ کس طرح بات چیت کی؟	اسرائیل نے اسرائیل کو کس طرح بیان کیا؟	اسرائیل نے اسرائیل کو کس طرح بیان کیا؟
uqa_valid	اس کو حل کرنے کے لئے ، نکسن انتظامیہ نے جنگجوؤں کے ساتھ <ans> کثیر جہتی </ans> مذاکرات شروع کیے۔	نکسن انتظامیہ نے غیر تعاون کرنے والے ممالک کے ساتھ کس طرح بات چیت کی؟	اتحادیوں نے اپنی انتظامیہ کے ساتھ کیا مذاکرات شروع کرنے کے لئے شروع کیا؟	اتحادیوں نے اپنی انتظامیہ کے ساتھ کیا مذاکرات شروع کرنے کی کوشش کی؟
uqa_valid	اس کو حل کرنے کے لئے ، نکسن انتظامیہ نے جنگجوؤں کے ساتھ <ans> کثیر جہتی مذاکرات </ans> شروع کیے۔	نکسن انتظامیہ نے غیر تعاون کرنے والے ممالک کے ساتھ کس طرح بات چیت کی؟	جب اس نے اپنے آپریشنز کے حل کو حل کرنے کے لئے کیا کیا؟	اتحادیوں نے کیا مذاکرات شروع کرنے کے لئے شروع کیا؟
uqa_valid	<ans> 18 جنوری 1974 </ans> تک ، امریکی وزیر خارجہ ہنری کسنجر نے جزیرہ نما سینا کے کچھ حصوں سے اسرائیلی فوجیوں کی واپسی پر بات چیت کی تھی۔	ہنری کسنجر نے کس تاریخ پر جزیرہ نما سینا سے اسرائیلی فوجیوں کے انخلا پر بات چیت کی تھی؟	کس سال تک وزیر خارجہ نے فوجیوں کی فوجوں پر بات چیت کی تھی؟	کس سال تک وزیر خارجہ نے فوجیوں کی واپسی پر بات چیت کی تھی؟
uqa_valid	اسرائیل اور شام کے مابین مذاکرات سے طے شدہ تصفیہ کا وعدہ <ans> مارچ 1974 </ans> میں عرب تیل پروڈیوسروں کو قائل کرنے کے لئے کافی تھا۔	عرب تیل پروڈیوسروں نے پابندی کب ختم کی؟	عرب اسرائیلی تنازعہ کب طے کیا گیا تھا؟	عرب اسرائیلی تنازعہ کب طے کیا گیا تھا؟
uqa_valid	<ans> 15 اگست ، 1971 کو </ans> ، ریاستہائے متحدہ نے یکطرفہ طور پر بریٹن ووڈس معاہدے سے دستبردار ہوگیا۔	ریاستہائے متحدہ امریکہ نے بریٹن ووڈس معاہدے سے کب دستبرداری اختیار کی؟	کس تاریخ پر امریکہ نے رطرفہٹن کے معاہدے پر معاہدہ کیا؟	کس تاریخ پر امریکہ نے رطرفہٹن کے معاہدے پر معاہدہ کیا؟
uqa_valid	<ans> 15 اگست ، 1971 </ans> کو ، ریاستہائے متحدہ امریکہ نے یکطرفہ طور پر بریٹن ووڈس معاہدے سے دستبردار ہوگیا۔	ریاستہائے متحدہ امریکہ نے بریٹن ووڈس معاہدے سے کب دستبرداری اختیار کی؟	امریکہ نے یکطرفہ پر کب فتح حاصل کی؟	کس تاریخ پر امریکہ نے امریکہ میں بریٹن ووڈس کے معاہدے پر معاہدہ کیا؟
uqa_valid	امریکہ نے سونے کے تبادلے کے معیار کو ترک کردیا جس کے ذریعہ ڈالر کی قیمت سونے کی قیمت سے منسلک کی گئی تھی اور دیگر تمام کرنسیوں کو ڈالر سے منسلک کیا گیا تھا ، جس کی قیمت کو <ans> فلوٹ (مارکیٹ کی طلب کے مطابق بڑھنے اور گرنے) کے لئے چھوڑ دیا گیا تھا۔ </ans>	"جب کرنسیوں کو ""فلوٹ"" کرنے کے لئے چھوڑ دیا جاتا ہے تو اس کا کیا مطلب ہے؟"	قیمت کے قیمت کے قیمت کے نتیجے میں سونے کی قیمت کو کیا کہا جاتا تھا؟	سونے کی قیمت کی قیمت کیا تھی؟
uqa_valid	امریکہ نے گولڈ ایکسچینج اسٹینڈرڈ کو ترک کردیا جس کے ذریعہ ڈالر کی قیمت سونے کی قیمت سے منسلک کی گئی تھی اور دیگر تمام کرنسیوں کو ڈالر سے منسلک کیا گیا تھا ، جس کی قیمت کو فلوٹ کرنے کے لئے چھوڑ دیا گیا تھا ( <ans> مارکیٹ کی طلب کے مطابق بڑھنا اور گرنا </ans> ) ۔	"جب کرنسیوں کو ""فلوٹ"" کرنے کے لئے چھوڑ دیا جاتا ہے تو اس کا کیا مطلب ہے؟"	امریکہ نے قیمت کے قیمت کے قیمت کو کیا کہا؟	امریکہ کی قیمت کی قیمت کیا تھی؟
uqa_valid	اس بات کی توقع کرتے ہوئے کہ کرنسی کی قیمتیں ایک وقت کے لئے غیر متوقع طور پر اتار چڑھاؤ کریں گی ، <ans> صنعتی ممالک نے اپنے ذخائر میں اضافہ </ans> (اپنی رقم کی فراہمی میں توسیع کرکے) پہلے سے کہیں زیادہ مقدار میں کیا۔	صنعتی ممالک کے ڈالر کی قدر میں کمی کیوں ہوئی؟	کیا اس کی قیمت میں اضافہ ہوا؟	جب زراعت کی قیمت میں کمی آئی تو اس کی قیمت کیا تھی؟
uqa_valid	اس بات کی توقع کرتے ہوئے کہ کرنسی کی قیمتیں ایک وقت کے لئے غیر متوقع طور پر اتار چڑھاؤ کریں گی ، <ans> صنعتی ممالک نے اپنے ذخائر (اپنی رقم کی فراہمی کو بڑھا کر) پہلے سے کہیں زیادہ مقدار میں بڑھایا </ans> ۔	صنعتی ممالک کے ڈالر کی قدر میں کمی کیوں ہوئی؟	کیا اس کی قیمت میں کمی آئی؟	کیا اس کی قیمت میں کمی آئی؟
uqa_valid	<ans> ستمبر 1971 </ans> میں ، اوپیک نے ایک مشترکہ اعلامیہ جاری کیا۔	تیل کی قیمت سونے کے لحاظ سے کب سے مقرر کی جانے لگی؟	کس سال میںیکیک نے مشترکہ مشترکہ اعلامیہ جاری کیا؟	کس سال میںیکیک نے مشترکہ مشترکہ اعلامیہ جاری کیا؟
uqa_valid	کیونکہ <ans> تیل کی قیمت ڈالر میں تھی ، تیل پروڈیوسروں کی حقیقی آمدنی کم ہوگئی </ans> ۔	تیل کی قیمت سونے کے حساب سے کیوں مقرر کی گئی؟	تیل کی قیمت کی قیمت کیا تھی؟	تیل کی قیمت کی قیمت کیا تھی؟
uqa_valid	<ans> کیونکہ تیل کی قیمت ڈالر میں تھی ، تیل پروڈیوسروں کی حقیقی آمدنی کم ہوگئی۔ </ans>	تیل کی قیمت سونے کے حساب سے کیوں مقرر کی گئی؟	تیل کی قیمت میں تیل کی قیمت کتنی تھی؟	تیل کی قیمت میں تیل کی قیمت کتنی تھی؟
uqa_valid	1947 سے 1967 تک ، تیل کی ڈالر کی قیمت <ans> سالانہ دو فیصد سے بھی کم بڑھ گئی تھی </ans> ۔	1947 سے 1967 تک تیل کی قیمت میں کتنا اضافہ ہوا؟	تیل کی قیمت کی قیمت کتنی تھی؟	تیل کی قیمت کی قیمت کتنی تھی؟
uqa_valid	1947 سے 1967 تک ، تیل کی ڈالر کی قیمت میں <ans> سالانہ دو فیصد سے بھی کم </ans> اضافہ ہوا تھا۔	1947 سے 1967 تک تیل کی قیمت میں کتنا اضافہ ہوا؟	جب سے تیل کی قیمت ڈالر کی قیمت میں اضافہ ہوا تھا تو اسے کیا کہا جاتا تھا؟	تیل کی قیمت میں تیل کی قیمت کتنی تھی؟
uqa_valid	<ans> 1971 کے بعد </ans> ، اوپیک نے اس قدر میں کمی کی عکاسی کرنے کے لئے قیمتوں کو دوبارہ ایڈجسٹ کرنے میں سست روی کا مظاہرہ کیا۔	اوپیک نے تیل کی قیمتوں کو دوبارہ ایڈجسٹ کرنا کب شروع کیا؟	کس سال میںیکیک نے اس کی کمی کو دوبارہ متعارف کرایا؟	کس سال پیراش نے اس کی کمی کو دوبارہ دوبارہ متعارف کرایا؟
uqa_valid	<ans> 1973-1974 </ans> کے اہم قیمتوں میں اضافے نے بڑی حد تک سونے جیسی اشیاء کے لحاظ سے ان کی قیمتوں اور متعلقہ آمدنی کو بریٹن ووڈس کی سطح پر واپس کردیا۔	اوپیک نے تیل کی قیمتوں کو دوبارہ ایڈجسٹ کرنا کب شروع کیا؟	کس سال میں قیمتوں میں سونے کی قیمتوں میں کمی آئی؟	کس سال میں قیمتوں میں سونے کی قیمتوں میں اضافہ ہوا؟
uqa_valid	<ans> 1971 </ans> کے بعد ، اوپیک نے اس قدر میں کمی کی عکاسی کرنے کے لئے قیمتوں کو دوبارہ ایڈجسٹ کرنے میں سست روی کا مظاہرہ کیا۔	اوپیک نے تیل کی قیمتوں کو دوبارہ ایڈجسٹ کرنا کب شروع کیا؟	کس سال میں اوپیک نے اس کی کمی کو دوبارہ متعارف کرایا؟	کس سال میں اوپیک نے اس کی کمی کو دوبارہ متعارف کرایا؟
uqa_valid	<ans> 1973-1974 </ans> کے اہم قیمتوں میں اضافے نے بڑی حد تک سونے جیسی اشیاء کے لحاظ سے ان کی قیمتوں اور متعلقہ آمدنی کو بریٹن ووڈس کی سطح پر واپس کردیا۔	تیل آخر کار بریٹن ووڈس کی سطح پر کب واپس آیا؟	کس سال میں قیمتوں میں سونے کی قیمتوں میں کمی آئی؟	کس سال میں قیمتوں میں سونے کی قیمتوں میں اضافہ ہوا؟
uqa_valid	1973 - <ans> 1974 </ans> کے نمایاں قیمتوں میں اضافے نے سونے جیسے اجناس کے لحاظ سے ان کی قیمتوں اور متعلقہ آمدنی کو بریٹن ووڈس کی سطح پر واپس کردیا۔	تیل آخر کار بریٹن ووڈس کی سطح پر کب واپس آیا؟	کس سال میں سونے نے سونے کے ناناس کے لئے اپنی آمدنی کی سطح پر واپس کیا؟	کس سال قیمتوں میں سونے نے ناناسس کی قیمتوں میں اضافے کی کوشش کی؟
uqa_valid	<ans> تیل کے جھٹکے تک </ans> ، قیمت دیگر کرنسیوں اور اجناس کے مقابلے میں کافی مستحکم رہی تھی۔	تیل کی قیمت عام طور پر کب تک ایک مستحکم شے ہے؟	قیمت میں ناناس کے مقابلے میں کافی مقدار میں کافی مستحکم رہتی تھی؟	کس زمانے میں قیمتوں اور اجناس کے مقابلے میں کافی مستحکم رہتی تھی؟
uqa_valid	<ans> تیل کے جھٹکے </ans> تک ، قیمت دیگر کرنسیوں اور اجناس کے مقابلے میں کافی مستحکم رہی تھی۔	تیل کی قیمت عام طور پر کب تک ایک مستحکم شے ہے؟	کس ملک میں قیمتوں اور اجناس کے مقابلے میں کافی مستحکم رہی تھی؟	کس زمانے میں قیمتوں اور اجناس کے مقابلے میں کافی مستحکم رہی تھی؟
uqa_valid	<ans> 6 اکتوبر 1973 کو </ans> شام اور مصر نے دیگر عرب ممالک کی حمایت سے یوم کیپور کے موقع پر اسرائیل پر حیرت انگیز حملہ کیا۔	شام اور مصر نے اسرائیل پر اچانک حملہ کب کیا؟	اسرائیل اور مصر نے عرب اسرائیلی حملے پر حملہ کب کیا؟	عرب اسرائیلیوں پر اسرائیل پر حملہ کب ہوا؟
uqa_valid	اس وقت <ans> ایران </ans> دنیا کا دوسرا سب سے بڑا تیل برآمد کنندہ اور امریکہ کا قریبی اتحادی تھا۔	دنیا کا دوسرا سب سے بڑا تیل پیدا کرنے والا ملک کون تھا؟	دنیا کا دوسرا سب سے بڑا برآمد کیا تھا؟	دنیا کا دوسرا سب سے بڑا برآمد کنندہ کون سا تھا؟
uqa_valid	آئیے <ans> دس گنا زیادہ </ans> کہتے ہیں۔	حیرت انگیز حملے کے بعد دوسری قوموں کو تیل کے لئے کتنے گنا زیادہ ادائیگی کرنی پڑی؟	آئی پی کتنے اعے ہیں؟	آئی پوڈ کتنے اجاتا ہے؟
uqa_valid	آئیے <ans> دس گنا </ans> زیادہ کہتے ہیں۔	حیرت انگیز حملے کے بعد دوسری قوموں کو تیل کے لئے کتنے گنا زیادہ ادائیگی کرنی پڑی؟	آئی پوڈ کتنے تا ہے؟	آئی پوڈ کے کتنے ارکان ہیں؟
uqa_valid	آپ ہمارا خام تیل خریدتے ہیں اور اسے واپس ہمیں بیچتے ہیں، پیٹرو کیمیکلز کے طور پر ریفائنڈ، آپ نے جو قیمت ادا کی ہے اس سے <ans> سو </ans> گنا زیادہ قیمت پر.	حیرت انگیز حملے کے بعد دوسری قوموں کو تیل کے لئے کتنے گنا زیادہ ادائیگی کرنی پڑی؟	"جب وہ اپنے آپ کو ""چلچ"" کہتے ہیں تو وہ کس قیمت پر قیمت کرتے ہیں؟"	ریفائنڈ کی قیمت کتنی ہے؟
uqa_valid	اس وقت <ans> ایران </ans> دنیا کا دوسرا سب سے بڑا تیل برآمد کنندہ اور امریکہ کا قریبی اتحادی تھا۔	کون سا تیل پیدا کرنے والا ریاست ہائے متحدہ امریکہ کا قریبی اتحادی ہے؟	دنیا کا دوسرا سب سے بڑا برآمد کیا تھا؟	دنیا کا دوسرا سب سے بڑا برآمد کنندہ کون سا تھا؟
uqa_valid	اس <ans> عرب اسرائیلی تنازعہ میں لڑائی کی تجدید </ans> نے تیل کی قیمتوں پر بنیادی معاشی دباؤ کو جاری کیا۔	ایران کے شاہ نے انٹرویو کیوں دیا؟	تیل کی قیمتوں میں اضافے کی بنیادی وجہ کیا تھی؟	تیل کی قیمتوں میں اضافے کا سبب کیا تھا؟
uqa_valid	عرب اسرائیلی تنازعہ میں <ans> دشمنانہ کارروائیوں کی تجدید </ans> نے تیل کی قیمتوں پر بنیادی معاشی دباؤ کو جاری کیا۔	ایران کے شاہ نے انٹرویو کیوں دیا؟	تیل کی معیشت پر بنیادی تنازعہ کس نے جاری کیا؟	عرب اسرائیلی تنازعہ میں اضافے کی بنیادی وجہ کیا تھی؟
uqa_valid	<ans> عرب اسرائیلی تنازعہ </ans> میں لڑائی کی اس تجدید نے تیل کی قیمتوں پر بنیادی معاشی دباؤ کو جاری کیا۔	ایران کے شاہ نے انٹرویو کیوں دیا؟	جنگ کی جنگ میں کس جنگ میں نپولین نے دباؤ پر دباؤ ڈالا؟	کس جنگ میں نپولین نے اس کی جنگ پر دباؤ ڈالا؟
uqa_valid	<ans> اسرائیل کو امریکی امداد کے جواب میں </ans> ، 16 اکتوبر ، 1973 کو ، اوپیک نے تیل کی پوسٹ کردہ قیمت کو 70 فیصد بڑھا کر 5.	اوپیک نے تیل کی قیمت 5.11 ڈالر تک کیوں بڑھا دی؟	کس ملک نے 1973 کو تیل کی تیل کی قیمت کو بڑھا دیا؟	کس ملک نے اسرائیل کو تیل کی تیل کی قیمت کو بڑھا دیا؟
uqa_valid	<ans> اسرائیل کو امریکی امداد </ans> کے جواب میں ، 16 اکتوبر ، 1973 کو ، اوپیک نے تیل کی پوسٹ کردہ قیمت کو 70٪ بڑھا کر 5.	اوپیک نے تیل کی قیمت 5.11 ڈالر تک کیوں بڑھا دی؟	کس ملک نے جنوری کو لیبیا کی قیمت کی قیمت میں اضافے کی اجازت دی؟	کس اشاعت کے نتیجے میں اشاعت نے لیبیا کی تیل کی قیمت کو بڑھا دیا؟
uqa_valid	اسرائیل کو امریکی امداد کے جواب میں ، <ans> 16 اکتوبر 1973 </ans> کو ، اوپیک نے تیل کی شائع شدہ قیمت میں 70٪ اضافہ کرکے 5.	انہوں نے تیل کی قیمت کو 5.11 ڈالر تک کب بڑھا دیا؟	اسرائیل نے کس تاریخ کو اسرائیل کی شائع شدہ تاریخ میں شائع کیا؟	اسرائیل کو کس تاریخ میں شائع کیا گیا تھا؟
uqa_valid	اسرائیل کو امریکی امداد کے جواب میں ، <ans> 16 اکتوبر ، 1973 </ans> کو ، اوپیک نے تیل کی پوسٹ کردہ قیمت میں 70٪ اضافہ کرکے 5.	انہوں نے تیل کی قیمت کو 5.11 ڈالر تک کب بڑھا دیا؟	اسرائیل نے کس تاریخ کو اسرائیل کی قیمت میں اضافے کی تاریخ میں اضافے کی؟	کس تاریخ کو اسرائیل نے تیل کے تیل کی قیمت میں اضافہ کیا؟
uqa_valid	اگلے دن ، تیل کے وزراء نے پابندی پر اتفاق کیا ، ستمبر کی پیداوار میں پانچ فیصد کمی اور پیداوار میں پانچ فیصد ماہانہ اضافے میں کمی جاری رکھنے کے لئے <ans> جب تک کہ ان کے معاشی اور سیاسی مقاصد کو پورا نہیں کیا گیا </ans> ۔	تیل کے وزراء نے تیل کی پیداوار میں کمی پر اتفاق کیوں کیا؟	تیل کی پیداوار میں کمی کے لئے تیل کی پیداوار میں کمی کا کیا نتیجہ نکلا؟	تیل کے تیل کی پیداوار میں کمی کا سبب کیا تھا؟
uqa_valid	<ans> اسرائیل کو امریکی امداد کے جواب میں </ans> ، 16 اکتوبر ، 1973 کو ، اوپیک نے تیل کی پوسٹ کردہ قیمت کو 70 فیصد بڑھا کر 5.	تیل کے وزراء نے تیل کی پیداوار میں کمی پر اتفاق کیوں کیا؟	کس ملک نے 1973 کو تیل کی تیل کی قیمت کو بڑھا دیا؟	کس ملک نے اسرائیل کو تیل کی تیل کی قیمت کو بڑھا دیا؟
uqa_valid	اسرائیل کو امریکی امداد کے جواب میں ، 16 اکتوبر ، 1973 کو ، <ans> اوپیک نے تیل کی پوسٹ کردہ قیمت </ans> میں 70 فیصد اضافہ کرکے 5.	تیل کے وزراء نے تیل کی پیداوار میں کمی پر اتفاق کیوں کیا؟	اسرائیل کو کس ملک میں اضافے کا سامنا کرنا پڑا؟	اکتوبر 2009 میں اسرائیل کو کس نے خریدا؟
uqa_valid	<ans> اسرائیل کو امریکی امداد </ans> کے جواب میں ، 16 اکتوبر ، 1973 کو ، اوپیک نے تیل کی پوسٹ کردہ قیمت کو 70٪ بڑھا کر 5.	اوپیک نے امریکہ کو تیل کی ترسیل کیوں روک دی؟	کس ملک نے جنوری کو لیبیا کی قیمت کی قیمت میں اضافے کی اجازت دی؟	کس اشاعت کے نتیجے میں اشاعت نے لیبیا کی تیل کی قیمت کو بڑھا دیا؟
uqa_valid	اپنی کویت میٹنگ میں ، <ans> او اے پی ای سی نے پابندی کا اعلان کیا جس نے مختلف ممالک کو برآمدات کو روک دیا اور امریکہ کو تیل کی تمام ترسیل کو ایک اہم دشمن ملک کے طور پر روک دیا۔ </ans>	اوپیک نے امریکہ کو تیل کی ترسیل کیوں روک دی؟	OKZ کے بارے میں کیا خیال تھا؟	پی اے سی سی نے کیا اعلان کیا؟
uqa_valid	اپنی کویت میٹنگ میں ، <ans> او اے پی ای سی نے پابندی کا اعلان کیا جس نے مختلف ممالک کو برآمدات کو روک دیا </ans> اور امریکہ کو تیل کی تمام ترسیل کو ایک اہم دشمن ملک کے طور پر روک دیا۔	اوپیک نے امریکہ کو تیل کی ترسیل کیوں روک دی؟	امریکہ میں تیل کی حمایت کے لئے کیا اہم تھا؟	ریاستہائے متحدہ میں لیبیا کو کس چیز نے روک دیا تھا؟
uqa_valid	سعودی عرب نے اگلے دہائیوں میں <ans> 100 ارب ڈالر سے زیادہ </ans> خرچ کیے تاکہ وہابیت کے نام سے مشہور اسلام کی اپنی بنیاد پرست تشریح کو دنیا بھر میں پھیلانے میں مدد ملے۔	سعودی عرب نے وہابیت کو پھیلانے کے لیے کتنا خرچ کیا؟	سعودی عرب نے اپنے دور میں کتنا پیسہ کمایا؟	سعودی عرب نے عرب دنیا میں کتنا پیسہ کمایا؟
uqa_valid	مذہبی خیراتی اداروں جیسے الحرمین فاؤنڈیشن ، جو اکثر تشدد پسند سنی انتہا پسند گروپوں جیسے <ans> القاعدہ اور طالبان </ans> کو بھی فنڈز تقسیم کرتی تھی۔	کون سا گروپ مذہبی خیراتی ادارے، الحرمین فاؤنڈیشن کی طرف سے تقسیم کردہ فنڈز سے فائدہ اٹھایا؟	الحررمین کس قسم کی تعلیم کو تقسیم کرنا تھا؟	الحررمین نے کن گروہوں کو تقسیم کرنا بند کر دیا؟
uqa_valid	مذہبی خیراتی اداروں جیسے الحرمین فاؤنڈیشن ، جو اکثر <ans> تشدد سنی انتہا پسند گروپوں جیسے القاعدہ اور طالبان </ans> کو بھی فنڈز تقسیم کرتی تھی۔	کون سا گروپ مذہبی خیراتی ادارے، الحرمین فاؤنڈیشن کی طرف سے تقسیم کردہ فنڈز سے فائدہ اٹھایا؟	الحررمین کس قسم کی معلومات کو تقسیم کرنا چاہتی تھی؟	الحررمین نے کن گروہوں کو تقسیم کیا؟
uqa_valid	بہت کچھ ہتھیاروں کی خریداری کے لئے گیا جس نے سیاسی کشیدگی کو بڑھایا ، خاص طور پر <ans> مشرق وسطی </ans> میں۔	آمدنی کا ایک حصہ ہتھیاروں کی خریداری میں چلا گیا جس نے خاص طور پر کس علاقے میں سیاسی کشیدگی کو بڑھا دیا؟	سیاسی اور سیاسی حکومتوں کے ساتھ سیاسی اتحاد کی وجہ سے، سیاسی نظام کو کیا کہا جاتا تھا؟	کس قسم کی ثقافت کو سیاسی طور پر سیاسی سمجھا جاتا ہے؟
uqa_valid	آمدنی کا کچھ حصہ دیگر کم ترقی یافتہ ممالک کی امداد کی شکل میں تقسیم کیا گیا تھا جن کی معیشتیں تیل کی زیادہ قیمتوں اور اپنی برآمداتی اشیا کی کم قیمتوں کے درمیان پھنس گئی تھیں ، <ans> مغربی طلب میں کمی </ans> کے درمیان۔	تیل کی آمدنی سے کم ترقی یافتہ ممالک کو امداد ملنے کی ایک وجہ کیا ہے؟	سرمایہ کاری کی معیشت کس ملک میں واقع ہے؟	سرمایہ کاری کی معیشت میں کمی کا سبب کیا تھا؟
uqa_valid	آمدنی کا کچھ حصہ دیگر کم ترقی یافتہ ممالک کی امداد کی شکل میں تقسیم کیا گیا تھا جن کی <ans> اقتصادیات تیل کی زیادہ قیمتوں اور اپنی برآمداتی اشیاء کی کم قیمتوں کے درمیان پھنس گئی تھیں </ans> ، مغربی طلب میں کمی کے درمیان۔	تیل کی آمدنی سے کم ترقی یافتہ ممالک کو امداد ملنے کی ایک وجہ کیا ہے؟	مغربی مالیاتی اداروں کی ترقی کی تقسیم کی وجہ کیا ہے؟	مغربی مالیاتی اداروں کی ترقی میں اضافے کا کیا نتیجہ نکلا؟
uqa_valid	سعودی عرب نے اگلے دہائیوں میں <ans> وہابیت </ans> کے نام سے مشہور اسلام کی اپنی بنیاد پرست تشریح کو دنیا بھر میں پھیلانے میں مدد کے لئے 100 ارب ڈالر سے زیادہ خرچ کیے۔	اسلام کی ایک بنیاد پرست تشریح کو کیا کہا جاتا ہے؟	عرب دنیا میں دنیا کی بنیاد کس نے رکھی؟	سعودی عرب دنیا کی بنیاد کس نے رکھی؟
uqa_valid	امریکی پیداوار میں ، <ans> تقسیم اور قیمتوں میں خلل </ans> کو معاشی بحران ، حد سے زیادہ افراط زر ، پیداوری میں کمی اور کم معاشی نمو کے لئے ذمہ دار ٹھہرایا گیا ہے۔	اس کی ایک وجہ کیا ہے کہ امریکی پیداوار کو کساد بازاری اور کم معاشی ترقی کے لئے ذمہ دار ٹھہرایا گیا ہے؟	امریکی پیداوار میں کمی کے لئے ذمہ دار کون ہے؟	امریکی پیداوار میں کمی کا سبب کیا ہے؟
uqa_valid	امریکہ میں پیداوار ، تقسیم اور قیمت کی رکاوٹوں کو کساد بازاری ، حد سے زیادہ افراط زر ، <ans> کم پیداوری </ans> اور کم معاشی نمو کے لئے ذمہ دار ٹھہرایا گیا ہے۔	اس کی ایک وجہ کیا ہے کہ امریکی پیداوار کو کساد بازاری اور کم معاشی ترقی کے لئے ذمہ دار ٹھہرایا گیا ہے؟	امریکہ میں، اور کم پیسہ کی کمی کے علاوہ، پیسہ اور کیا کمی کے لئے ذمہ دار ہے؟	دہشت گردی کی قیمت میں کمی کی وجہ کیا ہے؟
uqa_valid	یہ امکان کہ مشرق وسطیٰ <ans> یو ایس ایس آر </ans> کے ساتھ ایک اور سپر پاور تصادم بن سکتا ہے امریکہ کے لئے تیل سے زیادہ تشویش کا باعث تھا۔	امریکہ کس دوسرے ملک کے ساتھ مشرق وسطی کے تصادم کے بارے میں فکر مند ہے؟	کون سا سوویت یونین کے ساتھ زیادہ سے زیادہ سے زیادہ سے زیادہ شکار کے لئے ایک عظیم کھیل کا شکار تھا؟	یو ایس آر ایس آر کے علاوہ، کون سا دوسرا سپر پاور ایس اے ایس اے کا شکار تھا؟
uqa_valid	ریاستہائے متحدہ میں ، اسکالرز کا استدلال ہے کہ <ans> 1973 </ans> سے پہلے دونوں فریقوں کے مابین مساوات پر مبنی ایک مذاکرات پر مبنی تصفیہ پہلے ہی موجود تھا۔	علماء نے کہا کہ کس تاریخ سے پہلے 2 فریقوں کے مابین پہلے ہی ایک موجودہ تصفیہ موجود تھا؟	ریاستہائے متحدہ کے پہلے سال میں پہلا سال پہلے ہیرسٹ کون تھا؟	ریاستہائے متحدہ کے کس سال پہلے امریکہ نے پہلے دو گواہوںوں پر مبنی تھے؟
uqa_valid	مزید برآں ، توانائی کے بارے میں زیادہ فکر مند مفادات کے گروپ اور سرکاری ایجنسیاں <ans> کاسنجر </ans> کے تسلط کا مقابلہ نہیں کرسکتی تھیں۔	دلچسپی والے گروپ اور سرکاری ایجنسیاں جو توانائی سے متعلق تھیں وہ کس کے مقابلے میں نہیں تھیں؟	کون سا گروپ ٹائمز کے گروپ کے گروپ کے گروپ کے گروپ کا مقابلہ نہیں کر سکتا؟	کون سا گروپ ٹائمز کے گروپ کے گروپ کا گروپ نہیں تھا؟
uqa_valid	<ans> امبارا </ans> نے امریکی معیشت پر منفی اثر ڈالا کیونکہ امریکی توانائی کی سلامتی کو درپیش خطرات سے نمٹنے کے لئے فوری مطالبات کا سبب بنا۔	امریکی معیشت پر کس چیز کا منفی اثر ہے؟	امریکی معیشت کو کس نے متاثر کیا؟	امریکی معیشت کو کس نے متاثر کیا؟
uqa_valid	<ans> امبارگو </ans> نے امریکی معیشت پر منفی اثر ڈالا کیونکہ امریکی توانائی کی سلامتی کو درپیش خطرات کو حل کرنے کے لئے فوری مطالبات کا سبب بنا۔	امریکی معیشت پر کس چیز کا منفی اثر ہے؟	امریکی معیشت کو حل کرنے کے لئے فوری طور پر امریکی فوری طور پر کس نے مدد کی؟	امریکی معیشت کو حل کرنے کا سبب کیا تھا؟
uqa_valid	بین الاقوامی سطح پر ، قیمتوں میں اضافے نے بہت سی صنعتوں میں مسابقتی پوزیشنوں کو تبدیل کردیا ، جیسے <ans> آٹوموبائلز </ans> ۔	بین الاقوامی سطح پر، کس صنعت کی مسابقتی پوزیشنوں کو متاثر کیا جاتا ہے؟	قیمتوں میں اضافے کے بعد، اضافے نے اضافے میں اضافے کے لئے کیا کیا؟	قیمتوں میں اضافے میں اضافے کی وجہ سے بین الاقوامی سطح میں اضافے کا سبب کیا تھا؟
uqa_valid	<ans> میکرو اکنامک مسائل </ans> میں افراط زر اور ڈیفلیشن دونوں اثرات شامل تھے۔	کون سا مسئلہ افراط زر اور ڈیفلیشن دونوں اثرات پر مشتمل ہے؟	افراط زر اور ڈی این ڈی جیسے آڈیو اور ڈی این ڈی جیسے دونوں معیارات کس چیز سے تعلق رکھتے تھے؟	افراط زر اور ڈی اور ڈیڈیشن دونوں معیارات کس دور میں ہوئے تھے؟
uqa_valid	<ans> میکرو اکنامک </ans> مسائل میں افراط زر اور ڈیفلیشن دونوں اثرات شامل تھے۔	کون سا مسئلہ افراط زر اور ڈیفلیشن دونوں اثرات پر مشتمل ہے؟	مسائل میں افراط زر اور ڈی جیسے ڈی جیسے دونوں اور ڈیڈیشن جیسے دونوں کس قسم کا مسائل تھے؟	مسائل میں افراط زر اور ڈی جیسے ڈی جیسے ڈیڈیشن کس قسم کے مسائل تھے؟
uqa_valid	پابندی نے تیل کی کمپنیوں کو تیل کی فراہمی بڑھانے کے نئے طریقوں کی تلاش میں چھوڑ دیا ، یہاں تک کہ <ans> آرکٹک </ans> جیسے کھردری زمین میں بھی۔	تیل کے بحران نے تیل کمپنیوں کو کس علاقے میں تیل کی فراہمی میں اضافہ کرنے پر مجبور کیا؟	تیل کی تیل کی تیل کی تیل کی تیل کی تیل کی تلاش میں تیل کی تیل کے ساتھ کیا ہوا؟	تیل نے تیل کے تیل کی تلاش میں تلاش کرنے کے لئے تیل کے ساتھ کیا کیا؟
uqa_valid	تیل کی تلاش اور نئے شعبوں کی ترقی میں عام طور پر اہم پیداوار سے پہلے <ans> پانچ سے دس سال </ans> کی ضرورت ہوتی ہے۔	نئے علاقوں میں تیل کی نمایاں پیداوار ہونے میں کتنا وقت لگتا ہے؟	تیل کی ترقی میں تیل کی ترقی میں کتنا وقت لگتا ہے؟	تیل کی ترقی اور ترقی کی ترقی میں کتنا وقت لگتا ہے؟
uqa_valid	<ans> برطانیہ </ans> روایتی طور پر اسرائیل کا اتحادی رہا تھا ، اور ہارولڈ ولسن کی حکومت نے چھ روزہ جنگ کے دوران اسرائیلیوں کی حمایت کی۔	کون سا ملک اسرائیل کا روایتی اتحادی ہے؟	اسرائیل اور اسرائیل کے درمیان کس ملک کا اسرائیل تھا؟	کون سا ملک روایتی طور پر اسرائیل کا اتحادی سمجھا جاتا تھا؟
uqa_valid	اس کے جانشین ، ٹیڈ ہیتھ نے 1970 میں اس پالیسی کو تبدیل کرتے ہوئے <ans> اسرائیل </ans> کو اپنی 1967 سے پہلے کی سرحدوں پر واپس لینے کا مطالبہ کیا۔	ہیرالڈ ونسٹن نے چھ روزہ جنگ کے دوران کس ملک کی حمایت کی؟	ٹیڈ ہیتھتھ نے 1970 کی دہائی میں کس ملک کو اپنی موت کی کوشش کی؟	ٹیڈ ہیتھتھ نے 1970 کی دہائی میں کس ملک کو اپنی واپس آنے پر مجبور کیا؟
uqa_valid	برطانیہ روایتی طور پر اسرائیل کا اتحادی رہا تھا ، اور ہارولڈ ولسن کی حکومت نے چھ روزہ جنگ کے دوران <ans> اسرائیلیوں </ans> کی حمایت کی۔	ہیرالڈ ونسٹن نے چھ روزہ جنگ کے دوران کس ملک کی حمایت کی؟	ہارولڈ نے حکومت کے دوران کیا حمایت کی؟	ہارولڈ نے حکومت کے دوران کیا حمایت کی؟
uqa_valid	اس کے جانشین ، <ans> ٹیڈ ہیتھ </ans> نے 1970 میں اس پالیسی کو تبدیل کرکے اسرائیل کو اپنی 1967 سے پہلے کی سرحدوں پر واپس لینے کا مطالبہ کیا۔	کون چاہتا تھا کہ اسرائیل اپنی سرحد سے پیچھے ہٹ جائے؟	1970 کی دہائی میں اسرائیل میں کس نے اپنی پالیسی کو واپس آنے کا مطالبہ کیا؟	1970 کی دہائی میں اسرائیل کو کس نے واپس کیا؟
uqa_valid	پابندی سے نسبتاً غیر متاثر ہونے کے باوجود ، <ans> برطانیہ </ans> کو پھر بھی اپنے تیل کے بحران کا سامنا کرنا پڑا - 1973-74 کے موسم سرما میں کوئلے کے کان کنوں اور ریلوے کارکنوں کی ہڑتالوں کا ایک سلسلہ حکومت کی تبدیلی میں ایک اہم عنصر بن گیا۔	کون سا ملک پابندی سے بری طرح متاثر نہیں ہوا ہے؟	کون سی قوم نے اپنے معاشی بحران کے دوران موسم گرما کے بڑے پیمانے پر ایک مضبوط اثر و رسوخ کا تجربہ کیا؟	کون سی قومیں اکثر غیر ملکیوں کی ہڑتال کرتی تھیں؟
uqa_valid	پابندی سے نسبتاً غیر متاثر ہونے کے باوجود ، برطانیہ کو پھر بھی اپنے تیل کے بحران کا سامنا کرنا پڑا - 1973-74 کے موسم سرما میں کوئلے کے کان کنوں اور ریلوے کارکنوں کی <ans> ہڑتالوں کا ایک سلسلہ </ans> حکومت کی تبدیلی میں ایک اہم عنصر بن گیا۔	برطانیہ کو اپنے ہی ملک میں تیل کے بحران کا سبب کیا بنا؟	برطانیہ نے کس قسم کی حکومت کی ایک اہم عنصر کا سبب بنا؟	برطانیہ نے کس قسم کی حکومت کی ایک اہم عنصر کا سبب بنا؟
uqa_valid	پابندی سے نسبتاً غیر متاثر ہونے کے باوجود ، برطانیہ کو پھر بھی اپنے تیل کے بحران کا سامنا کرنا پڑا - 1973-74 کے موسم سرما میں <ans> کوئلے کے کان کنوں اور ریلوے کارکنوں کی ہڑتالوں کا ایک سلسلہ </ans> حکومت کی تبدیلی میں ایک اہم عنصر بن گیا۔	برطانیہ کو اپنے ہی ملک میں تیل کے بحران کا سبب کیا بنا؟	برطانیہ نے برطانیہ کے خلاف کیا اہم عنصر بنا؟	برطانیہ نے کس قسم کی حکومت میں اہم کردار ادا کیا؟
uqa_valid	پابندی سے نسبتاً غیر متاثر ہونے کے باوجود ، برطانیہ کو پھر بھی اپنے تیل کے بحران کا سامنا کرنا پڑا - 1973-74 کے موسم سرما میں <ans> کوئلے کے کان کنوں اور ریلوے کارکنوں کی ہڑتالوں </ans> کا ایک سلسلہ حکومت کی تبدیلی میں ایک اہم عنصر بن گیا۔	برطانیہ کو اپنے ہی ملک میں تیل کے بحران کا سبب کیا بنا؟	برطانیہ نے برطانیہ کے خلاف کیا اہم عنصر حاصل کی؟	برطانیہ نے برطانیہ میں کس طرح تبدیلی کی؟
uqa_valid	پابندی سے نسبتاً غیر متاثر ہونے کے باوجود ، برطانیہ کو پھر بھی اپنے تیل کے بحران کا سامنا کرنا پڑا - <ans> موسم سرما 1973-74 </ans> کے دوران کوئلے کے کان کنوں اور ریلوے کارکنوں کی ہڑتالوں کا ایک سلسلہ حکومت کی تبدیلی میں ایک اہم عنصر بن گیا۔	حملوں کا سلسلہ کب ہوا؟	کس عرصے کے دوران برطانیہ نے ریلوے اور ریلوے ہڑتال کی ایک اہم تبدیلی کا سبب بنا؟	کس عرصے کے دوران برطانیہ اور ریلوے ہڑتال کے درمیان ایک اہم عنصر بن گیا؟
uqa_valid	پابندی سے نسبتاً غیر متاثر ہونے کے باوجود ، برطانیہ کو پھر بھی اپنے تیل کے بحران کا سامنا کرنا پڑا - <ans> 1973-74 کے موسم سرما میں </ans> کوئلے کے کان کنوں اور ریلوے کارکنوں کی ہڑتالوں کا ایک سلسلہ حکومت کی تبدیلی میں ایک اہم عنصر بن گیا۔	حملوں کا سلسلہ کب ہوا؟	برطانیہ کے ریلوے ہڑتال کے دوران برطانیہ کے ریلوے ہڑتال کب پیدا ہوئے؟	برطانیہ اور ریلوے ہڑتال کب پیدا ہوئی؟
uqa_valid	پابندی سے نسبتاً غیر متاثر ہونے کے باوجود ، برطانیہ کو پھر بھی اپنے تیل کے بحران کا سامنا کرنا پڑا - <ans> 1973-74 کے موسم سرما </ans> کے دوران کوئلے کے کان کنوں اور ریلوے کارکنوں کی ہڑتالوں کا ایک سلسلہ حکومت کی تبدیلی میں ایک اہم عنصر بن گیا۔	حملوں کا سلسلہ کب ہوا؟	کس سال کے دوران برطانیہ نے ایک ہڑتال کے لئے ایک اور اہم عنصر کا سبب بنا؟	کس عرصے کے دوران برطانیہ اور ریلوے ہڑتال کے درمیان ایک اہم عنصر بن گیا؟
uqa_valid	برطانیہ ، <ans> جرمنی </ans> ، اٹلی ، سوئٹزرلینڈ اور ناروے نے اتوار کو پرواز ، ڈرائیونگ اور کشتی پر پابندی عائد کردی۔	ایک ایسے ملک کا نام بتائیں جس نے اتوار کے دن کشتی چلانے، گاڑی چلانے اور پرواز کرنے پر پابندی عائد کی ہو۔	برطانیہ اور سوئٹزرلینڈ نے کس ملک پر پابندی عائد کی؟	کون سا ملک برطانیہ اور ایندھن پر پابندی عائد کرتا ہے؟
uqa_valid	برطانیہ ، جرمنی ، <ans> اٹلی </ans> ، سوئٹزرلینڈ اور ناروے نے اتوار کے دن پرواز ، ڈرائیونگ اور کشتی پر پابندی عائد کردی۔	ایک ایسے ملک کا نام بتائیں جس نے اتوار کے دن کشتی چلانے، گاڑی چلانے اور پرواز کرنے پر پابندی عائد کی ہو۔	سوئٹزرلینڈ اور سوئٹزرلینڈ نے کس ملک پر پابندی عائد کی؟	کون سا ملک برطانیہ اور 3 دونوں پر پابندی عائد کرتا ہے؟
uqa_valid	برطانیہ ، جرمنی ، اٹلی ، سوئٹزرلینڈ اور <ans> ناروے </ans> نے اتوار کو پرواز ، ڈرائیونگ اور کشتی پر پابندی عائد کردی۔	ایک ایسے ملک کا نام بتائیں جس نے اتوار کے دن کشتی چلانے، گاڑی چلانے اور پرواز کرنے پر پابندی عائد کی ہو۔	کون سا ملک برطانیہ اور دیگر ممالک پر پابندی عائد کرتا ہے؟	کس ملک نے 3 اپریل کو 3نگ پر پابندی پر پابندی عائد کی؟
uqa_valid	<ans> سویڈن </ans> نے پٹرول اور ہیٹنگ آئل کی راشننگ کی۔	کس ملک نے پٹرول اور ہیٹنگ گیس کی راشننگ کی؟	پٹرول اور ٹنگشننگ کی راشننگ کی راشننگ کی وجہ کیا تھی؟	پٹرول اور ٹنگشننگ کی راشننگ کی تصویر کس نے کی؟
uqa_valid	<ans> قیمتوں پر قابو پانے </ans> نے امریکہ میں بحران کو مزید بڑھایا۔	امریکہ میں تیل کے بحران کو مزید خراب کرنے والا کیا تھا؟	امریکہ میں بحران کے بحران کو کس نے دریافت کیا؟	امریکہ میں بحران کا سبب کیا تھا؟
uqa_valid	اس نظام نے پرانے تیل (جو پہلے ہی دریافت ہوچکا تھا) کی قیمت کو محدود کیا جبکہ نئے دریافت ہونے والے تیل کو زیادہ قیمت پر فروخت کرنے کی اجازت دی تاکہ <ans> سرمایہ کاری کی حوصلہ افزائی </ans> کی جاسکے۔	نئے دریافت ہونے والے تیل کو زیادہ قیمت پر کیوں فروخت کیا جاتا ہے؟	تیل کی تیل کے تیل کے تیل کو بہتر بنانے کے لئے تیل کی قیمت کیا تھی؟	تیل کے تیل کی قیمت میں تیل کی قیمت کیا تھی؟
uqa_valid	اس نظام نے پرانے تیل (جو پہلے ہی دریافت ہوچکا تھا) کی قیمت کو محدود کیا جبکہ نئے دریافت ہونے والے تیل کو زیادہ قیمت پر فروخت کرنے کی اجازت دی <ans> سرمایہ کاری کی حوصلہ افزائی کرنے کے لئے </ans> ۔	نئے دریافت ہونے والے تیل کو زیادہ قیمت پر کیوں فروخت کیا جاتا ہے؟	تیل کی تیل کی قیمت کو کس حد تک محدود کرنے کی اجازت دی گئی تھی؟	تیل نے تیل کی قیمت کو کس حد تک محدود کرنے کی اجازت دی؟
uqa_valid	<ans> اس نظام نے پرانے تیل کی قیمت کو محدود کردیا </ans> (جو پہلے ہی دریافت ہوچکا تھا) جبکہ سرمایہ کاری کی حوصلہ افزائی کے لئے نئے دریافت شدہ تیل کو زیادہ قیمت پر فروخت کرنے کی اجازت دی۔	نئے دریافت ہونے والے تیل کو زیادہ قیمت پر کیوں فروخت کیا جاتا ہے؟	تیل کی قیمت میں تیل کی قیمت کیا تھی؟	کیا تیل نے تیل کے تیل تیل کی قیمت کو کم کرنے کی اجازت دی؟
uqa_valid	<ans> قیمتوں پر قابو پانے </ans> نے امریکہ میں بحران کو مزید بڑھایا۔	پرانے تیل کو مارکیٹ سے واپس کیوں لیا گیا؟	امریکہ میں بحران کے بحران کو کس نے دریافت کیا؟	امریکہ میں بحران کا سبب کیا تھا؟
uqa_valid	اس قاعدے کا مقصد <ans> تیل کی تلاش کو فروغ دینا </ans> تھا۔	پرانے تیل کو مارکیٹ سے واپس کیوں لیا گیا؟	قاعدے مقصد کا مقصد کیا تھا؟	قاعدے مقصد کا مقصد کیا تھا؟
uqa_valid	اس قاعدہ نے <ans> متبادل توانائیوں کی ترقی کو بھی حوصلہ شکنی کی </ans> ۔	پرانے تیل کو مارکیٹ سے واپس کیوں لیا گیا؟	کیا اس کی ترقی کے نتیجے میں اس کی ترقی کی اجازت دی گئی تھی؟	اس نے کیا کیا؟
uqa_valid	<ans> اس نظام نے پرانے تیل کی قیمت کو محدود کردیا </ans> (جو پہلے ہی دریافت ہوچکا تھا) جبکہ سرمایہ کاری کی حوصلہ افزائی کے لئے نئے دریافت شدہ تیل کو زیادہ قیمت پر فروخت کرنے کی اجازت دی۔	پرانے تیل کو مارکیٹ سے واپس کیوں لیا گیا؟	تیل کی قیمت میں تیل کی قیمت کیا تھی؟	کیا تیل نے تیل کے تیل تیل کی قیمت کو کم کرنے کی اجازت دی؟
uqa_valid	قلت کو <ans> راشننگ </ans> (جیسے بہت سے ممالک میں) کے ذریعہ حل کیا گیا تھا۔	بہت سے ممالک میں قلت کا انتظام کیسے کیا گیا؟	قلت کو کیا حل کیا گیا تھا؟	قلت کو کیا حل کیا گیا تھا؟
uqa_valid	1973 میں ، نکسن نے <ans> ولیم ای سائمن </ans> کو فیڈرل انرجی آفس کے پہلے ایڈمنسٹریٹر کے طور پر نامزد کیا ، جو پابندی کے جواب کو مربوط کرنے کے لئے بنائی گئی ایک قلیل مدتی تنظیم تھی۔	فیڈرل انرجی آفس کا پہلا منتظم کون ہے؟	فیڈرلسٹ آفس کا پہلا ایڈمنسٹریٹر کیا تھا؟	فیڈرلسٹ آفس کا پہلا صدر کون تھا؟
uqa_valid	<ans> 1973 میں </ans> ، نکسن نے ولیم ای سائمن کو فیڈرل انرجی آفس کے پہلے ایڈمنسٹریٹر کے طور پر نامزد کیا ، جو پابندی کے جواب کو مربوط کرنے کے لئے بنائی گئی ایک قلیل مدتی تنظیم تھی۔	وہ نکسن کی طرف سے منتخب کیا گیا تھا جب؟	کس سال ولیم چوتھے نے ای ای کو پہلی بار نامزد کیا؟	کس سال ولیم نے ای ای کو پہلی بار نامزد کیا تھا؟
uqa_valid	<ans> 1973 </ans> میں ، نکسن نے ولیم ای سائمن کو فیڈرل انرجی آفس کے پہلے ایڈمنسٹریٹر کے طور پر نامزد کیا ، جو پابندی کے جواب کو مربوط کرنے کے لئے بنائی گئی ایک قلیل مدتی تنظیم تھی۔	وہ نکسن کی طرف سے منتخب کیا گیا تھا جب؟	کس سال میں ای ای ای کو پہلی بار نامزد کیا گیا تھا؟	کس سال میں ای ای ای کو پہلی بار نامزد کیا گیا تھا؟
uqa_valid	1973 میں ، نکسن نے ولیم ای سائمن کو فیڈرل انرجی آفس کے پہلے ایڈمنسٹریٹر کے طور پر نامزد کیا ، ایک قلیل مدتی تنظیم جو <ans> امبارگو کے جواب کو مربوط کرنے </ans> کے لئے بنائی گئی تھی۔	یہ مختصر مدت کی تنظیم کیوں بنائی گئی؟	ای ای ای کو اصل میں کس طرح بیان کیا گیا تھا؟	ای آئی ای کو اصل میں کیا کہا جاتا تھا؟
uqa_valid	1973 میں ، نکسن نے ولیم ای سائمن کو فیڈرل انرجی آفس کے پہلے ایڈمنسٹریٹر کے طور پر نامزد کیا ، ایک قلیل مدتی تنظیم جو <ans> امبارگو کے جواب کو مربوط کرنے کے لئے </ans> بنائی گئی تھی۔	یہ مختصر مدت کی تنظیم کیوں بنائی گئی؟	ای ای ای کو اصل میں ای ڈی ای کے طور پر کیوں نامزد کیا گیا تھا؟	ای آئی ای کا اصل مقصد کیا تھا؟
uqa_valid	امریکن آٹوموبائل ایسوسی ایشن نے اطلاع دی کہ <ans> فروری 1974 کے آخری ہفتے </ans> میں ، 20٪ امریکی پٹرول اسٹیشنوں میں کوئی ایندھن نہیں تھا۔	اے اے اے کے مطابق، کتنے فیصد پٹرول اسٹیشنوں میں پٹرول ختم ہو گیا؟	امریکن آئیڈل ایسوسی ایشن نے کب سے امریکی مردم شماری میں کوئی کمی نہیں کی؟	امریکن آئیڈل ایسوسی ایشن نے امریکی مردم شماری میں کب شمولیت اختیار کی؟
uqa_valid	امریکن آٹوموبائل ایسوسی ایشن نے رپورٹ کیا کہ فروری 1974 کے آخری ہفتے میں ، <ans> 20٪ </ans> امریکی پٹرول اسٹیشنوں میں کوئی ایندھن نہیں تھی۔	اے اے اے کے مطابق، کتنے فیصد پٹرول اسٹیشنوں میں پٹرول ختم ہو گیا؟	امریکی آئیڈل کے آخری نصف میں، امریکی امریکی امریکی ایسوسی ایشن کا کتنا فیصد امریکی تھا؟	امریکن آئیڈل کا کتنا فیصد امریکی امریکی تھا؟
uqa_valid	امریکن آٹوموبائل ایسوسی ایشن نے رپورٹ کیا کہ فروری 1974 کے آخری ہفتے میں ، <ans> 20 </ans> فیصد امریکی پٹرول اسٹیشنوں میں کوئی ایندھن نہیں تھی۔	اے اے اے کے مطابق، کتنے فیصد پٹرول اسٹیشنوں میں پٹرول ختم ہو گیا؟	امریکن امریکی ایسوسی ایشن نے کتنے امریکی امریکی امریکی فوجیوں کو کم کیا؟	امریکن امریکی ایسوسی ایشن کا کتنا فیصد امریکی تھا؟
uqa_valid	کھپت کو کم کرنے میں مدد کے لئے ، 1974 میں ایمرجنسی ہائی وے انرجی کنزرویشن ایکٹ کے ذریعے <ans> 55 میل فی گھنٹہ </ans> (تقریبا 88 کلومیٹر فی گھنٹہ) کی قومی زیادہ سے زیادہ رفتار کی حد عائد کی گئی۔	کھپت کو کم کرنے کے لئے مقرر رفتار کی حد کیا ہے؟	داخلہ ہائی وےٹم کے ذریعے کتنے ہائی وے کی ضرورت تھی؟	داخلہ ہائی وےٹمز ایکٹ کے ذریعے کتنی رفتار کی حد سے حد کی گئی تھی؟
uqa_valid	کھپت کو کم کرنے میں مدد کے لئے ، 1974 میں <ans> ایمرجنسی ہائی وے انرجی کنزرویشن ایکٹ </ans> کے ذریعے 55 میل فی گھنٹہ (تقریبا 88 کلومیٹر فی گھنٹہ) کی قومی زیادہ سے زیادہ رفتار کی حد عائد کی گئی۔	اس قانون کا نام کیا ہے جس نے رفتار کی حد عائد کی ہے؟	1974 میں کس قسم کی قانون منظور کی گئی تھی؟	1974 میں کس قسم کی قانون منظور کی گئی تھی؟
uqa_valid	28 نومبر ، 1995 کو ، <ans> بل کلنٹن </ans> نے نیشنل ہائی وے نامزدگی ایکٹ پر دستخط کیے ، جس نے وفاقی 55 میل فی گھنٹہ (89 کلومیٹر فی گھنٹہ) کی رفتار کی حد کو ختم کردیا ، جس سے ریاستوں کو اپنی سابقہ زیادہ سے زیادہ رفتار کی حد کو بحال کرنے کی اجازت دی۔	کس صدر نے ایمرجنسی انرجی کنزرویشن ایکٹ کو ختم کیا؟	نیشنل آرکائیو کی قومی حکومت کی حد کیا تھی؟	کس نے نیشنل ہائی وے ایکٹ پر دستخط کیے؟
uqa_valid	<ans> 28 نومبر ، 1995 </ans> کو ، بل کلنٹن نے نیشنل ہائی وے نامزدگی ایکٹ پر دستخط کیے ، جس نے وفاقی 55 میل فی گھنٹہ (89 کلومیٹر فی گھنٹہ) کی رفتار کی حد کو ختم کردیا ، جس سے ریاستوں کو اپنی سابقہ زیادہ سے زیادہ رفتار کی حد کو بحال کرنے کی اجازت دی۔	نیشنل ہائی وے نامزد ایکٹ پر کب دستخط کیے گئے؟	بل کلنٹن ہائی ایکٹ ایکٹ کب منظور کیا گیا تھا؟	بل کلنٹن ہائی ایکٹ ایکٹ کب منظور کیا گیا تھا؟
uqa_valid	اسٹریٹجک پیٹرولیم ریزرو کی ترقی 1975 میں شروع ہوئی ، اور <ans> 1977 </ans> میں کابینہ کی سطح پر محکمہ توانائی تشکیل دی گئی ، اس کے بعد 1978 کے نیشنل انرجی ایکٹ نے۔	کابینہ کی سطح پر توانائی کا محکمہ کب بنایا گیا تھا؟	کابینہ کی سطح پر کب توانائی کی سطح پر مبنی کیا گیا تھا؟	کابینہ کی سطح پر محکمہ کی بنیاد کب رکھی گئی؟
uqa_valid	<ans> توانائی بحران </ans> نے قابل تجدید توانائی ، جوہری توانائی اور گھریلو جیواشم ایندھن میں زیادہ دلچسپی کا باعث بنا۔	قابل تجدید وسائل میں زیادہ دلچسپی پیدا کرنے والا اتپریرک کیا تھا؟	قابل تجدید توانائی کی پیداوار میں دلچسپی رکھنے کے قابل تجدید توانائی کو کس نے متاثر کیا؟	قابل تجدید توانائی اور ایندھن ایندھن میں دلچسپی کا سبب کیا تھا؟
uqa_valid	اس بات پر تنقید کی جارہی ہے کہ بحران کے بعد سے امریکی توانائی کی پالیسیوں میں بحران کی ذہنیت کا غلبہ رہا ہے ، مہنگے فوری اصلاحات اور سنگل شاٹ حل کو فروغ دیا جاتا ہے جو <ans> مارکیٹ اور ٹکنالوجی کی حقیقتوں </ans> کو نظرانداز کرتے ہیں۔	تنقید کی جاتی ہے کہ توانائی کی پالیسیاں مہنگی فوری اصلاحات ہیں جو کون سے حقائق کو نظرانداز کرتی ہیں؟	بحران کے بحران کے مطابق، امریکی اور حل حل حل کو کیا نظرانداز کرتا ہے؟	بحران کے بحران کے بارے میں کیا کہا جاتا ہے؟
uqa_valid	اس کے بجائے مستحکم قواعد فراہم کرنے کے بجائے جو بنیادی تحقیق کی حمایت کرتے ہیں جبکہ کاروباری اور جدت طرازی کے لئے کافی گنجائش چھوڑتے ہیں ، <ans> کانگریس اور صدور </ans> نے بار بار ان پالیسیوں کی حمایت کی ہے جو سیاسی طور پر مناسب حل کا وعدہ کرتے ہیں ، لیکن جن کے امکانات مشکوک ہیں۔	کس نے ان پالیسیوں کی حمایت کی جن کے حل اچھے لگتے ہیں لیکن ان کے امکانات خراب ہیں؟	کون سے دو لوگوں نے ان کی حمایت فراہم کی جو ان کے لئے حمایت نہیں کی جاتی ہے؟	کون سے دو لوگوں نے ان کی حمایت فراہم کی؟
uqa_valid	2004 میں ، غیر خفیہ دستاویزات نے انکشاف کیا کہ <ans> امریکہ </ans> تیل کی قیمتوں میں اضافے اور کم ترقی یافتہ ممالک کے ذریعہ چیلنج کیے جانے سے اتنا پریشان تھا کہ انہوں نے 1973 کے آخر میں مشرق وسطی کے تیل کے کھیتوں کو زبردستی قبضہ کرنے کے لئے مختصر طور پر فوجی کارروائی پر غور کیا۔	کون سا ملک مشرق وسطی کے تیل کے کھیتوں کو زبردستی لینے کے لئے جنگ میں جانے کے بارے میں سوچ رہا تھا؟	2004 میں، کس قسم کی تیل کی پیداوار میں کمی آئی؟	2004 میں تیل کی قیمتوں میں تیل کا تیل کیا تھا؟
uqa_valid	اگرچہ کوئی واضح منصوبہ ذکر نہیں کیا گیا تھا ، ریاستہائے متحدہ امریکہ کے وزیر دفاع جیمز شلیسنجر اور ریاستہائے متحدہ امریکہ میں <ans> برطانوی </ans> سفیر لارڈ کرومر کے مابین ایک گفتگو میں انکشاف ہوا کہ شلیسنجر نے اسے بتایا تھا کہ اب اس کے لئے یہ واضح نہیں تھا کہ امریکہ طاقت کا استعمال نہیں کرسکتا۔	کون سا ملک پریشان تھا کہ امریکہ مشرق وسطیٰ پر حملہ کرے گا؟	امریکہ میں مقیم رلیسنسن نے کس ملک کو واضح طور پر تسلیم کیا تھا؟	کون سا ملک امریکہ میں مقیم تھا؟
uqa_valid	اگرچہ مشرق وسطیٰ کے ساتھ تاریخی رابطوں کی کمی تھی ، <ans> جاپان </ans> عرب تیل پر سب سے زیادہ انحصار کرنے والا ملک تھا۔	کون سا ملک عرب تیل پر سب سے زیادہ انحصار کرتا ہے؟	کس ملک نے سب سے زیادہ اہم ملک کی حمایت کی؟	کون سا ملک سب سے زیادہ انحصار کرتا ہے؟
uqa_valid	1970 میں اس کے درآمد شدہ تیل کا <ans> 71٪ </ans> مشرق وسطیٰ سے آیا تھا۔	مشرق وسطیٰ سے کتنا تیل درآمد کیا گیا؟	1970 میں تیل کا تیل کتنا تیل تھا؟	1970 میں تیل کا تیل کتنا تیل تھا؟
uqa_valid	1970 میں اس کے درآمد شدہ تیل کا <ans> 71 </ans> ٪ مشرق وسطیٰ سے آیا تھا۔	مشرق وسطیٰ سے کتنا تیل درآمد کیا گیا؟	1970 میں تیل کا تیل تیل کا تیل کتنا تیل تھا؟	1970 میں تیل کا تیل کتنا تیل تھا؟
uqa_valid	اس نے دسمبر میں <ans> 5٪ پیداوار میں کمی </ans> حاصل کی ، جس سے گھبراہٹ پیدا ہوئی۔	جاپان کو بحران میں زیادہ ملوث ہونے پر مجبور کرنے کے لئے، سعودی اور کویت کی حکومتوں نے کیا کیا؟	دسمبر میں دسمبر میں کتنی کمی آئی؟	دسمبر 2012 میں دسمبر کی آبادی کتنی تھی؟
uqa_valid	7 نومبر ، 1973 کو ، سعودی اور کویت کی حکومتوں نے جاپان کو اپنی عدم شمولیت کی پالیسی کو تبدیل کرنے کی ترغیب دینے کے لئے <ans> غیر دوستانہ ملک کا اعلان </ans> کیا۔	جاپان کو بحران میں زیادہ ملوث ہونے پر مجبور کرنے کے لئے، سعودی اور کویت کی حکومتوں نے کیا کیا؟	کوریائی جنگ کے بعد، جاپان نے اپنی عدم توازن کو کیا کرنے کی کوشش کی؟	کوریائی جنگ کو کیا کہا جاتا تھا؟
uqa_valid	<ans> 22 نومبر </ans> کو ، جاپان نے ایک بیان جاری کیا کہ اسرائیل کو 1967 کے تمام علاقوں سے دستبردار ہونا چاہئے ، فلسطینی خود ارادیت کی وکالت کرتے ہوئے ، اور اگر اسرائیل نے ان شرائط کو قبول کرنے سے انکار کردیا تو اسرائیل کی طرف سے اپنی پالیسی پر نظر ثانی کرنے کی دھمکی دی۔	جاپان نے اسرائیلیوں کو فلسطین سے دستبردار ہونے کے لیے کب بیان جاری کیا؟	اسرائیل نے اسرائیل کو اسرائیل سے دستبردار کرنے کے لئے کب سے ایک خود کو واپس کرنے کی کوشش کی؟	اسرائیل نے اسرائیل پر کب حملہ کیا؟
uqa_valid	<ans> 25 دسمبر </ans> تک ، جاپان کو عرب دوست ریاست سمجھا جاتا تھا۔	جاپان کو کب عرب دوست ریاست کے طور پر قبول کیا گیا؟	جاپان کو عرب لیگ ریاست سمجھا جاتا تھا؟	جاپان کو عرب لیگ ریاست سمجھا جاتا تھا؟
uqa_valid	افغانستان پر <ans> یو ایس ایس آر کا حملہ </ans> خطے میں عدم تحفظ کی صرف ایک علامت تھی ، جس میں بڑھتی ہوئی امریکی ہتھیاروں کی فروخت ، ٹیکنالوجی اور مکمل فوجی موجودگی کی بھی نشاندہی کی گئی تھی۔	کس ملک کا حملہ مشرق وسطیٰ کی عدم سلامتی کو ظاہر کرتا ہے؟	کون سا علاقہ ایران کی فوجی بندرگاہ کی ایک بڑی تعداد تھی؟	کون سا علاقہ سوویت یونین کی طرف سے تشکیل دیا گیا تھا؟
uqa_valid	<ans> افغانستان </ans> پر یو ایس ایس آر کا حملہ اس خطے میں عدم تحفظ کی صرف ایک علامت تھی ، جس میں امریکی ہتھیاروں کی فروخت ، ٹیکنالوجی اور مکمل فوجی موجودگی میں اضافے کی بھی نشاندہی کی گئی تھی۔	کس ملک کا حملہ مشرق وسطیٰ کی عدم سلامتی کو ظاہر کرتا ہے؟	یو ایس ایس آر کا قیام کس نے کیا؟	یو ایس ایس آر کا قیام کس نے کیا؟
uqa_valid	<ans> یو ایس ایس آر </ans> کا افغانستان پر حملہ خطے میں عدم تحفظ کی صرف ایک علامت تھی ، جس میں بڑھتی ہوئی امریکی ہتھیاروں کی فروخت ، ٹیکنالوجی اور مکمل فوجی موجودگی کی بھی نشاندہی کی گئی تھی۔	کس ملک کا حملہ مشرق وسطیٰ کی عدم سلامتی کو ظاہر کرتا ہے؟	کون سا فوجی تجارتی بندرگاہ پر حملے کی اجازت دیتا تھا؟	کس خطے پر حملے کی ضرورت تھی؟
uqa_valid	<ans> سعودی عرب اور ایران </ans> بیرونی اور اندرونی دونوں خطرات کے انتظام کے لئے امریکی سلامتی کی یقین دہانیوں پر تیزی سے انحصار کرنے لگے ، جس میں تیل کی بڑھتی ہوئی آمدنی پر ان کے مابین بڑھتی ہوئی فوجی مقابلہ بھی شامل تھا۔	کون سے ممالک خطرات سے نمٹنے کے لئے امریکہ کی سلامتی کی یقین دہانی پر منحصر ہو گئے؟	کون سی دو ریاستوں نے ریاستہائے متحدہ کی سلامتی کی توسیع پر غلبہ حاصل کیا؟	کون سی دو ریاستوں نے ریاستہائے متحدہ کی سلامتی پر غلبہ حاصل کیا؟
uqa_valid	<ans> سعودی عرب </ans> اور ایران بیرونی اور اندرونی دونوں خطرات کے انتظام کے لئے امریکی سلامتی کی یقین دہانیوں پر تیزی سے انحصار کرنے لگے ، بشمول تیل کی بڑھتی ہوئی آمدنی پر ان کے مابین بڑھتی ہوئی فوجی مقابلہ۔	امریکہ سے کس ملک کے ہتھیاروں کی خریداری اسرائیل سے 5 گنا زیادہ ہوگئی؟	ایران اور امریکی فوج کی دیکھ بھال کی کوشش کرنے کے لئے کون سا دوسرا ملک استعمال کیا گیا تھا؟	کون سی عرب ریاستوں نے تیل کی مدد کی؟
uqa_valid	سعودی عرب کی طرف سے امریکہ سے بڑے پیمانے پر ہتھیاروں کی خریداری کا ایک اور محرک <ans> جنوری 1979 </ans> کے دوران ایران کا کنٹرول برقرار رکھنے میں شاہ کی ناکامی تھی۔	شاہ سلطنت کا خاتمہ کب شروع ہوا؟	ایران عراق میں کس عرصے کے دوران ایران کا کنٹرول تھا؟	ایران نے کس عرصے کے دوران ایران کا کنٹرول برقرار رکھا؟
uqa_valid	جنوری <ans> 1979 </ans> کے دوران سعودی عرب کی طرف سے امریکہ سے بڑے پیمانے پر ہتھیاروں کی خریداری کی ایک اور وجہ یہ تھی کہ شاہ نے ایران پر کنٹرول برقرار رکھنے میں ناکامی کا سامنا کیا۔	شاہ سلطنت کا خاتمہ کب شروع ہوا؟	کس عرب سال ناصر نے عرب اسرائیلی تنازعہ پر حملہ کیا؟	کس عرب رہنما نے عرب اسرائیلی تنازعہ پر حملہ کیا؟
uqa_valid	بحران نے <ans> بڑی کاروں </ans> کی طلب کو کم کردیا۔	بحران کے دوران کس سائز کی کاروں کی سب سے کم طلب تھی؟	بحران کی کمی کی وجہ سے بحران کی کمی کی کم رقم کیا ہے؟	بحران کے دوران بحران کی کم رقم کو کم کرنے کی کوشش کس نے کی؟
uqa_valid	بحران نے <ans> بڑی </ans> کاروں کی طلب کو کم کردیا۔	بحران کے دوران کس سائز کی کاروں کی سب سے کم طلب تھی؟	2007 میں کتنے بحران نے کم کیا؟	2007 کے دوران بحران کی طلب کو کم کرنے کی کوشش کی وجہ کیا تھی؟
uqa_valid	<ans> جاپانی </ans> درآمدات بڑے پیمانے پر مارکیٹ کے رہنما بن گئے۔	کس ملک کی کاریں زیادہ مطلوبہ ہوئیں کیونکہ وہ زیادہ ایندھن کی بچت کرتی تھیں؟	کس قوم کے بڑے پیمانے پر مارکیٹ کے بڑے مارکیٹ کے رہنما بن گئے؟	کس قسم کے درآمدات مارکیٹ کے بڑے مارکیٹ بن گئے؟
uqa_valid	<ans> جاپانی </ans> درآمدات بڑے پیمانے پر مارکیٹ کے رہنما بن گئے۔	کس ملک کی درآمدات حقیقت میں بڑے پیمانے پر مارکیٹ کے رہنما بن گئے؟	کس قوم کے بڑے پیمانے پر مارکیٹ کے بڑے مارکیٹ کے رہنما بن گئے؟	کس قسم کے درآمدات مارکیٹ کے بڑے مارکیٹ بن گئے؟
uqa_valid	1973 کے تیل کے بحران کے ایک دہائی بعد ، ہونڈا ، ٹویوٹا اور نسان ، <ans> 1981 </ans> رضاکارانہ برآمد پابندیوں سے متاثر ہوئے ، امریکی اسمبلی پلانٹس کھولے اور اپنے عیش و آرام کی ڈویژنوں (اکورا ، لیکسس اور انفینٹی) کو اپنے بڑے پیمانے پر مارکیٹ برانڈز سے ممتاز کیا۔	ہونڈا، ٹویوٹا اور نسان نے امریکہ میں اسمبلی پلانٹس کب کھولے؟	کس سال میں بیل نے شمالی کیرولائنا کو متاثر کیا؟	ہونڈا کس سال پیدا ہوا تھا؟
uqa_valid	<ans> 1973 کے تیل کے بحران کے ایک دہائی بعد </ans> ، ہونڈا ، ٹویوٹا اور نسان ، 1981 کی رضاکارانہ برآمدات کی پابندیوں سے متاثر ہوئے ، نے اپنے بڑے پیمانے پر مارکیٹ کے برانڈز سے خود کو ممتاز کرنے کے لئے امریکی اسمبلی پلانٹس کھولے اور اپنے لگژری ڈویژنوں (اکورا ، لیکسس اور انفینٹی) قائم کیے۔	ہونڈا، ٹویوٹا اور نسان نے امریکہ میں اسمبلی پلانٹس کب کھولے؟	کس سال میں بیل نے اپنے بڑے کاروبار کو خود کے لئے بڑے پیمانے پر تیار کرنے کے لئے کام کیا؟	کس دہائی میں بیل نے اپنا کاروبار شروع کیا؟
uqa_valid	1973 کے تیل کے بحران کے ایک دہائی بعد ، ہونڈا ، ٹویوٹا اور نسان ، 1981 کی رضاکارانہ برآمد پابندیوں سے متاثر ہوئے ، نے اپنے بڑے پیمانے پر مارکیٹ برانڈز سے خود کو ممتاز کرنے کے لئے امریکی اسمبلی پلانٹس کھولے اور اپنے لگژری ڈویژنوں (اکورا ، <ans> لیکسس </ans> اور انفینٹی) قائم کیے۔	ٹویوٹا کے ایک پرتعیش ڈویژن کا نام بتائیں۔	امریکی اور زان اور اان کے ساتھ ساتھ، کون سا امریکی ڈالر اپنے آپ کو اپنا دفاع کرنے کے لئے تیار کیا گیا تھا؟	کون سا امریکی وزیر دفاع ان کے ساتھ مل کر کام کرتا ہے؟
uqa_valid	1973 کے تیل کے بحران کے ایک دہائی بعد ، ہونڈا ، ٹویوٹا اور نسان ، 1981 کی رضاکارانہ برآمدات کی پابندیوں سے متاثر ہوئے ، نے اپنے بڑے پیمانے پر مارکیٹ کے برانڈز سے خود کو ممتاز کرنے کے لئے اپنے لگژری ڈویژنز ( <ans> ایکورا </ans> ، لیکسس اور انفینٹی) قائم کیے۔	ٹویوٹا کے ایک پرتعیش ڈویژن کا نام بتائیں۔	زان اور انان نے کیا کہا تھا کہ ان کے پاس اپنے آپ کو خود کو خود سے ممتاز کرنے کے لئے تیار کیا گیا تھا؟	زان اور انان کے مقدمے کے دوران اپنے آپ کو کیا کہا جاتا تھا؟
uqa_valid	کمپیکٹ ٹرک متعارف کرائے گئے ، جیسے <ans> ٹویوٹا ہیلوکس </ans> اور ڈاٹسن ٹرک ، اس کے بعد مزدا ٹرک (فارڈ کورئیر کے نام سے فروخت کیا گیا) ، اور اسوزو کی تعمیر کردہ شیورلیٹ ایل یو وی۔	ٹویوٹا کمپیکٹ ٹرکوں کی ایک قسم کا نام بتائیں؟	اس وقت کا نام کیا تھا جس نے 360 کے ساتھ گھنٹون کے لئے ایک نیا نام متعارف کرایا؟	اس وقت کا نام کیا تھا؟
uqa_valid	کمپیکٹ ٹرک متعارف کرائے گئے ، جیسے ٹویوٹا <ans> ہیلکس </ans> اور ڈاٹسن ٹرک ، اس کے بعد مزدا ٹرک (فارڈ کورئیر کے طور پر فروخت کیا گیا) ، اور اسوزو کی تعمیر کردہ شیورلیٹ ایل یو وی۔	ٹویوٹا کمپیکٹ ٹرکوں کی ایک قسم کا نام بتائیں؟	کون سا مشہور موسیقار کبھی کبھی کبھار ایک sulars کے طور پر فروخت کیا گیا تھا؟	ٹویوٹا کا نام کیا تھا؟
uqa_valid	تیل کے بحران کے چند سال بعد میتسوبشی نے اپنے فورٹ کو <ans> ڈوج ڈی 50 </ans> کے نام سے تبدیل کردیا۔	مٹسوبشی نے اپنے فورٹ کا نام کیا رکھا؟	میتسشیشیشی نے اپنے نام کو کیا نام تبدیل کر دیا؟	میتسشیشیشی نے اپنے نام کو کس نام سے تبدیل کیا؟
uqa_valid	مزدا ، میتسوبشی اور اسوزو نے بالترتیب <ans> فورڈ ، کرسلر ، اور جی ایم </ans> کے ساتھ مشترکہ شراکت داری کی۔	مزدا، متسوبشی اور اسوزو نے کس امریکی کار کمپنی کے ساتھ شراکت داری کی؟	تھداشیس نے کس کمپنی کے ساتھ شراکت شراکت داری کی؟	تھداشیس نے کس کمپنی کے ساتھ شراکت شراکت داری کی؟
uqa_valid	مزدا ، میتسوبشی اور اسوزو نے <ans> فارڈ ، کرسلر ، اور جی ایم ، بالترتیب </ans> کے ساتھ مشترکہ شراکت داری کی۔	مزدا، متسوبشی اور اسوزو نے کس امریکی کار کمپنی کے ساتھ شراکت داری کی؟	تھداشی نے کس کے ساتھ مشترکہ شراکت داری کی؟	تداشیس نے کس کے ساتھ مشترکہ شراکت داری کی؟
uqa_valid	مزدا ، میٹسوبشی اور اسوزو نے بالترتیب <ans> فورڈ </ans> ، کرسلر اور جی ایم کے ساتھ مشترکہ شراکت داری کی۔	مزدا، متسوبشی اور اسوزو نے کس امریکی کار کمپنی کے ساتھ شراکت داری کی؟	صداشیشی اور کین ایم نے کس کمپنی کے ساتھ مشترکہ شراکت داری کی؟	صداشیشی نے کون سی ٹیم بنائی؟
uqa_valid	بعد میں امریکی مینوفیکچررز نے اپنی گھریلو متبادل (فارڈ رینجر ، ڈاج ڈکوٹا اور شیورلیٹ ایس 10 / جی ایم سی ایس -15) متعارف کرائی ، جس سے ان کی <ans> قید درآمد پالیسی </ans> ختم ہوگئی۔	جب امریکی کار کمپنیوں نے اپنی گھریلو متبادل کاروں کے ساتھ رول آؤٹ کیا، تو کون سی پالیسی ختم ہوگئی؟	امریکی گھریلو مصنوعات نے کیا کہا کہ وہ اپنی صنعت متبادل طور پر ختم کر رہے ہیں؟	2009 میں امریکی آبدوزوں نے کیا ختم کیا؟
uqa_valid	بعد میں امریکی مینوفیکچررز نے اپنی گھریلو متبادل (فارڈ رینجر ، ڈاج ڈکوٹا اور شیورلیٹ ایس 10 / جی ایم سی ایس -15) متعارف کرائی ، جس سے ان کی <ans> قید درآمد </ans> پالیسی کا خاتمہ ہوا۔	جب امریکی کار کمپنیوں نے اپنی گھریلو متبادل کاروں کے ساتھ رول آؤٹ کیا، تو کون سی پالیسی ختم ہوگئی؟	امریکی آئیڈل نے کس قسم کی پالیسی کا خاتمہ کیا؟	امریکی آئیڈل نے کس قسم کی پالیسی کا خاتمہ کیا؟
uqa_valid	شمالی امریکہ میں <ans> درآمد شدہ کاروں میں اضافہ </ans> نے جنرل موٹرز ، فورڈ اور کرسلر کو گھریلو فروخت کے لئے چھوٹے اور ایندھن کی بچت والے ماڈل متعارف کرانے پر مجبور کیا۔	جی ایم، فورڈ اور کرسلر نے امریکی مارکیٹ میں ایندھن کی بچت اور چھوٹی کاریں کیوں متعارف کروائیں؟	شمالی امریکہ میں، ٹیک اور ان کو فروخت کرنے کے لئے کس نے حوصلہ افزائی کی؟	شمالی امریکہ میں، ٹیک اور ان کو فروخت کرنے کے لئے کیا استعمال کیا گیا تھا؟
uqa_valid	<ans> شمالی امریکہ میں درآمد شدہ کاروں میں اضافہ </ans> نے جنرل موٹرز ، فورڈ اور کرسلر کو گھریلو فروخت کے لئے چھوٹے اور ایندھن کی بچت والے ماڈل متعارف کرانے پر مجبور کیا۔	جی ایم، فورڈ اور کرسلر نے امریکی مارکیٹ میں ایندھن کی بچت اور چھوٹی کاریں کیوں متعارف کروائیں؟	کس نے ان کی قیمت پر ماڈل اور ماڈل کو ماڈل کرنے پر مجبور کیا؟	کس گروپ نے جنرل ٹیک اور کوٹیک کو فروخت کرنے پر مجبور کیا؟
uqa_valid	کرسلر ، فورڈ فیستا اور شیورلیٹ شیورلیٹ میں 1970 کی دہائی کے آخر تک چار سلنڈر انجن اور <ans> کم از کم چار مسافروں </ans> کے لئے جگہ تھی۔	فورڈ فیستا کتنے مسافروں کو ایڈجسٹ کر سکتا ہے؟	کرسلرورانورانورانورانورانورانورانورانورانورانورانورانورانورانورانورانورانورانوران	کرسلرورانورانورانورانوران نے کتنی جگہ لے لی؟
uqa_valid	کرسلر ، فورڈ فیستا اور شیورلیٹ شیورلیٹ میں 1970 کی دہائی کے آخر تک چار سلنڈر انجن اور کم از کم <ans> چار </ans> مسافروں کے لئے جگہ تھی۔	فورڈ فیستا کتنے مسافروں کو ایڈجسٹ کر سکتا ہے؟	سلورتاور اور 2013 میں کتنے مسافروں کے لئے کام کیا گیا تھا؟	سلورتا شیورانورانوران نے 1970 کی دہائی کے آخر میں کتنے مسافروں کی جگہ لے لی؟
wiki_uqa	قیام کی حمایت کرتی ہے جدید صیہونیت انیسویں صدی کے اواخر میں <ans> وسطی اور مشرقی یورپ </ans> میں ایک یہودی قومی احیاء کی تحریک کے طور پر ابھر کر سامنے آئی، جس نے سام دشمنی کے رد عمل اور اخراجی قوم پرست تحریکوں کے جواب میں جنم لیا۔	جدید صیہونیت کس علاقے میں نمودار ہوئی؟	صونونیت کس ملک میں واقع تھا؟	صونونیت کس ملک میں واقع تھا؟
wiki_uqa	قیام کی حمایت کرتی ہے جدید صیہونیت <ans> انیسویں صدی </ans> کے اواخر میں وسطی اور مشرقی یورپ میں ایک یہودی قومی احیاء کی تحریک کے طور پر ابھر کر سامنے آئی، جس نے سام دشمنی کے رد عمل اور اخراجی قوم پرست تحریکوں کے جواب میں جنم لیا۔	جدید صیہونیت کس صدی میں نمودار ہوئی؟	صیہونیت کب نمودار ہوئے؟	صیہونیت کس صدی میں نمودار ہوئے؟
wiki_uqa	قیام کی حمایت کرتی ہے جدید صیہونیت انیسویں صدی کے اواخر میں وسطی اور مشرقی یورپ میں ایک یہودی قومی احیاء کی تحریک کے طور پر ابھر کر سامنے آئی، جس نے <ans> سام دشمنی کے رد عمل اور اخراجی قوم پرست تحریکوں کے جواب میں </ans> جنم لیا۔	جدید صیہونیت کس چیز کے ردعمل کے طور پر ابھری؟	صونونیت کس چیز کے لیے مشہور تھا؟	قصونیت کے بارے میں کیا خیال کیا گیا تھا؟
wiki_uqa	صیہونیت (؛ از) قومی تحریک ہے جو یہودی لوگوں کی دوبارہ یہودی وطن یعنی ملک اسرائیل (جو <ans> کنعان، ارض مقدس اور فلسطین </ans> پر مشتمل ہے)۔	صیہونیت کے مطابق یہودیوں کے وطن میں کیا شامل ہے؟	قومی صیہونیت کس ملک میں شامل ہے؟	قومی صیہونیت کس ملک پر مشتمل ہے؟
wiki_uqa	ثقافتی صیہونیت ایک قسم کی صیہونیت ہے جس کی سب سے زیادہ نمایاں نمائندگی <ans> احد ہعام </ans> نے کی اور اس کی بنیاد رکھی اور اسرائیل میں ایک یہودی ’’روحانی مرکز ‘‘کے سیکولر (غیر مذہب) نقطہ نظر کو فروغ دیا۔	ثقافتی صیہونیت کی بنیاد کس نے رکھی؟	ثقافتی صیہونیت کس چیز کی بنیاد ہے؟	ثقافتی صیہونیت کا سب سے نمایاں نمائندگی کون تھا؟
wiki_uqa	سیاسی صیہونیت کے بانی <ans> ہرتضل </ans> کے برعکس احد ہعام کی جدوجہد اسرائیل کو ’’یہودی ریاست نہ کہ صرف یہودیوں کی ریاست‘‘ بنانے کے لیے تھی۔	سیاسی صیہونیت کی بنیاد کس نے رکھی؟	سیاسی صیہونیت کس بانی کے بانی تھے؟	سیاسی صیہونیت کا بانی کون تھا؟
wiki_uqa	سیاسی صیہونیت کے بانی ہرتضل کے برعکس احد ہعام کی جدوجہد <ans> اسرائیل کو ’’یہودی ریاست نہ کہ صرف یہودیوں کی ریاست‘‘ بنانے کے لیے </ans> تھی۔	ہرتضل کے برعکس، احد ہعام کی جدوجہد کس کے لیے تھی؟	سیاسی صحدیت کے بانیوں کو کیا کہا جاتا تھا؟	سیاسی صحدیت کا بانی کون تھا؟
wiki_uqa	ثقافتی صیہونیت ایک قسم کی صیہونیت ہے جس کی سب سے زیادہ نمایاں نمائندگی احد ہعام نے کی اور اس کی بنیاد رکھی اور اسرائیل میں ایک یہودی ’’روحانی مرکز ‘‘کے <ans> سیکولر (غیر مذہب) </ans> نقطہ نظر کو فروغ دیا۔	ثقافتی صیہونیت نے کس قسم کے نظریہ کو فروغ دیا؟	صحونیت کس قسم کا نقطہ نظر تھا؟	صحونیت کس قسم کی نقطہ نظر کو فروغ دیتا ہے؟
wiki_uqa	صہیون لفظ (عبرانی: چیان، طزی یون) لفظ ’’صیہونیزم‘‘ سے اخذ ہوا ، جو <ans> یروشلم </ans> سے منسوب ہے۔	صیہونیت کا لفظ کس سے منسوب ہے؟	صہیونزم کس ملک سے منسوب کیا گیا تھا؟	صہیونزم کس ملک سے آیا ہے؟
wiki_uqa	صہیون لفظ ( <ans> عبرانی </ans> : چیان، طزی یون) لفظ ’’صیہونیزم‘‘ سے اخذ ہوا ، جو یروشلم سے منسوب ہے۔	انیسویں صدی کے اواخر میں پورے مشرقی یورپ میں بہت سے مقامی گروہوں نے کس زبان کے احیاء اور ترقی کی حمایت کی؟	صہیون لفظ کیا ہے؟	صہیون لفظ کیا ہے؟
wiki_uqa	اس اصطلاح کا پہلے پہل استعمال آسٹریا میں قدیمہ قوم پرست یہودی تلامذہ تحریک کے بانی <ans> ناتھن برنبام </ans> سےمنسوب کیا جاتا ہے۔	ابتدائی قوم پرست یہودی طلبہ تحریک کا بانی کون تھا؟	یہودی قوم پرست تحریک کا بانی کون ہے؟	یہودی قوم پرست تحریک کا بانی کون ہے؟
wiki_uqa	اس نے <ans> 1890ء </ans> میں اپنے جریدے Selbstemanzipation (خود خلاصی) میں اصطلاح استعمال کیا ،جو لیؤن پنسکر کی 1882ء کتاب ’’خود خلاصی‘‘ کےتقریبا بعینہ تھی ۔	"نیتھن برنبام نے پہلی بار ""محبوب صیہونیوں"" کی اصطلاح کب بنائی؟"	لی نے کس سال میں جریدے لکھے؟	آئزن ہاور نے اپنے آپ کو کس اصطلاح میں استعمال کیا؟
wiki_uqa	اس نے 1890ء میں اپنے جریدے <ans> Selbstemanzipation (خود خلاصی) </ans> میں اصطلاح استعمال کیا ،جو لیؤن پنسکر کی 1882ء کتاب ’’خود خلاصی‘‘ کےتقریبا بعینہ تھی ۔	ناتھن برنبام کے جریدے کا نام کیا تھا؟	لی نے اپنے جریدے کے لیے کس اصطلاح کا استعمال کیا؟	آئزن ہاور نے اپنے جریدے کو کس اصطلاح میں استعمال کیا؟
wiki_uqa	اس وقت اس تحریک کا مقصد <ans> یہود کو سلطنت عثمانیہ کی جانب ہجرت </ans> کرنے پر ابھارنا تھا۔	انیسویں صدی میں صیہونیت کی تحریک کا مقصد کیا تھا؟	تحریک کا مقصد کیا تھا؟	تحریک کا مقصد کیا تھا؟
wiki_uqa	مجرستانی <ans> صحافی </ans> تھیوڈور ہرتزل نے 1897ء میں اپنی کتاب (Der Judenstaat : یہودی ریاست ) لکھنے کے بعدرکھا۔	تھیوڈور ہرتزل کا پیشہ کیا تھا؟	محزل نے کس کتاب میں لکھا تھا؟	محزل نے کون سی کتاب لکھی؟
wiki_uqa	مجرستانیصحافی تھیوڈور ہرتزل نے <ans> 1897ء </ans> میں اپنی کتاب (Der Judenstaat : یہودی ریاست ) لکھنے کے بعدرکھا۔	سیاسی صیہونی تحریک کا باقاعدہ قیام کب عمل میں آیا؟	محیحی نے م کتاب لکھنے کے بارے میں اپنی کتاب کب شائع کی؟	محیحیل نے کس کتاب میں اپنی کتاب لکھی؟
wiki_uqa	مجرستانیصحافی تھیوڈور ہرتزل نے <ans> 1897ء </ans> میں اپنی کتاب (Der Judenstaat : یہودی ریاست ) لکھنے کے بعدرکھا۔	تھیوڈور ہرتزل نے اپنی کتاب (Der Judenstaat : یہودی ریاست ) کب لکھی؟	محیحی نے م کتاب لکھنے کے بارے میں اپنی کتاب کب شائع کی؟	محیحیل نے کس کتاب میں اپنی کتاب لکھی؟
wiki_uqa	<ans> مملکت متحدہ </ans> کے ساتھ اتحاد بنانے اور فلسطین کی جانب ہجرت کرنے کے لیے اس کی حمایت حاصل کرلینے کے بعد، صہیونیوں نے یورپی یہود کو وہاں جانے کے لیے بھرتی بھی کیے، خاصکر وہ یہود جو روسی سلطنت کے ان علاقوں میں رہے جہاں سام دشمنی عروج پر تھی۔	صیہونیوں نے کس کے ساتھ اتحاد کیا؟	کس قوم کے ساتھ اتحاد کیا گیا تھا؟	کس قوم کے ساتھ اتحاد کیا گیا تھا؟
wiki_uqa	یہ تحریک بالاخر <ans> 14 مئی 1948ء </ans> کو اپنے مقصد میں کامیاب ہوئی اور یہودی قوم کے لیے ایک ریاست قائم کی۔	صیہونی تحریک یہودی ریاست کے قیام میں کب کامیاب ہوئی؟	تحریک کی تحریک کب ہوئی؟	تحریک کی تحریک کب ہوئی؟
wiki_uqa	اسرائیل میں یہودی آبادی کا تناسب اس تحریک کے ابھرنے کے بعد سے <ans> مسلسل بڑھ رہا ہے </ans> ۔	اسرائیل میں یہودی آبادی کے تناسب کے ساتھ کیا ہو رہا ہے؟	اسرائیل میں یہودی آبادی کا اشارہ کیا ہے؟	اسرائیل میں یہودی آبادی کا تناسب کیا ہے؟
wiki_uqa	ایکیسویں صدی کے آغاز سے تمام دنیا کے <ans> % 40 </ans> یہود اسرائیل میں رہ رہے ہیں جو کسی بھی ملک کے یہود کی تعداد سے زیادہ ہے۔	دنیا کے کتنے فیصد یہودی اسرائیل میں رہتے ہیں؟	ایک اسرائیل کے کتنے علاقے اسرائیل ہیں؟	انیسویں صدی کے آغاز میں دنیا بھر میں کتنے لوگ رہتے ہیں؟
wiki_uqa	مملکت متحدہ کے ساتھ اتحاد بنانے اور <ans> فلسطین </ans> کی جانب ہجرت کرنے کے لیے اس کی حمایت حاصل کرلینے کے بعد، صہیونیوں نے یورپی یہود کو وہاں جانے کے لیے بھرتی بھی کیے، خاصکر وہ یہود جو روسی سلطنت کے ان علاقوں میں رہے جہاں سام دشمنی عروج پر تھی۔	صیہونیوں نے یورپی یہودیوں کو کہاں منتقل کرنے کے لیے بھرتی کیا؟	کس ملک نے جانب کو اس کی مدد کی؟	کس ملک نے جانب کے ساتھ اتحاد کیا؟
wiki_uqa	اس <ans> جلاوطنی کی وجہ سے </ans> بہت سے یہود اپنے اختیار کردہ ممالک میں پردیسی بنکر رہتے رہے چنانچہ وہ جدیدیت اور نئے تصورات سے منفصل و بے بہرہ رہے۔	کس وجہ سے بہت سے یہود اپنے اختیار کردہ ممالک میں پردیسی بنکر رہتے رہے؟	ڈارون نے ممالک میں کب شمولیت اختیار کی؟	ڈارون نے ممالک میں کب شمولیت اختیار کی؟
wiki_uqa	ثقافتی ترکیب نے روایتی یہودی اقدار و عقائدکو برقرار رکھنے اور جدید معاشرے سے ہم آہنگی کی ضرورت دونوں ہی پر زور دیا مثلاّ <ans> ہفتے سے اتوار کے دن کی چھٹی </ans> و دیگرآداب معاشرت۔	جدید معاشرے کے عقیدے کی مثال کیا ہے جسے یہودیوں کو اپنانا پڑا؟	روایتی اسلامی ثقافت کے لئے روایتی عربی اصطلاح کیا تھی؟	روایتی ثقافت نے روایتی طریقوں سے کیا مطالبہ کیا؟
wiki_uqa	نام نہاد انجذاب پسند <ans> یہودیوں کی یورپی معاشرے میں مکمل جذب </ans> ہو جانے کی تمنی کرتے رہے اور جدیدیت اور انجذاب معاشرہ کے لیے وہ اپنی یہودیت ، یہودی روایات و تمدن میں تخفیف کرنے پر بھی آمادہ تھے۔	انجذاب پسند کیا چاہتے تھے؟	ان یہودیوں کو کیا کہا جاتا تھا جو یہودی انجموں کے لئے پسند تھا؟	ان یہودیوں کو کیا کہا جاتا تھا؟
wiki_uqa	<ans> مفکر صہیونیت </ans> ،تھیوڈور ہرتزل نے سام دشمنی کوان تمام معاشروں کاایک ابدی پہلو قرار دیا تھا جہاں یہود اقلیت میں رہ رہے تھے اور یہ کہ ’’صرف ان معاشروں سے علیحدگی ہی اس ابدی عقوبت سے خلاصی دے سکتی ہے۔	تھیوڈور ہرتزل کون تھا؟	کون سا مدمقابل ہرم کو پورے تمام طقرت کے ساتھ ہم آہنگ کرنے کے باوجود اب بھی موجود تھا؟	"کس نے کہا کہ ""مطرتورانوں کو اب تمام نقرتدن"" کے طور پر جانا جاتا ہے؟"
wiki_uqa	صہیونیت کو اسرائیلی ریاست بنانے کے سیاسی مقصد کو مد نظر رکھتے قائم کیا گیا تھا جہاں <ans> یہود اکثریت میں ہوں </ans> نہ کہ اقلیت میں جیسے وہ مختلف اقوام کے تحت جلاوطنی میں رہتے رہے۔	اسرائیل میں یہودی آبادی کے تناسب کے حوالے سے صیہونیت کا مقصد کیا تھا؟	صہیونیت کو اسرائیلی ریاست میں کس طرح مدد کی گئی تھی؟	صہیونیت کو اسرائیلی ریاست کے بارے میں کیا کہا گیا تھا؟
wiki_uqa	وہ اگر صرف <ans> ہمارے لوگوں کی ضروریات کے لیے کافی زمین کے ٹکڑے پر خود مختاری </ans> دے دیں ، تو باقی ہم خود کر لیں گے ‘‘ اس نے یہ دعوی ٰکر کے اپنے عزائم چاک کیے۔	تھیوڈور ہرتزل کے مطابق صہیونی عزائم کے لیے کیا کافی تھا؟	لکرز نے کیا کیا؟	یہوواہ کے گواہوں کے بارے میں کیا کہا جاتا ہے؟
wiki_uqa	صہیونی عموماً <ans> عبرانی </ans> زبان بولنے کو ترجیح دیتے ہیں، ایک ایسی سامی زبان جو قدیم یہوداہ میں یہودی آزادی کے دوران وجود میں آئی،جسے انہوں نے جدت دی اور روزمرہ استعمال کے لیے قابلِ گفتار بنایا۔	صیہونی کون سی زبان بولنا پسند کرتے ہیں؟	قدیم زبان بولنے والے زبان بولنے والے زبان بولنے والے زبان بولنے والے زبان بولنے والے زبان بولنے والے زبان بولنے والے زبان بولنے والے زبان بولنے والے زبان بولنے والے زبان بولنے والے زبان بولنے والے زبان بولنے والے	قدیم زبان بولنے والی زبان بولنے والی زبان بولنے والی زبان بولنے والی زبان بولنے والی زبان بولنے والی زبان بولنے والی زبان بولنے والی زبان بولنے والی زبان بولنے والی زبان بولنے والی زبان بولنے والی زبان بولنے والی
wiki_uqa	صہیونی عموماً عبرانی زبان بولنے کو ترجیح دیتے ہیں، ایک ایسی سامی زبان جو <ans> قدیم یہوداہ </ans> میں یہودی آزادی کے دوران وجود میں آئی،جسے انہوں نے جدت دی اور روزمرہ استعمال کے لیے قابلِ گفتار بنایا۔	عبرانی کی ابتدا کہاں سے ہوئی؟	یہودی زبان بولنے والے یہودیوں کو کس زبان میں یہودی قرار دیا گیا تھا؟	کس زبان میں یہودی بادشاہوں کا استعمال کیا گیا تھا؟
wiki_uqa	صہیونی <ans> یدیش </ans> بولنے کا انکار بھی کرتے ہیں، جسے وہ ایسی زبان سمجھتے ہیں جو یورپی عقوبت میں پروان چڑھی۔	صیہونی کون سی زبان بولنے سے انکاری ہیں؟	صہیونیز کس زبان کا بولتے ہیں؟	صہیونیز کس زبان میں بولتے ہیں؟
wiki_uqa	عبرانی نہ صرف نظریاتی وجوہ سے اپنائی گئی بلکہ اس زبان کی وجہ سے نئی ریاست کے <ans> مختلف زبان بولنے والےشہریوں کو ایک زبان پر مجتمع ہونے کا موقع ملا </ans> ۔	نظریاتی وجوہات کے علاوہ، یہودیوں نے عبرانی کو کیوں اپنایا؟	نئی زبان کے لئے اصطلاح کیا ہے جو نئی زبان کے لئے استعمال نہیں کیا گیا تھا؟	نئی زبان کیا ہے؟
wiki_uqa	یہودیت ، عیسائیت اور <ans> اسلام </ans> کے مطابق ارض اسرائیل ہی وہ موعود جگہ تھی جو یہود کو اللہ نے دی۔	یہودیت، عیسائیت اور کس دوسرے مذہب کے مطابق اسرائیل کی سرزمین خدا کی طرف سے یہودیوں کو دی گئی وعدہ شدہ زمین تھی؟	کس مذہب کے مطابق، ارض اسرائیل کو عض اسرائیل ہی اصطلاح استعمال کیا گیا تھا؟	کس مذہب کے مطابق، ارض اسرائیل نے ارض اسرائیل کو اپنایا؟
wiki_uqa	یہود کو اس خطہ ارض سے <ans> 586 ق م </ans> میں اسیری بابل کے دوران نکالا گیا۔	کس سال یہودیوں کو اسرائیل سے نکالا گیا؟	اس کتاب کا نام کیا تھا جس میں میڈونا کو اس خط کا سامنا کرنا پڑا؟	اس کتاب کا نام کیا تھا جس کے ذریعے یہ خط بھیجا گیا تھا؟
wiki_uqa	بابلیوں نے <ans> ہیکل سلیمانی </ans> کو تباہ کیا جو یہود کا ثقافتی اور مذہبی قبلہ تھا۔	یہودیوں کا ثقافتی اور مذہبی قبلہ کیا تھا؟	بابلیوں نے کس چیز کو تباہ کرنے کی کوشش کی؟	بابلیوں کو کس نے تباہ کیا؟
wiki_uqa	بار کوخبہ بغاوت کے بعد <ans> سام دشمنی اور یہودی عقوبت میں اچانک اضافہ ہوا </ans> ۔	بار کوخبہ بغاوت کا نتیجہ کیا نکلا؟	بارخ بغاوت کے بعد بار بار بغاوت کے بعد کیا ہوا؟	بارخ بغاوت کے بعد بار بار بغاوت کے بعد کیا ہوا؟
wiki_uqa	پہلی صدی عیسوی کے بغاوت عظیم اور دوسری صدی کے بر کوخبا بغاوت کےبعد <ans> رومیوں </ans> نے یہود کو ریاست /صوبہ یہودیہ سے بیدخل کیا اور اس کا نام بدل کر سوریہ فلسطینیہ رکھ دیا۔	یہودیوں کو یہودیہ سے کس نے نکالا؟	کس ملک نے ہ بغاوت کو یہودیہہہہہ قرار دیا؟	کس ملک نے یہودہہہہہہہہہہہہہ کیا؟
wiki_uqa	صہیون دراصل <ans> یروشلم کے قریب ایک پہاڑی </ans> ہے،اور وسیع طور پہ ارض اسرائیل کے لیے استعارہ ہے۔	صیون اصل میں کیا ہے؟	صہیون کی بادشاہی کیا ہے؟	صہیون کیا ہے؟
wiki_uqa	16ویں صدی کے وسط میں ، یوسف نصی نے <ans> عثمانی سلطنت </ans> کی حمایت سے پرتگالی یہود کو اکھٹا کرنے کی کوشش کی، انہوں نے پہلے قبرص ہجرت کرنا تھی، پھر جمہوریہ وینس کی ملک میں آنا تھا اور آخر کار طبریہ میں آبادہونا تھا۔	یوسف ناسی نے پرتگیزی یہودیوں کو کس کے ساتھ ملانے کی کوشش کی؟	انیسویں صدی میں کس ملک نے پرتگالی فٹ کو اٹاٹا کیا؟	نصی نے کس ملک کی حمایت کی؟
wiki_uqa	16ویں صدی کے وسط میں ، یوسف نصی نے عثمانی سلطنت کی حمایت سے پرتگالی یہود کو اکھٹا کرنے کی کوشش کی، انہوں نے پہلے قبرص ہجرت کرنا تھی، پھر <ans> جمہوریہ وینس </ans> کی ملک میں آنا تھا اور آخر کار طبریہ میں آبادہونا تھا۔	تبریاس سے پہلے، سلطنت عثمانیہ کو کہاں جانا تھا؟	سترہو نے کس ملک کی ملک میں آباد کیا؟	سترہو نے کس ملک کی حمایت کی؟
wiki_uqa	16ویں صدی کے وسط میں ، <ans> یوسف نصی </ans> نے عثمانی سلطنت کی حمایت سے پرتگالی یہود کو اکھٹا کرنے کی کوشش کی، انہوں نے پہلے قبرص ہجرت کرنا تھی، پھر جمہوریہ وینس کی ملک میں آنا تھا اور آخر کار طبریہ میں آبادہونا تھا۔	چوتھی اور انیسویں صدی کے درمیان، فلسطین میں یہودیوں کا سیاسی مرکز بنانے کی واحد عملی کوشش کس نے کی؟	عثمانی سلطنت کی حمایت کرنے والا پہلا شخص کون تھا؟	عثمانی سلطنت کی حمایت کس نے کی؟
wiki_uqa	17 ویں صدی میں سباتائی زیوی (1676ء-1626ء) نے <ans> مسیح </ans> ہونے کا اعلان کیااور اپنے گرد بہت سے یہود کو جمع کرنے میں کامیاب ہو گیا، سلونیکا اس کا گھڑ تھا۔	سترھویں صدی میں سباتائی زیوی نے کیا ہونے کا دعویٰ کیا؟	سب سے زیادہ وسیع پیمانے پر viraviravira کیا تھا؟	سب سے زیادہ وسیع پیمانے پر کس نے اعلان کیا؟
wiki_uqa	17 ویں صدی میں سباتائی زیوی (1676ء-1626ء) نے مسیح ہونے کا اعلان کیااور اپنے گرد بہت سے یہود کو جمع کرنے میں کامیاب ہو گیا، <ans> سلونیکا </ans> اس کا گھڑ تھا۔	سباتائی زیوی کا گھڑ کیا تھا؟	کون سا دوسرا موسیقار سب سے زیادہ وسیع پیمانے پر ذبڑی کا استعمال کرتا ہے؟	سب سے زیادہ وسیع پیمانے پر جمع کرنے والا پہلا شخص کون تھا؟
wiki_uqa	اس نے غزہ میں آبادکاری کی کوشش کی لیکن بعد میں <ans> سمیرنا ، یونان </ans> گیا۔	سباتائی زیوی آخر کہاں آباد ہوا؟	غزہ میں آباد ہونے والے بعد غزہ میں کیا ہوا؟	غزہ میں کیا ہوا؟
wiki_uqa	بوگدان خملنیسکی کے خونریز پوگروم میں <ans> ایک تہائی </ans> یہودی آ بادی کا صفایا کردیاگیا اور بہت سے یہودی تعلیمی اور مشترکہ زندگی کے مراکز تباہ کیے گئے۔	بوگدان خملنیسکی خونی قتل عام نے یہودیوں کی کتنی آبادی کا صفایا کر دیا؟	بوگ پوگ گون میوزیم میں کتنے یہودی آیا مارے گئے تھے؟	بوگ پوگ گون میوزیم میں کتنے یہودی یہودی مارے گئے تھے؟
wiki_uqa	اصلاحی یہود نے <ans> صہیون واپسی کےنظریہ </ans> کی مخالفت کی۔	اصلاحی یہودیوں نے کس نظریے کی مخالفت کی؟	اصلاحیبی نے کس چیز کی مخالفت کی؟	اصلاحیبی نے کس چیز کی مخالفت کی؟
wiki_uqa	یہودی ربیوں کی 15سے 18جولائی1845ء کو <ans> فرینکفرٹ مین </ans> میں منعقد مجلس نے ایسی تمام دعائیں اپنی کتابوں سے حذف کر دیں جو صہیون واسپی اور یہودی ریاست کی بحالی سے متعلق تھیں۔	یہودی ربیوں کی مجلس کہاں منعقد ہوئی؟	کس کتاب میں یہودی مجراف نے یہودی کمیونٹیز کی بحالی کی؟	اس کتاب کا نام کیا تھا جس نے یہودی کمیونٹیز کو چیلنج کیا تھا؟
wiki_uqa	دیگرنومذہب یہودی <ans> امریکی ایلچی </ans> وارڈر کریسن کی جانب سے 1850ءمیں یروشلم کے قریب قائم کی گئیں۔	وارڈر کریسون کون تھا؟	کون سا یہودی Amarton کی باقیاتب قائم کر دیا گیا تھا؟	کون Amonces کے قریب قائم کیا گیا تھا؟
wiki_uqa	کریسن پر اس کی بیوی اور لڑکےکی جانب سے ایک مقدمہ میں <ans> پاگل پن </ans> کا دعوی ٰکیا گیا تھا۔	وارڈر کریسن پر کس چیز کا مقدمہ چلایا گیا؟	کریسن نے بارسلونا کو کس چیز کا دعوی کیا؟	کریسن نے بارسلونا کو کس چیز کا دعوی کیا؟
wiki_uqa	اس کے بعد کریسن نے عثمانی سلطنت ہجرت کی اور یروشلم کی رفائیون وادی میں <ans> زرعی کالونی </ans> قائم کی۔	سلطنت عثمانیہ میں ہجرت کرنے کے بعد وارڈر کریسن نے کیا قائم کیا؟	کری ونف وادی وادی میں کس قسم کی کالونی قائم کی گئی تھی؟	یفائیون وادی میں کس قسم کی کالونی قائم کی گئی تھی؟
wiki_uqa	دنیا بھرمیں یہودی مفادکےلئے مداخلت اور <ans> ایڈگارڈو مورٹارہ کی رہائی کی کوششوں </ans> کے لیے مشہور سرموسی مونٹے فیورے نے فلسطین میں یہود کے لیے کالونی قائم کی۔	دنیا بھر میں یہودی مفادات میں مداخلت کے علاوہ سرموسی مونٹے فیورے کس چیز کے لیے مشہور تھا؟	سری یےورے نے کس کے ساتھ کالونی قائم کی؟	سری یےورے نے کس کے ساتھ کالونی قائم کی؟
wiki_uqa	1854 ء میں اس کے <ans> دوست </ans> یوداہ طورو نے فلسطین میں یہودی آبادکاری کے لیے اپنا ترکہ وقف کیا۔	سرموسی مونٹے فیورے اور یوداہ طورو کے درمیان کیا تعلق تھا؟	یوشیہو کے اتحاد میں یہودی برادری کا رہنما کون تھا؟	فلسطین میں یہودی برادری کے یہودی برادری کا نام کیا تھا؟
wiki_uqa	مونٹے فیورے کو اس کے ترکے کا مختار نامزد کیا گیا تھا تاکہ وہ بشمول یروشلم مختلف قسم کے منصوبوں میں 1860ءکی پہلی یہودی سکونت کی آبادکاری کی تعمیرکرے، جسے اب <ans> مشکنوط شعاننیم </ans> کہتے ہیں ۔	پہلی یہودی بستی کون سی تھی، جو 1860 کی دہائی میں بنائی گئی تھی؟	سے کیورت کا نام کیا ہے؟	کون سا رسالہے کی تورتورے کی نشاندہی کرتا ہے؟
wiki_uqa	لارنس اولیفنٹ (1879ء-1882ء) اسی طرح کی کوشش میں پولستان ، لتھووینیا ، رومانیہ اور <ans> ترکی </ans> کے یہود کو فلسطین بلانے میں ناکام ہوا تھا۔	لارنس اولیفنٹ پولینڈ، لتھوانیا، رومانیہ اور کس دوسرے ملک کے یہودیوں کو فلسطین بلانے میں ناکام رہے؟	اٹاریوینیا کی حکومت کس ملک میں واقع ہوئی؟	کون سا ملک ایک بل کو بلانے میں ناکام رہا؟
wiki_uqa	اکثر یہودی مہاجرین <ans> روسی سلطنت </ans> موجودہ یوکرین اور پولستان سے کثیرالوقع پوگروم اور ریاستی سر پرستی میں عقوبت سے فرار ہوکر آئے ۔	زیادہ تر یہودی پناہ گزین کہاں سے آئے؟	سلطنت عثمانیہ میں کس قسم کی سلطنتیں تھیں؟	سلطنت عثمانیہ میں کس قسم کی سلطنت کا استعمال کیا گیا تھا؟
wiki_uqa	اکثر یہودی مہاجرین روسی سلطنت موجودہ یوکرین اور پولستان سے <ans> کثیرالوقع پوگروم اور ریاستی سر پرستی میں عقوبت </ans> سے فرار ہوکر آئے ۔	یہودی پناہ گزین کس چیز سے بھاگے؟	روسی سلطنت نے کس سے زیادہ تر یہودی پناہ گزین کی؟	روسی آرتھوڈوکس روسی سلطنت میں سے کچھ کس سے آئے تھے؟
wiki_uqa	1890ء کی دہائی میں، تھیوڈور ہرتزل کےنئے نظریے اور عملی ناگزیریت نےصہیونیت میں نئی روح پھونکی، جس کے نتیجے میں پہلی صہیونی مجلس 1897ء میں <ans> بازل </ans> کے مقام پر منعقد ہوئی، جس نے عالمی صہیونی تنظیم بنائی۔	پہلی صہیونی اسمبلی کہاں منعقد ہوئی؟	اصابا کس نے منعقد کیا؟	پہلی تصابیت کس نے منعقد کی؟
wiki_uqa	1890ء کی دہائی میں، تھیوڈور ہرتزل کےنئے نظریے اور عملی ناگزیریت نےصہیونیت میں نئی روح پھونکی، جس کے نتیجے میں پہلی صہیونی مجلس 1897ء میں بازل کے مقام پر منعقد ہوئی، جس نے <ans> عالمی صہیونی تنظیم </ans> بنائی۔	پہلی صہیونی اسمبلی میں جو تنظیم بنائی گئی اس کا نام کیا تھا؟	لہیونی نے کس قسم کی تنظیم بنائی؟	برموآل نے کس قسم کی تنظیم بنائی؟
wiki_uqa	نئے یئشو کی فلسطین میں باقاعدہ تعمیرکا آغاز <ans> بیلو گروہ کی 1882ءمیں آمد </ans> کیساتھ جوڑا جاتا ہے ، جس نے پہلا علیا اختیار کیا۔	فلسطین میں نئے یشو کی باقاعدہ تعمیر کا آغاز کس چیز سے ہے؟	نئے ائشو کی تعمیر میں پہلا مرحلہ کیا تھا؟	نئے ائشو کی قیادت کس نے کی؟
wiki_uqa	صہیونی تحریک کی پہلی دہائی کے دوران کئی صہیونی شخصیات نے فلسطین سے باہر کی جگہوں (جیسے <ans> یوگنڈا اور ارجنٹائن </ans> )میں یہودی ریاست کی حمایت کی ۔	صہیونی تحریک کے پہلے عشرے کے دوران، بہت سی صہیونی شخصیات نے فلسطین سے باہر یہودی ریاست کی حمایت کی، جیسے کے؟	کون سے دو علاقوں میں دعویٰ کیا گیا تھا کہ وہ حصاسک کی حمایت کی گئی تھی؟	صہیاس تحریک نے کون سے دو لوگوں کی حمایت کی؟
wiki_uqa	حتی کہ تھیوڈور ہرتزل، سیاسی صہیونیت کا بانی اولاً <ans> کہیں بھی </ans> خودعنان و بااختیار یہودی ریاست کے لیے رضامند تھا ، تاہم دیگر صہیونیوں نے ارض اسرائیل کے ساتھ جڑی وابستگی، جذبات اور حکایتوں پر زور دیا۔	تھیوڈور ہرزل نے ابتدا میں کس جگہ خودمختار یہودی ریاست کے حامی تھے؟	اُونیت کس ملک کا تھا؟	اُونیت کس سیاسی جماعت سے تعلق رکھتا تھا؟
wiki_uqa	1903ء میں ، برطانونی نوآبادیاتی سیکریٹری <ans> یوسف چیمبرلین </ans> نے ھرتزل کو یہودی آبادکاری کے لیے زیر حمایت مستعمر یوگنڈا کا 5000 مربع میل علاقہ دینے کی پیشکش کی جو یوگنڈا سکیم کہلائی۔	1903 میں برطانوی نوآبادیاتی سیکرٹری کون تھا؟	برطان کا سابقہ نام کیا تھا؟	برطان کی موت کس نے کی؟
wiki_uqa	1903ء میں ، برطانونی نوآبادیاتی سیکریٹری یوسف چیمبرلین نے ھرتزل کو یہودی آبادکاری کے لیے زیر حمایت <ans> مستعمر یوگنڈا کا 5000 مربع میل علاقہ </ans> دینے کی پیشکش کی جو یوگنڈا سکیم کہلائی۔	یوسف چیمبرلین نے ہرٹزل کو کیا پیشکش کی؟	برطانز نے کس طرح کی حکومت کی؟	برطانز نے مبینہ طور پر کون سا علاقہ حاصل کیا؟
wiki_uqa	<ans> عالمی صہیونی تنظیم کی چھٹی نشست میں </ans> اسی سال اس پیشکش کو متعرف کرایا گیا جس پر ایک غضب ناک بحث واقع ہوئی۔	صیہونیوں کے لیے یوگنڈا اسکیم کی تجویز کب پیش کی گئی؟	کون سا سال ایک عصب رضب میں ایک عضب ہوا تھا؟	کون سی تنظیم نے عصب کی جگہ لے لی؟
wiki_uqa	<ans> 1904ء </ans> میں ہرتزل کی موت کے بعد جولائی 1905ء میں ساتویں نشست کے چوتھے دن مجلس نے فیصلہ کیا کہ برطانوی پیشکش کو مسترد کیا جائے اور آدم رونورکے مطابق’’ آئندہ کی تمام تر جدوجہدکا رخ فقط خطہ فلسطین پر مرکوز رکھاجائےگا‘‘۔	ہرتزل کی موت کس سال ہوئی؟	کس سال میں ہر اطلاع دی گئی تھی کہ برطانوی حکومت نے انگریزوں کو مسترد کیا؟	کس سال میں اطلاع دی گئی تھی؟
wiki_uqa	1904ء میں ہرتزل کی موت کے بعد <ans> جولائی 1905ء میں ساتویں نشست کے چوتھے </ans> دن مجلس نے فیصلہ کیا کہ برطانوی پیشکش کو مسترد کیا جائے اور آدم رونورکے مطابق’’ آئندہ کی تمام تر جدوجہدکا رخ فقط خطہ فلسطین پر مرکوز رکھاجائےگا‘‘۔	صیہونی مجلس نے برطانوی تجویز کو مسترد کرنے کا فیصلہ کب کیا؟	مشرجلس کی موت کے بعد سورج نے کس کو مسترد کیا؟	کس دن سورج نے فیصلہ کیا کہ انگریزوں نے انگریزوں کو مسترد کر دیا؟
wiki_uqa	<ans> یہودی اقلیمی تنظیم کا حامی </ans> اسرائیل زنگویل کی آرزو تھی کہ یوگنڈا تجویز کے جواب میں ریاست کہیں بھی بنالی جائے جسے بہت سے مندوبین مجلس کی حمایت حاصل ہوئی۔	اسرائیل زنگویل کون تھا؟	زنگویل کی آرا کی وجہ کیا تھی؟	زنگویل کی بنیاد کس نے رکھی؟
wiki_uqa	’’یہود نے مرگ انبوہ شروع کرائی ‘‘ کے سازشی نظریہ کو اسی بات نے جنم دیا، باوجودیکہ <ans> نازی تشہیری وزیر </ans> جوزیف گوئبلز بڑی حد تک یہود کا قلع قمع کیا جانے اورمحبِ وطن یہود کو نظر اندز کرکے جرمن مخالف یہودی مواد کی بطور ثبوت تشہیرکرنے کا ذمہ دار تھا۔	جوزیف گوئبلز کون تھا؟	بطا نے کس کو بطعمہ قرار دیا؟	بادثہ نے مسیحیوں کو کیا کہا؟
wiki_uqa	<ans> 1933ء </ans> میں ، ہٹلر جرمنی کے اقتدار میں آیا اور 1935ء میں نوریمبرگ قوانین نے جرمن یہود(بعد میں آسٹریائی یہود اور چیک یہود بھی )کو بے ریاست پناہ گزین بنا ڈالا۔	جرمنی میں ہٹلر کی حکومت کب آئی؟	کس سال جرمنی میں جرمن اور جرمن عہدیداروں نے جرمن زبان میں جرمن زبان کا استعمال کیا؟	کس سال جرمنی اور نورکیبرگ نے جرمن زبان میں جرمن زبان کا استعمال کیا؟
wiki_uqa	1933ء میں ، ہٹلر جرمنی کے اقتدار میں آیا اور 1935ء میں <ans> نوریمبرگ قوانین </ans> نے جرمن یہود(بعد میں آسٹریائی یہود اور چیک یہود بھی )کو بے ریاست پناہ گزین بنا ڈالا۔	1935 میں کن قوانین نے جرمن یہودیوں کو بے وطن پناہ گزین بنا دیا؟	جرمنی میں جرمنی میں کون سا بادشاہ جرمن زبان میں آیا؟	جرمنی میں جرمنی میں کون سا بادشاہ آیا؟
wiki_uqa	<ans> برطانیہ </ans> نے تحقیقات کے لیے پیل کمیشن بنایا، دو ریاستی حل اور جبری منتقلی آبادی کی تجویز دی۔	پیل کمیشن کس نے بنایا؟	کس ملک نے تحقیقات پیل کمیشن کی آبادی کی تجویز دی؟	کس ملک نے تحقیقات کے پی پیل کی منظوری دی؟
wiki_uqa	برطانیہ نے تحقیقات کے لیے پیل کمیشن بنایا، <ans> دو ریاستی حل اور جبری منتقلی آبادی </ans> کی تجویز دی۔	پیل کمیشن نے کیا تجویز پیش کی تھی؟	برطانیہ کے پی پیل کی تعمیر کے بعد برطانیہ نے کیا تجویز کیا؟	برطانیہ نے پیلل کی تعمیر کے لئے کیا تجویز کیا؟
wiki_uqa	<ans> مرگ انبوہ </ans> نے دنیائے یہود کو صہیونی منصوبے کے تحت یکجا کر دیا تھا۔	صیہونی منصوبے کے تحت دنیا کے یہودیوں کو کس تحریک نے متحد کیا؟	کس نے دنیا کو صنوق منصوبے کے تحت قصلی قرار دیا؟	کس نے دنیا کو دنیا بھر میں صنوق قرار دیا؟
wiki_uqa	جنوری 1946ء میں برطانوی امریکی مشترکہ کمیٹی بنائی گئی تاکہ <ans> بے پایاں یہودی نقل مکانی فلسطین کے سیاسی ، معاشی اور سماجی محرکات کی جانچ </ans> اورفلسطینی شہریوں کی بہبود ہو سکے ،عرب اور یہود ترجمانوں سے مشاورت اور دیگر ضروری تجاویز دی جاسکیں ، ان مسائل کا حتمی حل ڈھونڈا جاسکے ۔	برطانوی امریکی مشترکہ کمیٹی کیوں بنائی گئی؟	برطانوی امریکی کانگریس نے برطانوی مشترکہ کمیٹی کے لئے کیا کیا؟	برطانوی امریکی کانگریس کے پاس برطانوی مشترکہ کمیٹی کیا تھیں؟
wiki_uqa	جس کی وجہ سے <ans> یہودی نقل مکانی </ans> کی وجہ سے عرب بغاوت کا سامنہ کرنے کے بعد اب برطانیہ کو کی مخالفت کا سامنا تھا۔	عرب بغاوت کی وجہ کیا تھی؟	عرب بغاوت کا سبب کیا تھا؟	عرب بغاوت کا سبب کیا تھا؟
wiki_uqa	تاہم آخر میں کمیٹی کی سفارشات کو <ans> عرب و یہود دونوں نے رد کر دیا </ans> چنانچہ برطانیہ نے مسئلہ اقوام متحدہ میں لے جانے کا فیصلہ کیا۔	برطانوی امریکی مشترکہ کمیٹی کی سفارشات کا کیا نتیجہ نکلا؟	کون سا رہنما چناچہچہ نہیں تھا؟	چناچچہچہچہچ نے برطانیہ میں کون سا عہدہ سنبھالا؟
wiki_uqa	تاہم آخر میں کمیٹی کی سفارشات کو عرب و یہود دونوں نے رد کر دیا چنانچہ برطانیہ نے مسئلہ <ans> اقوام متحدہ </ans> میں لے جانے کا فیصلہ کیا۔	سفارشات مسترد ہونے کے بعد انگریز اس معاملے کو کس کے پاس لے گئے؟	کون سا ملک برطانیہ کے لئے fچchچchtachta کی حمایت کی؟	چناچچہ برطانیہ نے کس ملک میں لے جانے کا فیصلہ کیا؟
wiki_uqa	1941ء کے روسی حملے کے ساتھ، سٹالن نے صہیونیت کی <ans> دیرپا مخالفت </ans> پلٹ دی اور سوویت جنگ کے لیے عالمی یہودی حمایت کو متحرک کی۔	1941 کے روسی حملے سے پہلے سٹالن کا صیہونیت پر کیا موقف تھا؟	ٹلنونیت کس نے لکھا؟	ٹلنونیت کس نے لکھا؟
wiki_uqa	دوران جنگ ہزاروں یہود نازی جرمنی سے فرار ہو کر <ans> سوویت اتحاد </ans> میں داخل ہوئے، جہاں انہوں نے پھر سے یہودی مذہبی سرگرمیاں شروع کیں اور نئے کنیسے کھولے۔	نازی جرمنی سے یہودی کہاں بھاگے؟	جنگ کے دوران جنگ کس ملک میں داخل ہوئی؟	جنگ کس جنگ میں داخل ہوئی؟
wiki_uqa	دوران جنگ ہزاروں یہود نازی جرمنی سے فرار ہو کر سوویت اتحادمیں داخل ہوئے، جہاں انہوں نے پھر سے <ans> یہودی مذہبی سرگرمیاں شروع کیں اور نئے کنیسے کھولے </ans> ۔	نازی جرمنی سے بھاگنے والے یہودیوں نے جنگ کے دوران سوویت یونین میں داخل ہونے کے بعد کیا کیا؟	جنگ کے دوران جرمنوں نے کیا کیا؟	جنگ کے دوران جرمنوں نے کیا کیا؟
wiki_uqa	مئی 1947ء میں سوویت ڈپٹی وزیر خارجہ آندرے گرومیکو نے اقوام متحدہ کو بتایا کہ <ans> متحدہ ریاستہائے سوویت روس فلسطین کی عرب اور یہودی حصوں میں تقسیم کی حمایت کرتا ہے </ans> اور یونہی متحدہ ریاستہائے سوویت روس نے باقاعدہ اقوام متحدہ کے نومبر 1947ء کے اجلاس میں رائے دی۔	مئی 1947 میں سوویت نائب وزیر خارجہ اینڈری گرومائکو نے اقوام متحدہ کو کیا کہا؟	سوویت حکومت نے سوویت یونین کے بارے میں کیا اعلان کیا؟	سوویت حکومت نے سوویت یونین کے بارے میں اقوام متحدہ میں کیا تقسیم کیا؟
wiki_uqa	1947ء میں ، اقوام متحدہ خصوصی کمیٹی برائے فلسطین نے سفارش کی کہ مغربی فلسطین کو <ans> یہودی ریاست </ans> بنایا جائے اور القدس کے اطراف کا علاقہ اقوام متحدہ کی نگرانی میں دیا جائے۔	اقوام متحدہ کی خصوصی کمیٹی برائے فلسطین نے 1947 میں یہ سفارش کی تھی کہ مغربی فلسطین کو کیا بنایا جائے؟	اقوام متحدہ کی حکومت نے کس ریاست کی حمایت کی؟	اقوام متحدہ نے کس ریاست کی حمایت کی؟
wiki_uqa	یہ تقسیمی منصوبہ 29 نومبر 1947ء کو 33/181 ووٹوں کی رائے دہی کے ذریعے اختیار کیا گیا، جبکہ <ans> 13 </ans> ووٹ مخالف تھے۔	29 نومبر 1947 کو منظور کیے گئے تقسیم کے منصوبے کے خلاف کتنے ووٹ پڑے؟	اس منصوبے کی قیمت کتنی تھی؟	اقوام متحدہ کی منصوبہ بندی کرنے کے لئے کتنے ووٹ ڈال گئے تھے؟
wiki_uqa	<ans> عربوں </ans> نے اس رائے دہی کی مخالفت کی اور یک ریاستی منصوبہ اور یہودی تارکین وطن کی منتقلی کا مطالبہ کرتے رہے، جس کے نتیجے میں 1948ء کی عرب اسرائیلی جنگ ہوئی۔	تقسیم کے منصوبے کی مخالفت کس نے کی؟	کس نے دعویٰ کیا کہ اسرائیل کی مخالفت کی گئی تھی؟	کس نے دعویٰ کیا کہ بغاوت کی مخالفت کی گئی تھی؟
wiki_uqa	<ans> 14 مئی1948ء </ans> کو ، تعہدبرطانیہ کے اختتام پر ،یہودی ایجنسی داوید بن گوریون کی قیادت میں ریاست اسرائیل کے قیام کا اعلان کیااور اسی روز سات عرب ریاستوں نے اسرائیل پر حملہ کیا، جس کی وجہ سے 7,11,000فلسطینی عرب سے بیدخل کیے گئے جسے عربی میں نکبہ یعنی عظیم آفت کہا گیا۔	اسرائیل کے قیام کا اعلان کب ہوا؟	تعہد کی حکومت نے اسرائیل پر اسرائیل کو کب حملہ کیا؟	تعہد کی قیادت کس تاریخ کو ہوئی؟
wiki_uqa	14 مئی1948ء کو ، تعہدبرطانیہ کے اختتام پر ،یہودی ایجنسی داوید بن گوریون کی قیادت میں ریاست اسرائیل کے قیام کا اعلان کیااور اسی روز سات عرب ریاستوں نے اسرائیل پر حملہ کیا، جس کی وجہ سے 7,11,000فلسطینی عرب سے بیدخل کیے گئے جسے عربی میں <ans> نکبہ </ans> یعنی عظیم آفت کہا گیا۔	عظیم آفت کو عربی میں کیا کہتے ہیں؟	مصر کا دارالحکومت کیا تھا؟	مصر کا دارالحکومت کیا تھا؟
wiki_uqa	اسرائیلی ریاست کے قیام کے بعد سے، عالمی صہیونی تنظیم نے زیادہ تر <ans> یہودکی نقل مکانی میں امداد اور حوصلہ افزائی </ans> کرتی تنظیم کے طور پر کام کیا ۔	اسرائیل کی ریاست کے قیام کے بعد بین الاقوامی صہیونی تنظیم کا کردار کیا تھا؟	الاسکا کے نقونی تنظیم نے کس تنظیم کے کام کے طور پر کام کیا؟	اسرائیلی صہیونی تنظیم نے کس تنظیم کے کام کے طور پر کام کیا؟
wiki_uqa	<ans> 1944ء </ans> میں ڈیوڈ بن گوریان نے غیر ملکی حکام کے سامنے منصوبہ ایک ملین کا پلان کو صہیونی تحریک کا اولین ہدف اور اعلی ترین ترجیح قرار دیا۔	ڈیوڈ بین گوریون نے غیر ملکی حکام کو ون ملین پلان کا اعلان کب کیا؟	ڈیوڈسن نے کس سال غیر ملکی نہی تحریک کا اولین قرار دیا؟	ڈیوڈسن کس سال قائم کیا گیا تھا؟
wiki_uqa	<ans> 1948ء کی برطانوی تحقیقاتی رپورٹ کی پابندیوں </ans> کا مطلب یہ تھا کہ ایسا کسی منصوبہ بڑے پیمانے پر عمل در آمد نہیں ہوسکتا جب تک مئی 1948 کے اسرائیلی خود مختاری کا اعلان نہ کر دیا جائے ۔	اسرائیل کی آزادی کے اعلان کے بعد تک ون ملین پلان کو بڑے پیمانے پر کیوں نافذ نہیں کیا جا سکا؟	کیا برطانوی وزیر اعظم کی طرف سے محفوظ نہیں کیا گیا تھا؟	کیا یہ نتیجہ اخذ کیا گیا تھا کہ اگر کوئی ایسی چیز نہیں تھی؟
wiki_uqa	عمالی صہیونیت <ans> مشرقی یورپ </ans> سے شروع ہوئی۔	عمالی صہیونیت کی ابتدا کہاں سے ہوئی؟	عمالییت کس براعظم سے شروع ہوا؟	عمالییت کا آغاز کہاں سے شروع ہوا؟
wiki_uqa	اکثر اشتراکی صہیونیوں نے روایتی مذہبی یہودیت کےاختیار کرنے کو رد کر دیا تھا کیونکہ <ans> اس سے جلاوطنی کی سوچ کو دوام ملتا تھا </ans> اور اسرائیل میں کیبوتسیم کے نام سےدیہاتی برادریاں قائم کیں۔	فرقہ پرست صیہونیوں نے روایتی مذہبی یہودیت کو اپنانے سے کیوں انکار کیا؟	صہیونیوں نے روایتی مذہبی حکم کو کیوں تبدیل کیا؟	صہیونیوں نے روایتی مذہبی کاموں کو کیوں تبدیل کیا؟
wiki_uqa	اگرچہ اشتراکی صہیونیت یہودیت کے بنیادی اقدار اور روحانیت سے تاثر لیتی اور اسکےفلسفے پر مبنی ہے ، اس کا <ans> اصلاحی و ترقیاتی پہلو </ans> راسخ العقیدہ یہودیت سے ایک حریفانہ تعلق کوفروغ دیتا ہے۔	فرقہ پرست صیہونیت اور آرتھوڈوکس یہودیت کے درمیان مسابقتی تعلق کس بنیاد پر ہے؟	یخ العی العیقی کس قسم کے فن کے لئے ایک فخیق ہے؟	یخ العق العیق العق العیقی کس قسم کے قخیقی سے تعلق رکھتا ہے؟
wiki_uqa	<ans> دوسری علیا </ans> کی علامت سمجھی جانے والی کیبوتسیم میں اشتراکیت اور انسانی مساوات پر بہت زور دیا جاتا ، جوکسی حد تک تخیلی و مثالی اشتراکیت کا اظہار تھا ۔	کبوتزم کو کس چیز کی علامت سمجھا جاتا ہے؟	کس نے کہا کہ تخیمیتمیتمیتمیت میں انسانییت اور انسانی مساوات پر زور دیا جائے؟	تخیلی اممیتمیت کس چیز کی علامت تھی؟
wiki_uqa	اکثر اشتراکی صہیونیوں نے روایتی مذہبی یہودیت کےاختیار کرنے کو رد کر دیا تھا کیونکہ اس سے جلاوطنی کی سوچ کو دوام ملتا تھااور اسرائیل میں کیبوتسیم کے نام سے <ans> دیہاتی برادریاں </ans> قائم کیں۔	کیبوتسیم کیا ہیں؟	بھوں نے کس قسم کی قائم کی؟	صہیونیوں نے کیا قائم کیا؟
wiki_uqa	اگرچہ کیبوتسیم میں سب سے مقبول جماعت <ans> میریطز </ans> ہے تاہم اسرائیلی عمالی جماعت نے بھی اپنا وجود نہیں کھویا ۔	کیبوتسیم میں سب سے زیادہ مقبول گروپ کون سا ہے؟	کس نے اسرائیلی تمالیمم میں سب سے زیادہ مقبول کیا؟	تمالیمم میں سب سے مقبول تصویر کیا ہے؟
wiki_uqa	عمالی صہیونیت کو مرکزی ادارہ <ans> حستادرط </ans> (مزدورانجمنوں کی عام تنظیم)ہے ، جس نے 1920ء سے 1970ء کی دہائی تک عرب مزدوروں کی ہڑتالوں کے دوران متبادل یہودی مزدور مہیا کرنے سے ابتدا کی اور اسرائیلی حکومت کے بعد سب زیادہ نوکریاں دینے والا ادارہ رہا ۔	مزدور صیہونیت کا مرکزی ادارہ کیا ہے؟	عرب دنیا کے لئے متبادل اصطلاح کیا ہے؟	عمالییت کا مرکزی ادارہ کیا تھا؟
wiki_uqa	عمالی صہیونیت کو مرکزی ادارہ حستادرط (مزدورانجمنوں کی عام تنظیم)ہے ، جس نے 1920ء سے 1970ء کی دہائی تک <ans> عرب مزدوروں کی ہڑتالوں کے دوران متبادل یہودی مزدور مہیا کرنے </ans> سے ابتدا کی اور اسرائیلی حکومت کے بعد سب زیادہ نوکریاں دینے والا ادارہ رہا ۔	1920 سے 1970 کی دہائی تک ہستدارات کا کیا کردار رہا؟	ناصر نے کس کی حکومت کی؟	ناصر نے 1970 کی دہائی کے اوائل میں کس چیز کی حمایت کی؟
wiki_uqa	عمالی صہیونیت تعہدی فلسطین کے دوران یشوو کی سیاسی اور معاشی طرز زندگی میں ایک غالب قوت بنی اور اسرائیلی سیاسی اختیاراتی حاکمیت(اسٹبلشمنٹ)کا مؤثر نظریہ رہی، یہاں تک کہ 1977ء کےاسرائیلی الیکشن میں <ans> اسرائیلی عمالی جماعت </ans> کو شکست ہوئی۔	1977 کے اسرائیلی انتخابات میں کس کو شکست ہوئی؟	عصلی ون پال نے کس کو شکست دی؟	کون یقین کرتا ہے کہ 1977 میں واضح طور پر سیاسی اقتدار میں داخل ہوا؟
wiki_uqa	1897ء کی پہلی صہیونی مجلس سےپہلی جنگ عظیم کے اختتام تک <ans> عمومی صہیونیت (یا آزاد خیال صہیونیت) </ans> کا پلہ صہیونی تحریک کے پرحاوی رہا ہے ۔	پہلی جنگ عظیم کے خاتمے تک صہیونی تحریک پر کس چیز کا غلبہ رہا؟	پہلی صہیونیبیہ کس نے لکھا؟	ہہیونی کا پیشہ کیا تھا؟
wiki_uqa	یورپی آزاد خیال متوسط طبقےسے تعلق رکھنے والے عمومی صہیونی قائدین جیسے <ans> ہرتذل اور کھائیم ویزمین </ans> جس کے خواشمند رہے تھے۔	مشہور صہیونی رہنما کون تھے؟	یورپی سہیدین کس قسم کے دو خدقدے تھے؟	یورپی سہیدین کس قسم کے دو خدقدے تھے؟
wiki_uqa	اگرچہ کسی بھی اسرائیلی جدید سیاسی جماعت کاآزاد خیال صہیونیت سے براہ راست تعلق <ans> نہیں </ans> ،اس کے باوجود اسرائیلی سیاست میں اس کا رجحان کافی مضبوط ہے جو آزاد تجارتی اصولوں ، جمہوریت اور انسانی حقوق پر عملدرآمد کی حامی ہے۔	کیا اسرائیل کی کوئی بھی جدید سیاسی جماعت لبرل صیہونیت سے براہ راست منسلک ہے؟	اسرائیلی سیاسی سیاسی صہیونیت سے کیا مراد ہے؟	اسرائیلیوں کا خیال ہے کہ اسرائیلیوں کے ساتھ کیا ہوتا ہے؟
wiki_uqa	کدیمہ ،2000 کی دہائی کی معتدل بڑی <ans> سیاسی جماعت </ans> اب غیر مؤثر ہے۔	کدیمہ کیا ہے؟	کدیک کی دہائی میں بہت سے لوگ اب کس قسم کی موسیقی کی غیر ملکی امداد ہیں؟	کدیک دور میں بہت سے لوگ اب کس قسم کی موسیقی کی بڑی تعداد ہے؟
wiki_uqa	<ans> 1897ء </ans> کی پہلی صہیونی مجلس سےپہلی جنگ عظیم کے اختتام تک عمومی صہیونیت (یا آزاد خیال صہیونیت) کا پلہ صہیونی تحریک کے پرحاوی رہا ہے ۔	پہلی صیہونی اسمبلی کس سال میں ہوئی؟	کس سال پہلی صہیبیہ نے پہلی بار صہیونیت کے بارے میں پلہ صہییتیت پر بحث کی؟	کس سال پہلی بار صہیون مصیت کے بارے میں خیال کیا گیا تھا؟
wiki_uqa	<ans> جمہوری اقدار اور انسانی حقوق </ans> ، غداری کے الزامات کے بغیر سرکاری حکمت عملیوں پر تنقیدکی آزادی اورعوامی زندگی پر بے جا مذہبی اثراندازی کی تردید وغیرہ سےغرض رکھنا اس کی خاصیت ہے۔	لبرل صیہونیت کی کچھ خصوصیات میں کن چیزوں کا فروغ شامل ہے؟	کون سے دو ارکان نے آزادی کے بارے میں آزادی کی؟	غداری کے ارکان کے بارے میں کیا خیال ہے؟
wiki_uqa	35-57 آزاد خیال صہیونیوں کا ماننا ہے کہ ’’ یہودی تاریخ بتاتی ہے کہ <ans> یہود کو اپنی قومی ریاست کا حق رہا ہے </ans> ‘‘۔	لبرل صیہونی یہودی تاریخ کے بارے میں کیا مانتے ہیں؟	د یہودی تاریخ کیا ہے؟	د یہودی تاریخ کیا ہے؟
wiki_uqa	آزاد خیال صہیونیت یہودی روایات کی سب سے زیادہ معتبر خاصیات پر عمل پیرا ہے، یعنی تند و تیز بحث کے لیے رضامندی، داوکا کی متضاد روح، <ans> آمریت </ans> کے سامنے گھٹنے ٹیک دینے سے انکار۔	یہودی روایات کی سب سے پسندیدہ خصوصیات میں سے، جس پر لبرل صیہونیت کی پابندی ہے، کس کے آگے جھکنے سے انکار ہے؟	صدونیت کی تعریف کس نے کی؟	آزاد صہیمہیت کی تعریف کس نے کی؟
wiki_uqa	اور یہ بھی کہ اب اس ریاست کو <ans> آزاد خیال جمہوریت </ans> ہی ہونا چاہیے، جس کا مطلب ہے کہ مذہب ، جنس اور نسلی تعصب سے آزادمکمل قانونی برابری ہے۔	لبرل صیہونیوں کے مطابق، یہودی قومی ریاست میں حکومت کی قسم کیا ہونی چاہیے؟	ریاست کو آزاد کرنے کے لئے کیا ہونا ضروری ہے؟	اس ریاست کو کیا کہا جاتا ہے کہ ریاست کو آزاد ہونا آزاد ہونا چاہئے؟
wiki_uqa	1862ء میں <ans> جرمن راسخ العقیدہ ربی ذوی ہرش کالیسچر </ans> نے اپنا کتابچہ دریشت صہیون شائع کیا ، جس میں اس نے لکھاکہ یہود کی انبیا کی جانب سے موعودہ آزادی صرف اپنی مدد آپ سے ہی ہو سکتی ہے۔	1862 میں کتابچہ دریشت صہیون کس نے لکھا؟	18ha میں عصدہ صہی صہی صہی صہی صہی صہی کس نے لکھا؟	1845 میں شائع ہونے والی کتاب کا نام کیا تھا؟
wiki_uqa	جدید مذہبی صہیونیت کا مفکر تاہم <ans> ابراہام اسحاق کک </ans> تھا ، جس نے صہیونیت کے لیے یہودی شریعت سے جواز پیش کیا، اس کے خیال میں صہیونیت ایک مقدس منصوبہ ہوسکتا ہے جس کے ذریعے یہود ارض مقدسہ میں جا سکیں۔	جدید مذہبی صیہونیت کا مفکر کون تھا؟	مذہبی صہیونیتیت کا معکریت کیا تھا؟	صہیونیتیت کا مصفکریت کیا تھا؟
wiki_uqa	جدید مذہبی صہیونیت کا مفکر تاہم ابراہام اسحاق کک تھا ، جس نے صہیونیت کے لیے <ans> یہودی شریعت </ans> سے جواز پیش کیا، اس کے خیال میں صہیونیت ایک مقدس منصوبہ ہوسکتا ہے جس کے ذریعے یہود ارض مقدسہ میں جا سکیں۔	ابراہام اسحاق کک نے کس چیز کو استعمال کرتے ہوئے صیہونیت کو جواز بنایا؟	صہیونیتیت کس نے لکھی؟	صہیونیتیت کس نے لکھی؟
wiki_uqa	19ویں صدی میں ، ارض مقدسہ میں یہود کی بحالی کے حمایتیوں کو <ans> بحالی پرست </ans> کہا جاتا تھا۔	انیسویں صدی میں مقدس سرزمین میں یہودیت کی بحالی کے حامیوں کو کیا کہا جاتا تھا؟	ارض مقدسہ میں انقلاب کی بحالی کے لئے کیا اصطلاح استعمال کی جاتی تھی؟	19 ویں صدی میں ارض مقدسہ میںود کی بحالی کو کیا کہا جاتا تھا؟
wiki_uqa	پروٹسٹنٹ مسیحیت علما میں سے <ans> ایک نمایاں عالم </ans> جو یہودکی فلسطین میں نقل مکانی کےبائبلی عقیدہ کی تشہیر و ابلاغ کرتے تھے جان نیلسن ڈاربی تھا۔	جان نیلسن ڈاربی کون تھا؟	پروٹسٹنٹ مسیحیت میں کس قسم کی پیدائش تھی؟	پروٹسٹنٹ مسیحیت کو کیا کہا جاتا تھا؟
wiki_uqa	اس کا نظریہ <ans> تدبيريہ تشہیر صہیونیت </ans> سے منسوب ہے، خاصکر1840ء میں جنیوا میںمسیحیت سے امید،یہود و غیر یہود پر دئے گئےاسکے 11 وعظ کے بعد۔	جان نیلسن ڈاربی کا نظریہ کس سے منسوب ہے؟	ایڈمرل کا نظریہ کس سے آیا ہے؟	ڈارون کا نظریہ کہاں سے آیا ہے؟
wiki_uqa	اس کا نظریہ تدبيريہ تشہیر صہیونیت سے منسوب ہے، خاصکر1840ء میں جنیوا میںمسیحیت سے امید،یہود و غیر یہود پر دئے گئےاسکے <ans> 11 </ans> وعظ کے بعد۔	جان نیلسن ڈاربی نے کتنے واعظ دیے؟	حدونیت کے نظریہ میں کتنے بدھ مت کے بارے میں خدشدانیت ہے؟	حدونیت کا نظریہ کتنا تھا؟
wiki_uqa	تاہم ، دیگر جیسے چ ح سپرجن ، <ans> حوراٹئس بونر </ans> ،اینڈریو بونر، رابرٹ مرے مچینی اور ج ک ریل یہودی نقل مکانی کی اہمیت کے متعدد نمایاں تدبیری مشہرین میں سے تھے ۔	یہودی امیگریشن کی اہمیت کے بارے میں کچھ دیگر نمایاں سٹریٹجک مبصرین کی مثال کون ہے؟	چ ح سپر حید کا باپ کون تھا؟	چ ح سپر کا باپ کون تھا؟
wiki_uqa	<ans> کچھ بھارتی مسلمانوں </ans> نے اسلامی صہیون دشمنی کی مخالفت کا اظہار کیا ۔	کس نے اسلامی صہیون دشمنی کے خلاف اپنی مخالفت کا اظہار کیا؟	اسلامی فن صہیون دشمنی کی مخالفت کس نے کی؟	اسلامی صہیون دشمنی کی مخالفت کس نے کی؟
wiki_uqa	<ans> اگست 2007ء </ans> میں ، کل ہند تنظیم آئمہ و مساجد کے اراکین مع صدر تنظیم مولانا جمیل الیاس نے اسرائیل کا دورہ کیا۔	کل ہند تنظیم آئمہ و مساجد کے ممبران نے کب اسرائیل کا دورہ کیا؟	سس معس نے اسرائیل کا دورہ کب کیا؟	سس معس نے اسرائیل کا دورہ کب کیا؟
wiki_uqa	اس دورہ کاانتظام <ans> امریکی یہودی انجمن </ans> نے کیا تھا، جس کا مقصد اسلامی دنیا میں اسرائیل کی حیثیت کے بارے بمعنی مذاکرات کا فروغ دینا تھا۔	ہندوستانی مسلمانوں کے دورہ اسرائیل کا انتظام کس نے کیا؟	اسلامی دنیا کے پہلے مشہور مصنف کون تھے؟	کون سا مشہور مجسمہ چاہتا تھا کہ اسلامی دنیا میں اسرائیل کی حیثیت کے بارے میں تشویش تھی؟
wiki_uqa	اگست 2007ءمیں ، کل ہند تنظیم آئمہ و مساجد کے اراکین مع صدر تنظیم <ans> مولانا جمیل الیاس </ans> نے اسرائیل کا دورہ کیا۔	کل ہند تنظیم آئمہ و مساجد کا صدر کون تھا؟	اگست 2007 میں اسرائیل کا دورہ کرنے والا کون سا صدر تھا؟	2007 میں اسرائیل کا دورہ کس نے کیا؟
wiki_uqa	1948ءمیں قیام اسرائیل کے بعد ، بھارتی سیاسی جماعت <ans> کانگریس </ans> کی حکومت نے صہیونیت کی مخالفت کی ۔	1948 میں اسرائیل کے قیام کے بعد ہندوستان کی کس سیاسی جماعت نے صیہونیت کی مخالفت کی؟	1948 کے بعد سیاسی حکومت سیاسی حکومت کس نے حکومت کی؟	1948 میں سیاسی حکومت سیاسی حکومت کس نے حکومت کی؟
wiki_uqa	کچھ مصنفین کا کہنا ہے ایسا اس لیے کیا گیا تاکہ رائے شماری میں <ans> مسلمان </ans> ووٹ حاصل کیے جاسکیں ۔	بعض مصنفین کے مطابق کانگریس پارٹی نے کس کے ووٹ حاصل کرنے کے لیے صیہونیت کی مخالفت کی؟	"""بیربی"" کے مطابق، جو ایک مرد ووٹ حاصل کرنے کے لئے ووٹ دیا گیا تھا؟"	کچھ مصنفین کا کہنا ہے کہ ہم جماعتیں کس طرح ووٹ حاصل کرتی ہیں؟
wiki_uqa	تاہم <ans> قدامت پسند ہندو قومیت پسندوں </ans> نے سنگھ پریوار کی قیادت میں برملا صہیونیت کی حمایت کی، یونہی وینائیک دمودار سورکار اور سیتا رام گوئل و دیگر ہندو قومیت پسند دانشوروں نے بھی حمایت کی۔	کس ہندوستانی گروہ نے برملا صیہونیت کی حمایت کی؟	سنایا کی قیادت کس نے کی؟	سنایا کی قیادت کس نے کی؟
wiki_uqa	تاہم قدامت پسند ہندو قومیت پسندوں نے سنگھ پریوار کی قیادت میں برملا صہیونیت کی حمایت کی، یونہی <ans> وینائیک دمودار سورکار اور سیتا رام گوئل </ans> و دیگر ہندو قومیت پسند دانشوروں نے بھی حمایت کی۔	برملا صیہونیت کی حمایت کرنے والے ہندو قوم پرست دانشور کون تھے؟	کون سے دو گروہوں نے براونیتیت کی حمایت کی؟	کون سے دو گروہوں نے گھونیتیت کی حمایت کی؟
wiki_uqa	<ans> عرب </ans> ریاستیں خاص طور پر صہیونیت کی مخالف ہیں ، جن کا ماننا ہے کہ صہیونیت ہی 1948ء کی فلسطینی بیدخلی کی ذمہ دا ر ہے۔	کون سی ریاستیں خاص طور پر صیہونیت کے مخالف ہیں؟	صہیونیتیت کس چیز کی مثال ہے؟	صہیونیت کے بارے میں کیا کہا جاتا ہے؟
wiki_uqa	عرب ریاستیں خاص طور پر صہیونیت کی مخالف ہیں ، جن کا ماننا ہے کہ صہیونیت ہی <ans> 1948ء کی فلسطینی بیدخلی </ans> کی ذمہ دا ر ہے۔	عرب ریاستوں کے مطابق صیہونیت کس چیز کی ذمہ دار ہے؟	عرب صہیونیت کس چیز کی ذمہ داعونیت ہے؟	عرب صہیونیت کس چیز کی ذمہ داری ہے؟
wiki_uqa	افریقی میثاق برائے انسانی اور قومی حقوق جس کی 2014ء تک <ans> 53 </ans> افریقی ممالک نے توثیق کی ، اس کے مقدمہ میں صہیونیت مع استعماریت ، استعمار نوازی ، متشدد خارجی فوجی چھونیاں ،نسلی امتیاز اور ہر قسم کے تفریق کے خاتمہ کا عہد شامل ہے ۔	2014 تک، انسانی اور قومی حقوق سے متعلق افریقی چارٹر، جس کی توثیق کتنے افریقی ممالک نے کی؟	افریقی ممالک کی افریقی تعداد کتنی تھی؟	افریقی ممالک میں کتنے افریقی ممالک ہیں؟
wiki_uqa	کاتھولک کلیسیا کا صہیونیت کے جواب میں اولین رد عمل <ans> سخت مخالفت </ans> میں تھا۔	کیتھولک چرچ کا صیہونیت پر پہلا ردعمل کیا تھا؟	اولین بزنسول کا نظریہ کس چیز میں تھا؟	اولین کاولتھ کس کیمیائی عمل میں تھا؟
wiki_uqa	<ans> 1897ء کے بازل اجتماع کے فورا ًبعد </ans> ، نیم باضابطہ کاتھولک جسے( یسوعی تصنیف کرتے ہیں ) جریدہ سویلیتا کاتھولکہ نے سیاسی صہیونیت پر مسیحی شرعی فتویٰ دیا : ’’الناصرة کے عیسی ٰ ؑ کی پیشنگونی کو پورا ہوئے 1827 برس مکمل ہوئے .	سیاسی صیہونیت پر عیسائیوں کا فتویٰ کب جاری ہوا؟	کس نے کُس کے بارے میں فطنیفہ صنیفیت کو فطلیف قرار دیا؟	کس نے یہ نظریہ پیش کیا؟
wiki_uqa	تاہم، 1903ء میں چھٹی صہیونی مجلس کے بعد اور وفات سے چھ ماہ قبل <ans> تھیوڈور ھرتزل </ans> جنوری 1904ء میں روم گیا ، تاکہ کسی قسم کی حمایت حاصل کرسکے ۔	اپنی موت سے چھ ماہ قبل صیہونیت کی حمایت کے لیے کون روم گیا تھا؟	سٹرہیونیلس کے بعد ڈنفیٰ مفطلس کے ساتھ ساتھ ، کون سا قابل ذکر صومالی مصنف بن گیا؟	کس قسم کے مدمقابل نے روم میں روم کی حمایت حاصل کی؟
wiki_uqa	22جنوری کو ، ھرتزل سب سے پہلے <ans> پاپائی وزیر خارجہ کارڈینل رافیل میری دی وال </ans> سے ملا۔	روم کے دورے کے دوران ھرتزل نے پہلی بار کس سے ملاقات کی؟	ررتل ستنداریوں میں سب سے پہلے کس نے لکھا؟	ررتل ستنداریوں میں سب سے پہلے کس نے لکھا؟
wiki_uqa	اس کے ذاتی روزنامچہ کی یاداشتوں کے مطابق ، کارڈینل کی تاریخِ اسرائیل کی تاویل وہی تھی جو کاتھولک چرچ کی تھی ، لیکن اس نے یہود کو <ans> کاتھولک عیسائی </ans> بننے کو کہا۔	کارڈینل رافیل میری ڈی وال نے یہودیوں کو کیا بننے کی دعوت دی؟	کارڈینل کی ماں نے کس کو کارڈینل کو بجاویل کے طور پر دیکھا؟	کارڈینل تھویل نے کس قسم کی عیسائیت کو فروغ دیا؟
wiki_uqa	ایلن پاپہ کی رائے میں صہیونیت کا نتیجہ <ans> نسلی تخلیص </ans> کی صورت میں ہوا۔	ایلن پوپ کے مطابق صیہونیت کا نتیجہ کیا نکلا؟	ایلن ہہیونیت کا خیال تھا کہ صہیونیت کا کیا مطلب ہے؟	ایلن ہہیونیت کا کیا مطلب ہے؟
wiki_uqa	یہ نظریہ دیگر نئے مورخین کے نظریے سے انحراف ہے جیسے <ans> بینی موریث </ans> ، جو فلسطینی بیدخلی کو قبول تو کرتا ہے مگر اس بیانیے کو جنگی سیاق و سباق میں رکھتا ہے نہ کہ نسلی تخلیص میں ۔	صیہونیت پر ایلن پوپ کا نظریہ کن دوسرے نئے مورخین سے الگ ہے؟	کون سا نظریہ اس بات پر یقین رکھتا ہے کہ اس کے نظریہ کو قبول کیا جا سکتا ہے؟	کون سا نظریہ اس بات پر یقین رکھتا ہے کہ تخلیٰ کو قبول کرتا ہے؟
wiki_uqa	ایلن پاپہ کی رائے میں صہیونیت کا نتیجہ <ans> نسلی تخلیص </ans> کی صورت میں ہوا۔	نسلی صفائی اور نسل کشی کے درمیان، بینی موریش کس چیز کو ترجیح دیتے ہیں؟	ایلن ہہیونیت کا خیال تھا کہ صہیونیت کا کیا مطلب ہے؟	ایلن ہہیونیت کا کیا مطلب ہے؟
wiki_uqa	<ans> 1938ء </ans> میں گاندھی نے صہیونیت کو مسترد کیا، ہندو اور مسلم ریاستوں کے درمیان تقسیم ہند اورفلسطین میں یہودی قومی وطن کےقیام کا موازنہ کرتے ہوئے انکا کہنا تھا کہ’’ یہ ایک مذہی امر ہے لہذا اسے طاقت کے بل بوتے پر نافذ نہیں ہونا چاہیے۔	گاندھی نے کب صیہونیت کو رد کیا؟	کس سال میں اکیتونیت کو مسترد کیا گیا تھا؟	کس سال یہودیوں نے اکیتونیتیت کو مسترد کیا؟
wiki_uqa	1938ء میں گاندھی نے صہیونیت کو مسترد کیا، ہندو اور مسلم ریاستوں کے درمیان <ans> تقسیم ہند </ans> اورفلسطین میں یہودی قومی وطن کےقیام کا موازنہ کرتے ہوئے انکا کہنا تھا کہ’’ یہ ایک مذہی امر ہے لہذا اسے طاقت کے بل بوتے پر نافذ نہیں ہونا چاہیے۔	گاندھی نے فلسطین میں یہودی وطن کے قیام کا کیا موازنہ کیا؟	کس نے کہا کہ یہ ایک حیتونیت کے ساتھ طاقت کے ساتھ نہیں ہے؟	سالونیت کے ساتھ ساتھ، کون سا دوسرا مذہب نے قالونیت کو مسترد کیا؟
wiki_uqa	وہ لکھتے ہیں کہ فلسطین <ans> عربوں </ans> کا ہے بالکل جیسے انگلستان انگریزوں کا ہےیا فرانس فرانسیسیوں کا ہے ۔	گاندھی کا ماننا تھا کہ جس طرح انگلستان انگریزوں کا ہے یا فرانس فرانسیسیوں کا ہے اسی طرح فلسطین کس کا ہے؟	برک نے کہا کہ برک فرانسیسی بادشاہت کا دعویٰ ہے کہ کس ملک کا مطلب ہے؟	برک نے کہا کہ برک فرانسیسی بادشاہت کا دعویٰ ہے کہ یہ کس چیز کا دعویٰ ہے؟
wiki_uqa	یقینا خوددار عربوں میں تخفیف کر کے فلسطین کو یہود کے لیے جزوی یا مکمل طور پر یہودی قومی وطن قرار دینا ، <ans> انسانیت </ans> کے خلاف جرم ہے۔	گاندھی کے مطابق آزاد عربوں کو کم کرکے فلسطین کو یہودیوں کا جزوی یا مکمل یہودی قومی وطن قرار دینا کس کے خلاف جرم ہے؟	یہ خیال کیا گیا تھا کہ یہ کس چیز کے خلاف ہے؟	تخفیف کے وجود کو کس چیز کے خلاف مزاحم ہے؟
wiki_uqa	علامہ اقبالؒ نے کہا ’’میں آپ لوگوں کو اس امر کا یقین دلاتا ہوں کہ <ans> عربوں </ans> کے ساتھ جو ناانصافی کی گئی ہے میں اس کو اسی شدت سے محسوس کرتا ہوں جس شدت سے ہر وہ شخص اسے محسوس کرتا ہے جسے مشرق قریب کے حالات کا تھوڑا بہت علم ہے۔	علامہ اقبال نے محسوس کیا کہ کس کے ساتھ ناانصافی ہوئی؟	قہہوم لوگوں کو کس نے کہا؟	قصہوم نے لوگوں کو کیا کہا؟
wiki_uqa	تیسرے یہ کہ آج مسئلہ فلسطین کے بارے میں <ans> ایشیا کے تمام آزاد اسلامی ممالک </ans> کی حمیت و غیرت کا امتحان ہے خواہ وہ ممالک عرب ہیں یا غیر عرب۔	آج مسئلہ فلسطین کس کی سالمیت اور غیرت کا امتحان ہے؟	کس قسم کی ممالک میں ایسی قوموں کو غیر قانونی قرار دیا گیا تھا؟	کیا خیال کیا جا سکتا ہے کہ نورفولک جزیرہ نما میں غیر قانونی ہے؟
wiki_uqa	منصب خلافت کی تنسیخ کے بعد عالم اسلام کے لیے یہ پہلا بین الاقوامی مسئلہ ہے جس کی نوعیت بیک وقت مذہبی اور <ans> سیاسی </ans> ہے اور جس سے نبرد آزما ہونے کے لیے زمانے کی طاقتیں اور تاریخ کے تقاضے آزاد اسلامی ممالک کو پکار رہے ہیں۔	فلسطین کا مسئلہ بیک وقت مذہبی ہے اور کیا ہے؟	تالم اسلام کے مطابق، تسید اسلامی روایات کے ساتھ ساتھ، کون سا مذہبی پہلو ایک دوسرے مذہبی نقطہ پر ہے؟	عالم اسلام کے ساتھ ساتھ، کون سا مذہب غالب ہے؟
wiki_uqa	تیسرے یہ کہ آج مسئلہ فلسطین کے بارے میں ایشیا کے تمام آزاد اسلامی ممالک کی <ans> حمیت و غیرت </ans> کا امتحان ہے خواہ وہ ممالک عرب ہیں یا غیر عرب۔	مسئلہ فلسطین ایشیا کے تمام آزاد اسلامی ممالک کے لیے کس چیز کا امتحان ہے؟	عرب دنیا کے تمام ممالک میں تمام ممالک میں تمام ممالک کے تمام ممالک میں کیا شامل ہے؟	عرب دنیا کے تمام ممالک میں تمام ممالک کے تمام ممالک میں کیا شامل ہے؟
wiki_uqa	15 اکتوبر 1937ء میں <ans> قائد اعظم محمد علی جناحؒ </ans> نے لکھنؤ میں آل انڈیا مسلم لیگ کے سالانہ اجلاس میں خطبہ صدارت پیش کرتے ہوئے کہا تھا: ’’اب میں مسئلہ فلسطین کے بارے میں کچھ کہنا چاہتا ہوں جس کا مسلمانانِ ہند پر گہرا اثر پڑا ہے۔	15 اکتوبر 1937 کو لکھنؤ میں آل انڈیا مسلم لیگ کے سالانہ اجلاس میں صدارتی خطاب کس نے کیا؟	کس نے کہا کہ وہ اب بھی ایسٹر کے بارے میں صدارت کے بارے میں خط لکھا تھا؟	15 اکتوبر 1937 میں آلو کے حقوق کے بارے میں کس نے خط لکھا؟
wiki_uqa	15 اکتوبر 1937ء میں قائد اعظم محمد علی جناحؒ نے <ans> لکھنؤ </ans> میں آل انڈیا مسلم لیگ کے سالانہ اجلاس میں خطبہ صدارت پیش کرتے ہوئے کہا تھا: ’’اب میں مسئلہ فلسطین کے بارے میں کچھ کہنا چاہتا ہوں جس کا مسلمانانِ ہند پر گہرا اثر پڑا ہے۔	1937 میں آل انڈیا مسلم لیگ کا سالانہ اجلاس کہاں ہوا؟	آلو نے کس سال آلو کے ساتھ پیش گوئی کی؟	آل حقدم کا کام کس نے پیش کیا؟
wiki_uqa	15 اکتوبر 1937ء میں قائد اعظم محمد علی جناحؒ نے لکھنؤ میں آل انڈیا مسلم لیگ کے سالانہ اجلاس میں خطبہ صدارت پیش کرتے ہوئے کہا تھا: ’’اب میں مسئلہ فلسطین کے بارے میں کچھ کہنا چاہتا ہوں جس کا <ans> مسلمانانِ ہند </ans> پر گہرا اثر پڑا ہے۔	جناح کے نزدیک مسئلہ فلسطین کا کس پر گہرا اثر ہوا؟	آلو کے مطابق، کون سا علاقہ نم میں مقیم ہے؟	عرب ناب میں کون سا ڈھانچہ تشکیل دیا گیا تھا؟
wiki_uqa	برطانیہ نے پہلی جنگ عظیم کے دوران عربوں سے کیے گئے اُس وعدے کو پورا نہیں کیا جس میں عربوں کو <ans> مکمل آزادی کی ضمانت </ans> دی گئی تھی۔	پہلی جنگ عظیم میں عربوں سے کیا وعدہ کیا گیا تھا؟	برطانیہ نے پہلی جنگ عظیم کے دوران کیا کیا؟	برطانیہ نے پہلی جنگ عظیم کے دوران کیا کیا؟
wiki_uqa	برطانیہ کی پالیسی شروع سے آخر تک <ans> عربوں کو دھوکا دینے </ans> کی رہی ہے۔	پہلی جنگ عظیم کے دوران عربوں کے حوالے سے برطانیہ کی پالیسی کیا تھی؟	برطانیہ کی پالیسی پالیسی سے پالیسی کی پالیسی کیا ہے؟	برطانیہ کی پالیسی کی پالیسی کیا ہے؟
wiki_uqa	1975ء میں اقوام متحدہ مجلس عمومی نے قرارداد 3379منظور کی ، جس نے صہیونیت کو <ans> نسل پرستی اور نسلی امتیاز کی ایک قسم </ans> قرار دیا۔	اقوام متحدہ کی جنرل اسمبلی نے قرارداد 3379 میں صیہونیت کو کیا قرار دیا؟	اقوام متحدہ نے اکوراونیت کو کیا کہا؟	اقوام متحدہ کی قرارداد نے صورونیت کو کیا قرار دیا؟
wiki_uqa	اس قرارداد نے <ans> فلسطینی مقبوضہ علاقوں ، زمبابوے اور جنوبی افریقہ </ans> کو نسل پرست حکومتوں کی مثال قرار دیا۔	قرارداد میں کن ممالک کو نسل پرستانہ حکومتوں کی مثالوں کے طور پر پیش کیا گیا؟	قرارداد نے کون سے علاقوں کو نسل کشی قرار دیا؟	کون سے علاقوں نے نسل پرست حکومتوں کو تسلیم کیا؟
wiki_uqa	<ans> امریکی ترجمان ڈینئل پیٹرک موئینیہن </ans> نے اس قرارداد پربھر پور تنقید کی اور اسے فحش اور اقوام متحدہ کو ایذا پہچانے والی قرارداد کہا۔	قرارداد 3379 پر کس نے کڑی تنقید کی؟	کس نے اس کی تصویر پر رشش اور اقوام متحدہ کو اقوام متحدہ میں بھیجا؟	کس نے بارر کو رفش اور اقوام متحدہ کو اقوام متحدہ میں بھیجا؟
wiki_uqa	<ans> 1991ء </ans> میں اسرائیل کے میڈرڈ کانفرنس میں شرکت نہ کرنے کی دھمکی کے بعداقوام متحدہ مجلس عمومی قرارداد46\86 کے ذریعے سے منسوخ کی گئی۔	اقوام متحدہ کی جنرل اسمبلی میں قرارداد 46/86 کب منظور ہوئی؟	اسرائیل کے اسرائیل کانفرنس میں کب داخل ہوئے؟	اسرائیل کے اسرائیل کانفرنس میں کب داخل ہوئے؟
wiki_uqa	وہ <ans> قومیت پرست صہیونی جماعتوں </ans> کے ساتھ الحاق کو ترجیح دیتی ہیں ، شائد اس لیے کہ یہ جماعتیں اسرائیلی ریاست کی یہودی جبلت کو بڑھاوا دینے میں زیادہ دلچسپی لیتی ہیں ۔	حریدی پارٹیاں عام طور پر اسرائیلی انتخابات میں خود کو کس کے ساتھ منسلک کرتی ہیں؟	کس قسم کے بدھ کو شدددد کی ضرورت ہے؟	کون یقین کرتا ہے کہ اسرائیلی ریاست کی یہودی برادری کو بڑھاواتی ہے؟
wiki_uqa	وہ قومیت پرست صہیونی جماعتوں کے ساتھ الحاق کو ترجیح دیتی ہیں ، شائد اس لیے کہ یہ جماعتیں اسرائیلی ریاست کی <ans> یہودی جبلت </ans> کو بڑھاوا دینے میں زیادہ دلچسپی لیتی ہیں ۔	قوم پرست صہیونی جماعتیں، اسرائیلی ریاست کے بارے میں کیا اضافہ کرنے میں زیادہ دلچسپی رکھتی ہیں؟	یہوواہ کے گواہ کس قسم کی تعلیم کو زیادہ پسند کرتے ہیں؟	کیا خیال کیا جاتا ہے کہ وہ کس قسم کی تعلیم میں زیادہ دلچسپی لیتی ہے؟
wiki_uqa	سفاردی راسخ العقیدہ جماعت شاس نے صہیونی تحریک کیساتھ الحاق کو مسترد کیا ، تاہم <ans> 2010ء </ans> میں یہ عالمی صہیونی تنظیم میں شامل ہوئی۔	سیفاردی آرتھوڈوکس پارٹی شاس عالمی صہیونی تنظیم میں کب شامل ہوئی؟	سہیونیدیس نے کس سال عالمی سہیز تنظیم میں شامل کیا؟	سہیونی نے کس سال عالمی سطح پر قبضہ کیا؟
wiki_uqa	شاس نے فلسطینی عربوں کے ساتھ علاقائی سمجھوتے کی تائید کی تاہم وہ <ans> اسرائیلی مقدس مقامات </ans> پر سمجھوتے کی مخالفت کرتی ہے۔	شاس کس چیز پر سمجھوتہ کی مخالفت کرتا ہے؟	سس نے کس قسم کی کشتی پر حملہ کیا؟	سس نے اسرائیل کے ساتھ کیا کیا؟
wiki_uqa	غیر حسیدی یا لتھوینیائی حریدی اشکنازی دنیا کی ترجمانی <ans> اشکنازی اگودت اسرائیل \ یو ٹی جے جماعت </ans> کرتی ہے۔	غیر حسیدی یا لتھوینیائی حریدی اشکنازی دنیا کی نمائندگی کس جماعت کے ذریعے کی جاتی ہے؟	غیر طتھی پورریگادائی دریگادائی کی تریدیی دنیا بھری کی ایک مثال کیا ہے؟	غیر طتھیائی بھوری پورریگادائی کی تریدیی دنیا کا کیا نتیجہ ہے؟
wiki_uqa	اس جماعت نے صہیونی تحریک سے <ans> الحاق سےہمیشہ گریز کیا ہے </ans> اور عام طور پر امن کے معملات پر رائے شماری اور بحث سے بھی کنارہ کرتی ہے کیونکہ اس کے ارکان فوج میں خدمت سر انجام نہیں دیتے۔	اشکنازی اگودت اسرائیل \ یو ٹی جے جماعت کا صیہونی تحریک میں شمولیت پر کیا موقف ہے؟	عہیونی تحریک کے بارے میں کیا خیال ہے کہ وہ عہیز تحریک سے متاثر کرتے ہیں؟	عہیونی تحریک سے کیا مراد ہے؟
wiki_uqa	یہ جماعت اسرائیل اور اسرائیلی قانون کو ہلاخاہ سے مطابقت رکھوانے کے لیے کام کرتی ہے،جیسے <ans> ہفتے کے دن کی چھٹی </ans> وغیرہ۔	اشکنازی اگودت اسرائیل \ یو ٹی جے جماعت اسرائیل اور اسرائیلی قانون کو حلخہ کے مطابق لانے کے لیے کام کرتی ہے، جیسے کے؟	اسرائیل کی طرف سے استعمال ہونے والی قانونی کارروائی کی حد کیا ہے؟	اسرائیل کی سپریم کورٹ کو کیا کہا جاتا ہے؟
wiki_uqa	خود ساختہ لتھوائی ربیائی قائدین (علما ) موجودہ اور پچھلی نسلوں میں ، جیسے <ans> ایلازار مناکھیم شاکھ اور ربی آویگدور میلر </ans> ، بشمول مذہبی اور سیکولر ہر قسم کی صہیونیت کے مخالف ہیں۔	صیہونیت کی مخالفت کرنے والے لیتھوینیا کے ربنیاتی رہنما کون ہیں؟	ہائیائی بدھ اور بھاائی کے ساتھ ساتھ، کون سی مذہبی سرگرمی نے مذہبی صائیائییت کے بارے میں ایک اہم خصوصیت فراہم کیا؟	ہائی بدھ مت میں مذہبی تصاویر کی ایک مثال کیا ہے؟
wiki_uqa	لیکن وہ اپنے مقلدین کو اسرائیلی سیاست اور چناؤ میں <ans> فعال و غیر فعال سیاسی شرکت </ans> کرنے کی اجازت دیتے ہیں۔	لتھوانیائی ربینیکل رہنما اپنے پیروکاروں کو کس چیز میں حصہ لینے کی اجازت دیتے ہیں؟	نناؤنننن نے اسرائیلین نناؤ میں کیا کرنے کی اجازت دی؟	ناصر نے اپنے نناؤ میں کیا تبدیل کرنے کی اجازت دی؟
wiki_uqa	نتورائے کارتہ ایک <ans> راسخ العقیدہ حریدی مذہبی تحریک </ans> ہے جو صہیونیت کی سخت مخالفت کرتی ہے اور اسرائیل کو نسل پرست جرم قرار دیتی ہے۔	نتورائے کارتہ کیا ہے؟	تتورتہتہتہتہ کس قسم کی تحریک ہے؟	نتورتہتہ کس قسم کی تحریک ہے؟
wiki_uqa	یہ تحریک صہیونیت کو <ans> نازیت </ans> کےمساوی قرار دیتی ہے،انکا ماننا ہے صہیونی نظریہ تورات کی تعلیمات کے برخلاف ہےاور خودصہیونیت ہی کو سام دشمنی میں بڑھاوے کی وجہ قرار دیتے ہیں۔	نتورائے کارتہ صیہونیت کو کس چیز سے تشبیہ دیتا ہے؟	تحریک یتہییتیت کس چیز کے لیے توجہ دی جاتی ہے؟	تحریک کس تحریک کے کنارے پر توجہ مرکوز کرتا ہے؟
wiki_uqa	نتورائے کارتہ ایک راسخ العقیدہ حریدی مذہبی تحریک ہے جو صہیونیت کی سخت مخالفت کرتی ہے اور اسرائیل کو <ans> نسل پرست جرم </ans> قرار دیتی ہے۔	نتورائے کارتہ اسرائیل کو کیا کہتے ہیں؟	تتد القہد تخطی تعدقہ کس قسم کی سزا کو نظرانداز کرتا ہے؟	نتد التدق التق القہد کو کیا کہا جاتا ہے؟
wiki_uqa	یہ تحریک صہیونیت کو نازیت کےمساوی قرار دیتی ہے،انکا ماننا ہے صہیونی نظریہ <ans> تورات </ans> کی تعلیمات کے برخلاف ہےاور خودصہیونیت ہی کو سام دشمنی میں بڑھاوے کی وجہ قرار دیتے ہیں۔	نتورائے کارتہ کا خیال ہے کہ صیہونی نظریہ کس مقدس کتاب کی تعلیمات کے خلاف ہے؟	کس تلاونیت کو برونیتیت میں برونیتیت کی وجہ سے برونیت کا سبب بنتا ہے؟	یتہییتیت کس چیز کی تعلیمات ہے؟
wiki_uqa	صہیون مخالفت کے کچھ نئے ناقدین کی رائے میں صہیونیت کی مخالفت اور <ans> سام دشمنی </ans> میں فرق کرنا اب مشکل ہوتا جارہا ہے،اور اسرائیل پر تنقید کو عذر بنا کر وہ نقاط نظر پیش کیے جاتے ہیں جو بصورت دیگر سام دشمنی گردانے جاتے ہیں۔	صیہونیت مخالف بعض نئے ناقدین کے مطابق صیہونیت مخالف اور کونسی دوسری چیز میں فرق کرنا مشکل ہوتا جا رہا ہے؟	صہیونیت کے ساتھ نئے معیار کے ساتھ کیا ہوا؟	صہیونیت کی مخالفت کرنے کے لئے کون سا طریقہ استعمال کیا جاتا ہے؟
wiki_uqa	دیگر دانشوروں کا خیال ہے کہ کچھ اقسام کی <ans> صہیون مخالفت سام دشمنی کو ہوا دیتی ہے </ans> ۔	صیہونیت مخالف کی کچھ شکلوں کے بارے میں کچھ علماء کا کیا خیال ہے؟	کچھ ایسی چیز کیا ہے؟	کچھ ایسی چیز کا خیال ہے کہ کچھ اقسام کیا ہیں؟
wiki_uqa	صہیون مخالفت کے کچھ نئے ناقدین کی رائے میں <ans> صہیونی </ans> ت کی مخالفت اورسام دشمنی میں فرق کرنا اب مشکل ہوتا جارہا ہے،اور اسرائیل پر تنقید کو عذر بنا کر وہ نقاط نظر پیش کیے جاتے ہیں جو بصورت دیگر سام دشمنی گردانے جاتے ہیں۔	عرب دنیا میں کون سی اصطلاح کو لفظ یہودی کے ساتھ بدل کر استعمال کیا جاتا ہے؟	صہیون کے مطابق نئے تصون کے ساتھ کیا ہوتا ہے؟	صہیون کا کہنا ہے کہ صہیون کس قسم کی تقاطا ہے؟
wiki_uqa	<ans> سام دشمنی کے الزامات سے بچنےکے لیے </ans> ، تنظیم آزادی فلسطین نے تاریخی طور پر لفظ صہیونی کی جگہ لفظ یہودی کے استعمال سے گریز کیا ہے، اگرچہ اس تنظیم کے حکام کبھی کبھی پھسل بھی گئے ہیں ۔	فلسطین لبریشن آرگنائزیشن نے تاریخی طور پر لفظ یہودی کی جگہ صیہونی لفظ استعمال کرنے سے گریز کیوں کیا؟	تنظیم کا اصل نام کیا ہے؟	تنظیم کا اصل نام کیا ہے؟
wiki_uqa	کچھ سام مخالفین نے الزام لگاتےہیں کہ صہیونیت <ans> دنیا پر قابو پا لینے کی یہودی سازش کا حصہ ہے </ans> ۔	کچھ یہود مخالف صیہونیت کے بارے میں کیا الزام لگاتے ہیں؟	کچھمم نے کہا کہ صہیونیت کس چیز کا حصہ ہے؟	سامم نے کہا کہ صہیونیت کس چیز کا حصہ ہے؟
wiki_uqa	اس رودادی دستاویز کی ابتدا کا تجزیہ اور تصدیق <ans> 1921ء </ans> ہی سے شروع ہوچکا تھا۔	قواعد بزرگان صہیون کی اصلیت کا تجزیہ اور تصدیق کب شروع ہوئی؟	ہیدیندی وان نیومن نے کس ہی ہی ہی ہی میں ہیٹنگ کا آغاز کیا؟	ہیجیدین کے تعارف کا تجزیہ کس ہی سے شروع ہوا؟
wiki_uqa	یہ قواعد <ans> نازی جرمن فوج </ans> اور عرب دنیا میں تشہیر کے لیے وسعت کیساتھ استعمال کیے جاتے رہے ہیں ۔	عرب دنیا سے باہر، قواعد بزرگان صہیون کو پروپیگنڈے کے لیے کس نے استعمال کیا؟	کون سی فوج نے عرب دنیا میں وسعت کی تصویر کشی کی؟	کون سی فوج نے عرب دنیا میں وسعت کی تصویر کشی کی؟
wiki_uqa	ان قواعد کا حوالہ <ans> 1988ءکے حماس </ans> کے منشور میں بھی دیا گیا ہے۔	قواعد بزرگان صہیون کس دستاویز میں مذکور ہیں؟	ان قواعد و ضوابط کے قواعد و ضوابط کے نام سے کیا جانا جاتا ہے؟	ان کے قواعد و ضوابط کا نام کیا ہے؟
wiki_uqa	کوئی بھی مغالطے میں نہ رہے یہ نیا بایاں بازو <ans> نئی سام شمنی </ans> کا مصنف اور جد امجد ہے۔	نیا بایاں بازو کس چیز کا مصنف اور بانی ہے؟	مٹاالجے کس قسم کا مصنف ہے؟	مٹا مطالے کس قسم کا مصنف ہے؟
wiki_uqa	کافی عرصہ سے کوشش کی جارہی ہے کہ سام دشمنی اور صہیون مخالفت کو تسلیم کیا جائے تاکہ نسلی امتیازیت مخالف جذبات کا استحصال کیا جاسکے، غیر <ans> یہود </ans> ی دنیا سے مکالمہ کا یہ ایک مرکزی نقطہ رہتا ہے کہ سام دشمنی اور صہیون مخالفت کے درمیان کوئی فرق نہیں ۔	تاریخی سام دشمنی میں تمام انسانوں کے لیے مساوی حقوق تھے سوائے کس گروہ کے؟	کیا صہیون اور صہیون کے درمیان کوئی فرق ہے؟	کیا صہیون اور صہیون کے درمیان کوئی فرق ہے؟
wiki_uqa	{{اقتباس|اس موضوع پر سب سے مستند حوالہ <ans> اباایبان </ans> تھا ، اس نے امریکی یہودی برادری کو مشورہ دیا کہ انہوں نے دو کام کرنے ہیں ،اول یہ کہ صہیون مخالفت در اصل ریاست اسرائیل کی سیاست (پالیسی) پر تنقید ہے۔	اس موضوع پر سب سے مستند حوالہ کون ہے؟	کون سا مذہبی امریکی ساسااسساسساسساسساسس پر تنقید کرتا ہے؟	ساساقاسساسساسساسساسساسساسس پر سب سے زیادہ حوالہ دینے کے لئے کون سا اصطلاح استعمال کیا گیا تھا؟
wiki_uqa	<ans> سٹون </ans> اور میں (نؤام چومسکی)۔	نؤام چومسکی کو چھوڑ کر ابا ایبان نے خود سے نفرت کرنے والے ذہنی مریضوں کی مثال کے طور پر کس کا حوالہ دیا؟	چوپینم کے ساتھ ساتھ، کون سا دوسرا ملک بھی یونانی اور نصنم کے ساتھ منسلک ہے؟	چوپینم کے ساتھ ساتھ، کون سا دوسرا موسیقار خدا کے ساتھ منسلک ہے؟
wiki_uqa	{{اقتباس|اس موضوع پر سب سے مستند حوالہ اباایبان تھا ، اس نے امریکی یہودی برادری کو مشورہ دیا کہ انہوں نے دو کام کرنے ہیں ،اول یہ کہ صہیون مخالفت در اصل ریاست اسرائیل کی <ans> سیاست (پالیسی) پر تنقید ہے </ans> ۔	صیہونیت مخالف دراصل کس چیز پر تنقید ہے؟	سہیایا کی بنیاد کیا تھی؟	صہیا نے اسرائیل کے بارے میں کیا محسوس کیا؟
wiki_uqa	{{اقتباس|اس موضوع پر سب سے مستند حوالہ اباایبان تھا ، اس نے امریکی یہودی برادری کو مشورہ دیا کہ انہوں نے <ans> دو </ans> کام کرنے ہیں ،اول یہ کہ صہیون مخالفت در اصل ریاست اسرائیل کی سیاست (پالیسی) پر تنقید ہے۔	اباایبان نے امریکی یہودی کمیونٹی کو کتنے کام کرنے کی نصیحت کی؟	امریکی کمیونٹی کے دوران کتنے یہودی کام موجود تھے؟	امریکی کمیونٹی میں کتنے یہودی کام موجود تھے؟
